fullpath,name,ext,bytes,lastwrite,matched
"D:\桌面\~$sORF.docx","~$sORF.docx",".docx",162,"2025-11-20 17:05","sorf"
"D:\桌面\AMP_Docking_Vina_R255_20261005_1522\manifest.json","manifest.json",".json",1756,"2026-10-05 15:22","amp|dock|vina"
"D:\桌面\AMP_Docking_Vina_R255_20261005_1522\REPORT.md","REPORT.md",".md",2641,"2026-10-05 15:22","amp|dock|vina"
"D:\桌面\AMP_Docking_Vina_R255_20261005_1522\poses\ecoli_FtsZ_6UNX\P1_FVNKLNRIIPVKGFSMR\ecoli_FtsZ_6UNX__P1_FVNKLNRIIPVKGFSMR__rep1_vina.log","ecoli_FtsZ_6UNX__P1_FVNKLNRIIPVKGFSMR__rep1_vina.log",".log",1629,"2026-10-05 15:11","amp|dock|vina|ftsz"
"D:\桌面\AMP_Docking_Vina_R255_20261005_1522\poses\ecoli_FtsZ_6UNX\P2_LISNTKKFGTAIASHR\ecoli_FtsZ_6UNX__P2_LISNTKKFGTAIASHR__rep1_vina.log","ecoli_FtsZ_6UNX__P2_LISNTKKFGTAIASHR__rep1_vina.log",".log",1628,"2026-10-05 15:12","amp|dock|vina|ftsz"
"D:\桌面\AMP_Docking_Vina_R255_20261005_1522\poses\ecoli_FtsZ_6UNX\P3_ISLAIPLASKISGFTLALVKNAST\ecoli_FtsZ_6UNX__P3_ISLAIPLASKISGFTLALVKNAST__rep1_vina.log","ecoli_FtsZ_6UNX__P3_ISLAIPLASKISGFTLALVKNAST__rep1_vina.log",".log",1636,"2026-10-05 15:16","amp|dock|vina|ftsz"
"D:\桌面\AMP_Docking_Vina_R255_20261005_1522\poses\ecoli_GyrB_4DUH\P1_FVNKLNRIIPVKGFSMR\ecoli_GyrB_4DUH__P1_FVNKLNRIIPVKGFSMR__rep1_vina.log","ecoli_GyrB_4DUH__P1_FVNKLNRIIPVKGFSMR__rep1_vina.log",".log",1629,"2026-10-05 15:17","amp|dock|vina|gyrb"
"D:\桌面\AMP_Docking_Vina_R255_20261005_1522\poses\ecoli_GyrB_4DUH\P2_LISNTKKFGTAIASHR\ecoli_GyrB_4DUH__P2_LISNTKKFGTAIASHR__rep1_vina.log","ecoli_GyrB_4DUH__P2_LISNTKKFGTAIASHR__rep1_vina.log",".log",1628,"2026-10-05 15:18","amp|dock|vina|gyrb"
"D:\桌面\AMP_Docking_Vina_R255_20261005_1522\poses\ecoli_GyrB_4DUH\P3_ISLAIPLASKISGFTLALVKNAST\ecoli_GyrB_4DUH__P3_ISLAIPLASKISGFTLALVKNAST__rep1_vina.log","ecoli_GyrB_4DUH__P3_ISLAIPLASKISGFTLALVKNAST__rep1_vina.log",".log",1636,"2026-10-05 15:19","amp|dock|vina|gyrb"
"D:\桌面\AMP_Docking_Vina_R255_20261005_1522\poses\saureus_FtsZ_5MN4\P1_FVNKLNRIIPVKGFSMR\saureus_FtsZ_5MN4__P1_FVNKLNRIIPVKGFSMR__rep1_vina.log","saureus_FtsZ_5MN4__P1_FVNKLNRIIPVKGFSMR__rep1_vina.log",".log",1633,"2026-10-05 15:19","amp|dock|vina|ftsz"
"D:\桌面\AMP_Docking_Vina_R255_20261005_1522\poses\saureus_FtsZ_5MN4\P2_LISNTKKFGTAIASHR\saureus_FtsZ_5MN4__P2_LISNTKKFGTAIASHR__rep1_vina.log","saureus_FtsZ_5MN4__P2_LISNTKKFGTAIASHR__rep1_vina.log",".log",1632,"2026-10-05 15:20","amp|dock|vina|ftsz"
"D:\桌面\AMP_Docking_Vina_R255_20261005_1522\poses\saureus_FtsZ_5MN4\P3_ISLAIPLASKISGFTLALVKNAST\saureus_FtsZ_5MN4__P3_ISLAIPLASKISGFTLALVKNAST__rep1_vina.log","saureus_FtsZ_5MN4__P3_ISLAIPLASKISGFTLALVKNAST__rep1_vina.log",".log",1640,"2026-10-05 15:20","amp|dock|vina|ftsz"
"D:\桌面\AMP_Docking_Vina_R255_20261005_1522\poses\saureus_SrtA_1T2W\P1_FVNKLNRIIPVKGFSMR\saureus_SrtA_1T2W__P1_FVNKLNRIIPVKGFSMR__rep1_vina.log","saureus_SrtA_1T2W__P1_FVNKLNRIIPVKGFSMR__rep1_vina.log",".log",1634,"2026-10-05 15:21","amp|dock|vina"
"D:\桌面\AMP_Docking_Vina_R255_20261005_1522\poses\saureus_SrtA_1T2W\P2_LISNTKKFGTAIASHR\saureus_SrtA_1T2W__P2_LISNTKKFGTAIASHR__rep1_vina.log","saureus_SrtA_1T2W__P2_LISNTKKFGTAIASHR__rep1_vina.log",".log",1633,"2026-10-05 15:22","amp|dock|vina"
"D:\桌面\AMP_Docking_Vina_R255_20261005_1522\poses\saureus_SrtA_1T2W\P3_ISLAIPLASKISGFTLALVKNAST\saureus_SrtA_1T2W__P3_ISLAIPLASKISGFTLALVKNAST__rep1_vina.log","saureus_SrtA_1T2W__P3_ISLAIPLASKISGFTLALVKNAST__rep1_vina.log",".log",1641,"2026-10-05 15:22","amp|dock|vina"
"D:\桌面\AMP_Docking_Vina_R255_20261005_1522\tables\vina_repeats.csv","vina_repeats.csv",".csv",11089,"2026-10-05 15:22","amp|dock|vina"
"D:\桌面\AMP_Docking_Vina_R255_20261005_1552\AMP_Docking_Report_SciFigures_manifest.json","AMP_Docking_Report_SciFigures_manifest.json",".json",1003,"2026-10-05 17:49","amp|dock|vina"
"D:\桌面\AMP_Docking_Vina_R255_20261005_1552\AMP_Docking_Targets_Methods_Results.docx","AMP_Docking_Targets_Methods_Results.docx",".docx",6939691,"2026-10-05 17:49","amp|dock|vina|method"
"D:\桌面\AMP_Docking_Vina_R255_20261005_1552\AMP_Docking_Targets_Methods_Results.md","AMP_Docking_Targets_Methods_Results.md",".md",12580,"2026-10-05 17:49","amp|dock|vina|method"
"D:\桌面\AMP_Docking_Vina_R255_20261005_1552\manifest.json","manifest.json",".json",16824,"2026-10-05 15:52","amp|dock|vina"
"D:\桌面\AMP_Docking_Vina_R255_20261005_1552\REPORT.md","REPORT.md",".md",6476,"2026-10-05 15:52","amp|dock|vina"
"D:\桌面\AMP_Docking_Vina_R255_20261005_1552\complexes_best_vina\all_contacts_4A.csv","all_contacts_4A.csv",".csv",12132,"2026-10-05 17:49","amp|dock|vina"
"D:\桌面\AMP_Docking_Vina_R255_20261005_1552\complexes_best_vina\all_panel_render_records.csv","all_panel_render_records.csv",".csv",11497,"2026-10-05 17:49","amp|dock|vina"
"D:\桌面\AMP_Docking_Vina_R255_20261005_1552\complexes_best_vina\contacts_4A\A_ecoli_FtsZ_6UNX__P1_FVNKLNRIIPVKGFSMR_contacts_4A.csv","A_ecoli_FtsZ_6UNX__P1_FVNKLNRIIPVKGFSMR_contacts_4A.csv",".csv",954,"2026-10-05 17:45","amp|dock|vina|ftsz"
"D:\桌面\AMP_Docking_Vina_R255_20261005_1552\complexes_best_vina\contacts_4A\B_ecoli_FtsZ_6UNX__P2_LISNTKKFGTAIASHR_contacts_4A.csv","B_ecoli_FtsZ_6UNX__P2_LISNTKKFGTAIASHR_contacts_4A.csv",".csv",708,"2026-10-05 17:45","amp|dock|vina|ftsz"
"D:\桌面\AMP_Docking_Vina_R255_20261005_1552\complexes_best_vina\contacts_4A\C_ecoli_FtsZ_6UNX__P3_ISLAIPLASKISGFTLALVKNAST_contacts_4A.csv","C_ecoli_FtsZ_6UNX__P3_ISLAIPLASKISGFTLALVKNAST_contacts_4A.csv",".csv",1118,"2026-10-05 17:46","amp|dock|vina|ftsz"
"D:\桌面\AMP_Docking_Vina_R255_20261005_1552\complexes_best_vina\contacts_4A\D_ecoli_GyrB_4DUH__P1_FVNKLNRIIPVKGFSMR_contacts_4A.csv","D_ecoli_GyrB_4DUH__P1_FVNKLNRIIPVKGFSMR_contacts_4A.csv",".csv",719,"2026-10-05 17:46","amp|dock|vina|gyrb"
"D:\桌面\AMP_Docking_Vina_R255_20261005_1552\complexes_best_vina\contacts_4A\E_ecoli_GyrB_4DUH__P2_LISNTKKFGTAIASHR_contacts_4A.csv","E_ecoli_GyrB_4DUH__P2_LISNTKKFGTAIASHR_contacts_4A.csv",".csv",709,"2026-10-05 17:46","amp|dock|vina|gyrb"
"D:\桌面\AMP_Docking_Vina_R255_20261005_1552\complexes_best_vina\contacts_4A\F_ecoli_GyrB_4DUH__P3_ISLAIPLASKISGFTLALVKNAST_contacts_4A.csv","F_ecoli_GyrB_4DUH__P3_ISLAIPLASKISGFTLALVKNAST_contacts_4A.csv",".csv",925,"2026-10-05 17:47","amp|dock|vina|gyrb"
"D:\桌面\AMP_Docking_Vina_R255_20261005_1552\complexes_best_vina\contacts_4A\G_saureus_FtsZ_5MN4__P1_FVNKLNRIIPVKGFSMR_contacts_4A.csv","G_saureus_FtsZ_5MN4__P1_FVNKLNRIIPVKGFSMR_contacts_4A.csv",".csv",684,"2026-10-05 17:47","amp|dock|vina|ftsz"
"D:\桌面\AMP_Docking_Vina_R255_20261005_1552\complexes_best_vina\contacts_4A\H_saureus_FtsZ_5MN4__P2_LISNTKKFGTAIASHR_contacts_4A.csv","H_saureus_FtsZ_5MN4__P2_LISNTKKFGTAIASHR_contacts_4A.csv",".csv",904,"2026-10-05 17:47","amp|dock|vina|ftsz"
"D:\桌面\AMP_Docking_Vina_R255_20261005_1552\complexes_best_vina\contacts_4A\I_saureus_FtsZ_5MN4__P3_ISLAIPLASKISGFTLALVKNAST_contacts_4A.csv","I_saureus_FtsZ_5MN4__P3_ISLAIPLASKISGFTLALVKNAST_contacts_4A.csv",".csv",1429,"2026-10-05 17:47","amp|dock|vina|ftsz"
"D:\桌面\AMP_Docking_Vina_R255_20261005_1552\complexes_best_vina\contacts_4A\J_saureus_SrtA_1T2W__P1_FVNKLNRIIPVKGFSMR_contacts_4A.csv","J_saureus_SrtA_1T2W__P1_FVNKLNRIIPVKGFSMR_contacts_4A.csv",".csv",1657,"2026-10-05 17:48","amp|dock|vina"
"D:\桌面\AMP_Docking_Vina_R255_20261005_1552\complexes_best_vina\contacts_4A\K_saureus_SrtA_1T2W__P2_LISNTKKFGTAIASHR_contacts_4A.csv","K_saureus_SrtA_1T2W__P2_LISNTKKFGTAIASHR_contacts_4A.csv",".csv",1082,"2026-10-05 17:48","amp|dock|vina"
"D:\桌面\AMP_Docking_Vina_R255_20261005_1552\complexes_best_vina\contacts_4A\L_saureus_SrtA_1T2W__P3_ISLAIPLASKISGFTLALVKNAST_contacts_4A.csv","L_saureus_SrtA_1T2W__P3_ISLAIPLASKISGFTLALVKNAST_contacts_4A.csv",".csv",2090,"2026-10-05 17:49","amp|dock|vina"
"D:\桌面\AMP_Docking_Vina_R255_20261005_1552\complexes_best_vina\pymol_scripts\A_ecoli_FtsZ_6UNX__P1_FVNKLNRIIPVKGFSMR_pymol.log","A_ecoli_FtsZ_6UNX__P1_FVNKLNRIIPVKGFSMR_pymol.log",".log",1803,"2026-10-05 17:45","amp|dock|vina|ftsz"
"D:\桌面\AMP_Docking_Vina_R255_20261005_1552\complexes_best_vina\pymol_scripts\A_ecoli_FtsZ_6UNX__P1_FVNKLNRIIPVKGFSMR_render.pml","A_ecoli_FtsZ_6UNX__P1_FVNKLNRIIPVKGFSMR_render.pml",".pml",2188,"2026-10-05 17:45","amp|dock|vina|ftsz"
"D:\桌面\AMP_Docking_Vina_R255_20261005_1552\complexes_best_vina\pymol_scripts\B_ecoli_FtsZ_6UNX__P2_LISNTKKFGTAIASHR_pymol.log","B_ecoli_FtsZ_6UNX__P2_LISNTKKFGTAIASHR_pymol.log",".log",1801,"2026-10-05 17:46","amp|dock|vina|ftsz"
"D:\桌面\AMP_Docking_Vina_R255_20261005_1552\complexes_best_vina\pymol_scripts\B_ecoli_FtsZ_6UNX__P2_LISNTKKFGTAIASHR_render.pml","B_ecoli_FtsZ_6UNX__P2_LISNTKKFGTAIASHR_render.pml",".pml",2155,"2026-10-05 17:45","amp|dock|vina|ftsz"
"D:\桌面\AMP_Docking_Vina_R255_20261005_1552\complexes_best_vina\pymol_scripts\C_ecoli_FtsZ_6UNX__P3_ISLAIPLASKISGFTLALVKNAST_pymol.log","C_ecoli_FtsZ_6UNX__P3_ISLAIPLASKISGFTLALVKNAST_pymol.log",".log",1820,"2026-10-05 17:46","amp|dock|vina|ftsz"
"D:\桌面\AMP_Docking_Vina_R255_20261005_1552\complexes_best_vina\pymol_scripts\C_ecoli_FtsZ_6UNX__P3_ISLAIPLASKISGFTLALVKNAST_render.pml","C_ecoli_FtsZ_6UNX__P3_ISLAIPLASKISGFTLALVKNAST_render.pml",".pml",2214,"2026-10-05 17:46","amp|dock|vina|ftsz"
"D:\桌面\AMP_Docking_Vina_R255_20261005_1552\complexes_best_vina\pymol_scripts\D_ecoli_GyrB_4DUH__P1_FVNKLNRIIPVKGFSMR_pymol.log","D_ecoli_GyrB_4DUH__P1_FVNKLNRIIPVKGFSMR_pymol.log",".log",1803,"2026-10-05 17:46","amp|dock|vina|gyrb"
"D:\桌面\AMP_Docking_Vina_R255_20261005_1552\complexes_best_vina\pymol_scripts\D_ecoli_GyrB_4DUH__P1_FVNKLNRIIPVKGFSMR_render.pml","D_ecoli_GyrB_4DUH__P1_FVNKLNRIIPVKGFSMR_render.pml",".pml",2159,"2026-10-05 17:46","amp|dock|vina|gyrb"
"D:\桌面\AMP_Docking_Vina_R255_20261005_1552\complexes_best_vina\pymol_scripts\E_ecoli_GyrB_4DUH__P2_LISNTKKFGTAIASHR_pymol.log","E_ecoli_GyrB_4DUH__P2_LISNTKKFGTAIASHR_pymol.log",".log",1801,"2026-10-05 17:47","amp|dock|vina|gyrb"
"D:\桌面\AMP_Docking_Vina_R255_20261005_1552\complexes_best_vina\pymol_scripts\E_ecoli_GyrB_4DUH__P2_LISNTKKFGTAIASHR_render.pml","E_ecoli_GyrB_4DUH__P2_LISNTKKFGTAIASHR_render.pml",".pml",2156,"2026-10-05 17:46","amp|dock|vina|gyrb"
"D:\桌面\AMP_Docking_Vina_R255_20261005_1552\complexes_best_vina\pymol_scripts\F_ecoli_GyrB_4DUH__P3_ISLAIPLASKISGFTLALVKNAST_pymol.log","F_ecoli_GyrB_4DUH__P3_ISLAIPLASKISGFTLALVKNAST_pymol.log",".log",1820,"2026-10-05 17:47","amp|dock|vina|gyrb"
"D:\桌面\AMP_Docking_Vina_R255_20261005_1552\complexes_best_vina\pymol_scripts\F_ecoli_GyrB_4DUH__P3_ISLAIPLASKISGFTLALVKNAST_render.pml","F_ecoli_GyrB_4DUH__P3_ISLAIPLASKISGFTLALVKNAST_render.pml",".pml",2212,"2026-10-05 17:47","amp|dock|vina|gyrb"
"D:\桌面\AMP_Docking_Vina_R255_20261005_1552\complexes_best_vina\pymol_scripts\G_saureus_FtsZ_5MN4__P1_FVNKLNRIIPVKGFSMR_pymol.log","G_saureus_FtsZ_5MN4__P1_FVNKLNRIIPVKGFSMR_pymol.log",".log",1807,"2026-10-05 17:47","amp|dock|vina|ftsz"
"D:\桌面\AMP_Docking_Vina_R255_20261005_1552\complexes_best_vina\pymol_scripts\G_saureus_FtsZ_5MN4__P1_FVNKLNRIIPVKGFSMR_render.pml","G_saureus_FtsZ_5MN4__P1_FVNKLNRIIPVKGFSMR_render.pml",".pml",2145,"2026-10-05 17:47","amp|dock|vina|ftsz"
"D:\桌面\AMP_Docking_Vina_R255_20261005_1552\complexes_best_vina\pymol_scripts\H_saureus_FtsZ_5MN4__P2_LISNTKKFGTAIASHR_pymol.log","H_saureus_FtsZ_5MN4__P2_LISNTKKFGTAIASHR_pymol.log",".log",1805,"2026-10-05 17:47","amp|dock|vina|ftsz"
"D:\桌面\AMP_Docking_Vina_R255_20261005_1552\complexes_best_vina\pymol_scripts\H_saureus_FtsZ_5MN4__P2_LISNTKKFGTAIASHR_render.pml","H_saureus_FtsZ_5MN4__P2_LISNTKKFGTAIASHR_render.pml",".pml",2187,"2026-10-05 17:47","amp|dock|vina|ftsz"
"D:\桌面\AMP_Docking_Vina_R255_20261005_1552\complexes_best_vina\pymol_scripts\I_saureus_FtsZ_5MN4__P3_ISLAIPLASKISGFTLALVKNAST_pymol.log","I_saureus_FtsZ_5MN4__P3_ISLAIPLASKISGFTLALVKNAST_pymol.log",".log",1824,"2026-10-05 17:48","amp|dock|vina|ftsz"
"D:\桌面\AMP_Docking_Vina_R255_20261005_1552\complexes_best_vina\pymol_scripts\I_saureus_FtsZ_5MN4__P3_ISLAIPLASKISGFTLALVKNAST_render.pml","I_saureus_FtsZ_5MN4__P3_ISLAIPLASKISGFTLALVKNAST_render.pml",".pml",2222,"2026-10-05 17:47","amp|dock|vina|ftsz"
"D:\桌面\AMP_Docking_Vina_R255_20261005_1552\complexes_best_vina\pymol_scripts\J_saureus_SrtA_1T2W__P1_FVNKLNRIIPVKGFSMR_pymol.log","J_saureus_SrtA_1T2W__P1_FVNKLNRIIPVKGFSMR_pymol.log",".log",1811,"2026-10-05 17:48","amp|dock|vina"
"D:\桌面\AMP_Docking_Vina_R255_20261005_1552\complexes_best_vina\pymol_scripts\J_saureus_SrtA_1T2W__P1_FVNKLNRIIPVKGFSMR_render.pml","J_saureus_SrtA_1T2W__P1_FVNKLNRIIPVKGFSMR_render.pml",".pml",2197,"2026-10-05 17:48","amp|dock|vina"
"D:\桌面\AMP_Docking_Vina_R255_20261005_1552\complexes_best_vina\pymol_scripts\K_saureus_SrtA_1T2W__P2_LISNTKKFGTAIASHR_pymol.log","K_saureus_SrtA_1T2W__P2_LISNTKKFGTAIASHR_pymol.log",".log",1808,"2026-10-05 17:49","amp|dock|vina"
"D:\桌面\AMP_Docking_Vina_R255_20261005_1552\complexes_best_vina\pymol_scripts\K_saureus_SrtA_1T2W__P2_LISNTKKFGTAIASHR_render.pml","K_saureus_SrtA_1T2W__P2_LISNTKKFGTAIASHR_render.pml",".pml",2190,"2026-10-05 17:48","amp|dock|vina"
"D:\桌面\AMP_Docking_Vina_R255_20261005_1552\complexes_best_vina\pymol_scripts\L_saureus_SrtA_1T2W__P3_ISLAIPLASKISGFTLALVKNAST_pymol.log","L_saureus_SrtA_1T2W__P3_ISLAIPLASKISGFTLALVKNAST_pymol.log",".log",1824,"2026-10-05 17:49","amp|dock|vina"
"D:\桌面\AMP_Docking_Vina_R255_20261005_1552\complexes_best_vina\pymol_scripts\L_saureus_SrtA_1T2W__P3_ISLAIPLASKISGFTLALVKNAST_render.pml","L_saureus_SrtA_1T2W__P3_ISLAIPLASKISGFTLALVKNAST_render.pml",".pml",2221,"2026-10-05 17:49","amp|dock|vina"
"D:\桌面\AMP_Docking_Vina_R255_20261005_1552\contacts\ecoli_GyrB_4DUH__P1_FVNKLNRIIPVKGFSMR_contacts_4A.csv","ecoli_GyrB_4DUH__P1_FVNKLNRIIPVKGFSMR_contacts_4A.csv",".csv",412,"2026-10-05 15:52","amp|dock|vina|gyrb"
"D:\桌面\AMP_Docking_Vina_R255_20261005_1552\contacts\ecoli_GyrB_4DUH__P2_LISNTKKFGTAIASHR_contacts_4A.csv","ecoli_GyrB_4DUH__P2_LISNTKKFGTAIASHR_contacts_4A.csv",".csv",393,"2026-10-05 15:52","amp|dock|vina|gyrb"
"D:\桌面\AMP_Docking_Vina_R255_20261005_1552\contacts\ecoli_GyrB_4DUH__P3_ISLAIPLASKISGFTLALVKNAST_contacts_4A.csv","ecoli_GyrB_4DUH__P3_ISLAIPLASKISGFTLALVKNAST_contacts_4A.csv",".csv",337,"2026-10-05 15:52","amp|dock|vina|gyrb"
"D:\桌面\AMP_Docking_Vina_R255_20261005_1552\contacts\saureus_FtsZ_5MN4__P1_FVNKLNRIIPVKGFSMR_contacts_4A.csv","saureus_FtsZ_5MN4__P1_FVNKLNRIIPVKGFSMR_contacts_4A.csv",".csv",265,"2026-10-05 15:52","amp|dock|vina|ftsz"
"D:\桌面\AMP_Docking_Vina_R255_20261005_1552\contacts\saureus_FtsZ_5MN4__P2_LISNTKKFGTAIASHR_contacts_4A.csv","saureus_FtsZ_5MN4__P2_LISNTKKFGTAIASHR_contacts_4A.csv",".csv",437,"2026-10-05 15:52","amp|dock|vina|ftsz"
"D:\桌面\AMP_Docking_Vina_R255_20261005_1552\contacts\saureus_FtsZ_5MN4__P3_ISLAIPLASKISGFTLALVKNAST_contacts_4A.csv","saureus_FtsZ_5MN4__P3_ISLAIPLASKISGFTLALVKNAST_contacts_4A.csv",".csv",440,"2026-10-05 15:52","amp|dock|vina|ftsz"
"D:\桌面\AMP_Docking_Vina_R255_20261005_1552\poses\ecoli_FtsZ_6UNX\P1_FVNKLNRIIPVKGFSMR\ecoli_FtsZ_6UNX__P1_FVNKLNRIIPVKGFSMR__rep1_vina.log","ecoli_FtsZ_6UNX__P1_FVNKLNRIIPVKGFSMR__rep1_vina.log",".log",2086,"2026-10-05 15:29","amp|dock|vina|ftsz"
"D:\桌面\AMP_Docking_Vina_R255_20261005_1552\poses\ecoli_FtsZ_6UNX\P1_FVNKLNRIIPVKGFSMR\ecoli_FtsZ_6UNX__P1_FVNKLNRIIPVKGFSMR__rep2_vina.log","ecoli_FtsZ_6UNX__P1_FVNKLNRIIPVKGFSMR__rep2_vina.log",".log",2086,"2026-10-05 15:30","amp|dock|vina|ftsz"
"D:\桌面\AMP_Docking_Vina_R255_20261005_1552\poses\ecoli_FtsZ_6UNX\P1_FVNKLNRIIPVKGFSMR\ecoli_FtsZ_6UNX__P1_FVNKLNRIIPVKGFSMR__rep3_vina.log","ecoli_FtsZ_6UNX__P1_FVNKLNRIIPVKGFSMR__rep3_vina.log",".log",2045,"2026-10-05 15:30","amp|dock|vina|ftsz"
"D:\桌面\AMP_Docking_Vina_R255_20261005_1552\poses\ecoli_FtsZ_6UNX\P2_LISNTKKFGTAIASHR\ecoli_FtsZ_6UNX__P2_LISNTKKFGTAIASHR__rep1_vina.log","ecoli_FtsZ_6UNX__P2_LISNTKKFGTAIASHR__rep1_vina.log",".log",2003,"2026-10-05 15:31","amp|dock|vina|ftsz"
"D:\桌面\AMP_Docking_Vina_R255_20261005_1552\poses\ecoli_FtsZ_6UNX\P2_LISNTKKFGTAIASHR\ecoli_FtsZ_6UNX__P2_LISNTKKFGTAIASHR__rep2_vina.log","ecoli_FtsZ_6UNX__P2_LISNTKKFGTAIASHR__rep2_vina.log",".log",2044,"2026-10-05 15:31","amp|dock|vina|ftsz"
"D:\桌面\AMP_Docking_Vina_R255_20261005_1552\poses\ecoli_FtsZ_6UNX\P2_LISNTKKFGTAIASHR\ecoli_FtsZ_6UNX__P2_LISNTKKFGTAIASHR__rep3_vina.log","ecoli_FtsZ_6UNX__P2_LISNTKKFGTAIASHR__rep3_vina.log",".log",2003,"2026-10-05 15:32","amp|dock|vina|ftsz"
"D:\桌面\AMP_Docking_Vina_R255_20261005_1552\poses\ecoli_FtsZ_6UNX\P3_ISLAIPLASKISGFTLALVKNAST\ecoli_FtsZ_6UNX__P3_ISLAIPLASKISGFTLALVKNAST__rep1_vina.log","ecoli_FtsZ_6UNX__P3_ISLAIPLASKISGFTLALVKNAST__rep1_vina.log",".log",2011,"2026-10-05 15:32","amp|dock|vina|ftsz"
"D:\桌面\AMP_Docking_Vina_R255_20261005_1552\poses\ecoli_FtsZ_6UNX\P3_ISLAIPLASKISGFTLALVKNAST\ecoli_FtsZ_6UNX__P3_ISLAIPLASKISGFTLALVKNAST__rep2_vina.log","ecoli_FtsZ_6UNX__P3_ISLAIPLASKISGFTLALVKNAST__rep2_vina.log",".log",2052,"2026-10-05 15:33","amp|dock|vina|ftsz"
"D:\桌面\AMP_Docking_Vina_R255_20261005_1552\poses\ecoli_FtsZ_6UNX\P3_ISLAIPLASKISGFTLALVKNAST\ecoli_FtsZ_6UNX__P3_ISLAIPLASKISGFTLALVKNAST__rep3_vina.log","ecoli_FtsZ_6UNX__P3_ISLAIPLASKISGFTLALVKNAST__rep3_vina.log",".log",2011,"2026-10-05 15:34","amp|dock|vina|ftsz"
"D:\桌面\AMP_Docking_Vina_R255_20261005_1552\poses\ecoli_GyrB_4DUH\P1_FVNKLNRIIPVKGFSMR\ecoli_GyrB_4DUH__P1_FVNKLNRIIPVKGFSMR__rep1_vina.log","ecoli_GyrB_4DUH__P1_FVNKLNRIIPVKGFSMR__rep1_vina.log",".log",2045,"2026-10-05 15:34","amp|dock|vina|gyrb"
"D:\桌面\AMP_Docking_Vina_R255_20261005_1552\poses\ecoli_GyrB_4DUH\P1_FVNKLNRIIPVKGFSMR\ecoli_GyrB_4DUH__P1_FVNKLNRIIPVKGFSMR__rep2_vina.log","ecoli_GyrB_4DUH__P1_FVNKLNRIIPVKGFSMR__rep2_vina.log",".log",2045,"2026-10-05 15:35","amp|dock|vina|gyrb"
"D:\桌面\AMP_Docking_Vina_R255_20261005_1552\poses\ecoli_GyrB_4DUH\P1_FVNKLNRIIPVKGFSMR\ecoli_GyrB_4DUH__P1_FVNKLNRIIPVKGFSMR__rep3_vina.log","ecoli_GyrB_4DUH__P1_FVNKLNRIIPVKGFSMR__rep3_vina.log",".log",2086,"2026-10-05 15:36","amp|dock|vina|gyrb"
"D:\桌面\AMP_Docking_Vina_R255_20261005_1552\poses\ecoli_GyrB_4DUH\P2_LISNTKKFGTAIASHR\ecoli_GyrB_4DUH__P2_LISNTKKFGTAIASHR__rep1_vina.log","ecoli_GyrB_4DUH__P2_LISNTKKFGTAIASHR__rep1_vina.log",".log",2044,"2026-10-05 15:36","amp|dock|vina|gyrb"
"D:\桌面\AMP_Docking_Vina_R255_20261005_1552\poses\ecoli_GyrB_4DUH\P2_LISNTKKFGTAIASHR\ecoli_GyrB_4DUH__P2_LISNTKKFGTAIASHR__rep2_vina.log","ecoli_GyrB_4DUH__P2_LISNTKKFGTAIASHR__rep2_vina.log",".log",2085,"2026-10-05 15:36","amp|dock|vina|gyrb"
"D:\桌面\AMP_Docking_Vina_R255_20261005_1552\poses\ecoli_GyrB_4DUH\P2_LISNTKKFGTAIASHR\ecoli_GyrB_4DUH__P2_LISNTKKFGTAIASHR__rep3_vina.log","ecoli_GyrB_4DUH__P2_LISNTKKFGTAIASHR__rep3_vina.log",".log",2044,"2026-10-05 15:37","amp|dock|vina|gyrb"
"D:\桌面\AMP_Docking_Vina_R255_20261005_1552\poses\ecoli_GyrB_4DUH\P3_ISLAIPLASKISGFTLALVKNAST\ecoli_GyrB_4DUH__P3_ISLAIPLASKISGFTLALVKNAST__rep1_vina.log","ecoli_GyrB_4DUH__P3_ISLAIPLASKISGFTLALVKNAST__rep1_vina.log",".log",2052,"2026-10-05 15:38","amp|dock|vina|gyrb"
"D:\桌面\AMP_Docking_Vina_R255_20261005_1552\poses\ecoli_GyrB_4DUH\P3_ISLAIPLASKISGFTLALVKNAST\ecoli_GyrB_4DUH__P3_ISLAIPLASKISGFTLALVKNAST__rep2_vina.log","ecoli_GyrB_4DUH__P3_ISLAIPLASKISGFTLALVKNAST__rep2_vina.log",".log",2052,"2026-10-05 15:39","amp|dock|vina|gyrb"
"D:\桌面\AMP_Docking_Vina_R255_20261005_1552\poses\ecoli_GyrB_4DUH\P3_ISLAIPLASKISGFTLALVKNAST\ecoli_GyrB_4DUH__P3_ISLAIPLASKISGFTLALVKNAST__rep3_vina.log","ecoli_GyrB_4DUH__P3_ISLAIPLASKISGFTLALVKNAST__rep3_vina.log",".log",2093,"2026-10-05 15:40","amp|dock|vina|gyrb"
"D:\桌面\AMP_Docking_Vina_R255_20261005_1552\poses\saureus_FtsZ_5MN4\P1_FVNKLNRIIPVKGFSMR\saureus_FtsZ_5MN4__P1_FVNKLNRIIPVKGFSMR__rep1_vina.log","saureus_FtsZ_5MN4__P1_FVNKLNRIIPVKGFSMR__rep1_vina.log",".log",2008,"2026-10-05 15:40","amp|dock|vina|ftsz"
"D:\桌面\AMP_Docking_Vina_R255_20261005_1552\poses\saureus_FtsZ_5MN4\P1_FVNKLNRIIPVKGFSMR\saureus_FtsZ_5MN4__P1_FVNKLNRIIPVKGFSMR__rep2_vina.log","saureus_FtsZ_5MN4__P1_FVNKLNRIIPVKGFSMR__rep2_vina.log",".log",2049,"2026-10-05 15:41","amp|dock|vina|ftsz"
"D:\桌面\AMP_Docking_Vina_R255_20261005_1552\poses\saureus_FtsZ_5MN4\P1_FVNKLNRIIPVKGFSMR\saureus_FtsZ_5MN4__P1_FVNKLNRIIPVKGFSMR__rep3_vina.log","saureus_FtsZ_5MN4__P1_FVNKLNRIIPVKGFSMR__rep3_vina.log",".log",2090,"2026-10-05 15:41","amp|dock|vina|ftsz"
"D:\桌面\AMP_Docking_Vina_R255_20261005_1552\poses\saureus_FtsZ_5MN4\P2_LISNTKKFGTAIASHR\saureus_FtsZ_5MN4__P2_LISNTKKFGTAIASHR__rep1_vina.log","saureus_FtsZ_5MN4__P2_LISNTKKFGTAIASHR__rep1_vina.log",".log",2048,"2026-10-05 15:42","amp|dock|vina|ftsz"
"D:\桌面\AMP_Docking_Vina_R255_20261005_1552\poses\saureus_FtsZ_5MN4\P2_LISNTKKFGTAIASHR\saureus_FtsZ_5MN4__P2_LISNTKKFGTAIASHR__rep2_vina.log","saureus_FtsZ_5MN4__P2_LISNTKKFGTAIASHR__rep2_vina.log",".log",2089,"2026-10-05 15:42","amp|dock|vina|ftsz"
"D:\桌面\AMP_Docking_Vina_R255_20261005_1552\poses\saureus_FtsZ_5MN4\P2_LISNTKKFGTAIASHR\saureus_FtsZ_5MN4__P2_LISNTKKFGTAIASHR__rep3_vina.log","saureus_FtsZ_5MN4__P2_LISNTKKFGTAIASHR__rep3_vina.log",".log",2089,"2026-10-05 15:43","amp|dock|vina|ftsz"
"D:\桌面\AMP_Docking_Vina_R255_20261005_1552\poses\saureus_FtsZ_5MN4\P3_ISLAIPLASKISGFTLALVKNAST\saureus_FtsZ_5MN4__P3_ISLAIPLASKISGFTLALVKNAST__rep1_vina.log","saureus_FtsZ_5MN4__P3_ISLAIPLASKISGFTLALVKNAST__rep1_vina.log",".log",2056,"2026-10-05 15:44","amp|dock|vina|ftsz"
"D:\桌面\AMP_Docking_Vina_R255_20261005_1552\poses\saureus_FtsZ_5MN4\P3_ISLAIPLASKISGFTLALVKNAST\saureus_FtsZ_5MN4__P3_ISLAIPLASKISGFTLALVKNAST__rep2_vina.log","saureus_FtsZ_5MN4__P3_ISLAIPLASKISGFTLALVKNAST__rep2_vina.log",".log",2097,"2026-10-05 15:45","amp|dock|vina|ftsz"
"D:\桌面\AMP_Docking_Vina_R255_20261005_1552\poses\saureus_FtsZ_5MN4\P3_ISLAIPLASKISGFTLALVKNAST\saureus_FtsZ_5MN4__P3_ISLAIPLASKISGFTLALVKNAST__rep3_vina.log","saureus_FtsZ_5MN4__P3_ISLAIPLASKISGFTLALVKNAST__rep3_vina.log",".log",2097,"2026-10-05 15:46","amp|dock|vina|ftsz"
"D:\桌面\AMP_Docking_Vina_R255_20261005_1552\poses\saureus_SrtA_1T2W\P1_FVNKLNRIIPVKGFSMR\saureus_SrtA_1T2W__P1_FVNKLNRIIPVKGFSMR__rep1_vina.log","saureus_SrtA_1T2W__P1_FVNKLNRIIPVKGFSMR__rep1_vina.log",".log",2050,"2026-10-05 15:46","amp|dock|vina"
"D:\桌面\AMP_Docking_Vina_R255_20261005_1552\poses\saureus_SrtA_1T2W\P1_FVNKLNRIIPVKGFSMR\saureus_SrtA_1T2W__P1_FVNKLNRIIPVKGFSMR__rep2_vina.log","saureus_SrtA_1T2W__P1_FVNKLNRIIPVKGFSMR__rep2_vina.log",".log",2050,"2026-10-05 15:47","amp|dock|vina"
"D:\桌面\AMP_Docking_Vina_R255_20261005_1552\poses\saureus_SrtA_1T2W\P1_FVNKLNRIIPVKGFSMR\saureus_SrtA_1T2W__P1_FVNKLNRIIPVKGFSMR__rep3_vina.log","saureus_SrtA_1T2W__P1_FVNKLNRIIPVKGFSMR__rep3_vina.log",".log",2050,"2026-10-05 15:47","amp|dock|vina"
"D:\桌面\AMP_Docking_Vina_R255_20261005_1552\poses\saureus_SrtA_1T2W\P2_LISNTKKFGTAIASHR\saureus_SrtA_1T2W__P2_LISNTKKFGTAIASHR__rep1_vina.log","saureus_SrtA_1T2W__P2_LISNTKKFGTAIASHR__rep1_vina.log",".log",2090,"2026-10-05 15:48","amp|dock|vina"
"D:\桌面\AMP_Docking_Vina_R255_20261005_1552\poses\saureus_SrtA_1T2W\P2_LISNTKKFGTAIASHR\saureus_SrtA_1T2W__P2_LISNTKKFGTAIASHR__rep2_vina.log","saureus_SrtA_1T2W__P2_LISNTKKFGTAIASHR__rep2_vina.log",".log",2008,"2026-10-05 15:48","amp|dock|vina"
"D:\桌面\AMP_Docking_Vina_R255_20261005_1552\poses\saureus_SrtA_1T2W\P2_LISNTKKFGTAIASHR\saureus_SrtA_1T2W__P2_LISNTKKFGTAIASHR__rep3_vina.log","saureus_SrtA_1T2W__P2_LISNTKKFGTAIASHR__rep3_vina.log",".log",2049,"2026-10-05 15:49","amp|dock|vina"
"D:\桌面\AMP_Docking_Vina_R255_20261005_1552\poses\saureus_SrtA_1T2W\P3_ISLAIPLASKISGFTLALVKNAST\saureus_SrtA_1T2W__P3_ISLAIPLASKISGFTLALVKNAST__rep1_vina.log","saureus_SrtA_1T2W__P3_ISLAIPLASKISGFTLALVKNAST__rep1_vina.log",".log",2016,"2026-10-05 15:50","amp|dock|vina"
"D:\桌面\AMP_Docking_Vina_R255_20261005_1552\poses\saureus_SrtA_1T2W\P3_ISLAIPLASKISGFTLALVKNAST\saureus_SrtA_1T2W__P3_ISLAIPLASKISGFTLALVKNAST__rep2_vina.log","saureus_SrtA_1T2W__P3_ISLAIPLASKISGFTLALVKNAST__rep2_vina.log",".log",2098,"2026-10-05 15:51","amp|dock|vina"
"D:\桌面\AMP_Docking_Vina_R255_20261005_1552\poses\saureus_SrtA_1T2W\P3_ISLAIPLASKISGFTLALVKNAST\saureus_SrtA_1T2W__P3_ISLAIPLASKISGFTLALVKNAST__rep3_vina.log","saureus_SrtA_1T2W__P3_ISLAIPLASKISGFTLALVKNAST__rep3_vina.log",".log",2016,"2026-10-05 15:52","amp|dock|vina"
"D:\桌面\AMP_Docking_Vina_R255_20261005_1552\SCI_Docking_Figure4_Suite\complexes_interaction_summary.csv","complexes_interaction_summary.csv",".csv",2012,"2026-10-05 19:31","amp|dock|vina"
"D:\桌面\AMP_Docking_Vina_R255_20261005_1552\SCI_Docking_Figure4_Suite\README.md","README.md",".md",1857,"2026-10-05 19:31","amp|dock|vina"
"D:\桌面\AMP_Docking_Vina_R255_20261005_1552\scripts\ecoli_GyrB_4DUH__P1_FVNKLNRIIPVKGFSMR_view.pml","ecoli_GyrB_4DUH__P1_FVNKLNRIIPVKGFSMR_view.pml",".pml",1268,"2026-10-05 15:52","amp|dock|vina|gyrb"
"D:\桌面\AMP_Docking_Vina_R255_20261005_1552\scripts\ecoli_GyrB_4DUH__P2_LISNTKKFGTAIASHR_view.pml","ecoli_GyrB_4DUH__P2_LISNTKKFGTAIASHR_view.pml",".pml",1266,"2026-10-05 15:52","amp|dock|vina|gyrb"
"D:\桌面\AMP_Docking_Vina_R255_20261005_1552\scripts\ecoli_GyrB_4DUH__P3_ISLAIPLASKISGFTLALVKNAST_view.pml","ecoli_GyrB_4DUH__P3_ISLAIPLASKISGFTLALVKNAST_view.pml",".pml",1289,"2026-10-05 15:52","amp|dock|vina|gyrb"
"D:\桌面\AMP_Docking_Vina_R255_20261005_1552\scripts\saureus_FtsZ_5MN4__P1_FVNKLNRIIPVKGFSMR_view.pml","saureus_FtsZ_5MN4__P1_FVNKLNRIIPVKGFSMR_view.pml",".pml",1253,"2026-10-05 15:52","amp|dock|vina|ftsz"
"D:\桌面\AMP_Docking_Vina_R255_20261005_1552\scripts\saureus_FtsZ_5MN4__P2_LISNTKKFGTAIASHR_view.pml","saureus_FtsZ_5MN4__P2_LISNTKKFGTAIASHR_view.pml",".pml",1274,"2026-10-05 15:52","amp|dock|vina|ftsz"
"D:\桌面\AMP_Docking_Vina_R255_20261005_1552\scripts\saureus_FtsZ_5MN4__P3_ISLAIPLASKISGFTLALVKNAST_view.pml","saureus_FtsZ_5MN4__P3_ISLAIPLASKISGFTLALVKNAST_view.pml",".pml",1298,"2026-10-05 15:52","amp|dock|vina|ftsz"
"D:\桌面\AMP_Docking_Vina_R255_20261005_1552\tables\selected_best_complexes_for_figures.csv","selected_best_complexes_for_figures.csv",".csv",5432,"2026-10-05 15:52","amp|dock|vina"
"D:\桌面\AMP_Docking_Vina_R255_20261005_1552\tables\vina_repeats.csv","vina_repeats.csv",".csv",20601,"2026-10-05 15:52","amp|dock|vina"
"D:\桌面\AMP_Docking_Vina_R255_20261005_1552\tables\vina_summary_mean_of_3.csv","vina_summary_mean_of_3.csv",".csv",4000,"2026-10-05 15:52","amp|dock|vina"
"E:\Users\文少\Downloads\2. 材料与方法 (Materials and Methods).docx","2. 材料与方法 (Materials and Methods).docx",".docx",16127,"2026-01-14 08:55","method"
"E:\Users\文少\Downloads\AChE_Docking_Code_Record_IO_and_Operations.docx","AChE_Docking_Code_Record_IO_and_Operations.docx",".docx",41105,"2026-07-30 17:49","dock"
"E:\Users\文少\Downloads\AChE_LilrB2_method_comparison_obabel_supplement.docx","AChE_LilrB2_method_comparison_obabel_supplement.docx",".docx",43135,"2026-07-29 20:15","method"
"E:\Users\文少\Downloads\AChE_Toxic_Peptide_Not_Inhibitor_Research_Strategy.docx","AChE_Toxic_Peptide_Not_Inhibitor_Research_Strategy.docx",".docx",43033,"2026-07-30 19:50","peptide"
"E:\Users\文少\Downloads\AD 肠道微生物组 AMPs 演变研究.md","AD 肠道微生物组 AMPs 演变研究.md",".md",61902,"2026-01-14 21:09","amp"
"E:\Users\文少\Downloads\AD-peptide-followup-report (1).docx","AD-peptide-followup-report (1).docx",".docx",56078,"2026-08-02 20:22","peptide"
"E:\Users\文少\Downloads\AD-peptide-followup-report (2).docx","AD-peptide-followup-report (2).docx",".docx",84460,"2026-08-02 21:14","peptide"
"E:\Users\文少\Downloads\AD-peptide-followup-report (3).docx","AD-peptide-followup-report (3).docx",".docx",52673,"2026-08-04 09:02","peptide"
"E:\Users\文少\Downloads\AD-peptide-followup-report (4).docx","AD-peptide-followup-report (4).docx",".docx",52673,"2026-08-07 11:46","peptide"
"E:\Users\文少\Downloads\AD-peptide-followup-report.docx","AD-peptide-followup-report.docx",".docx",57080,"2026-08-02 13:13","peptide"
"E:\Users\文少\Downloads\AD_AMP_硕士学位论文.docx","AD_AMP_硕士学位论文.docx",".docx",496673,"2026-07-28 01:06","amp"
"E:\Users\文少\Downloads\algpred2_onefile_py311.sh","algpred2_onefile_py311.sh",".sh",6386,"2026-03-22 17:05","algpred"
"E:\Users\文少\Downloads\alligator_metagenome_amp_pipeline.sh","alligator_metagenome_amp_pipeline.sh",".sh",11981,"2026-03-12 09:52","amp|alligator"
"E:\Users\文少\Downloads\amp_search_results.json","amp_search_results.json",".json",2,"2026-09-10 16:51","amp"
"E:\Users\文少\Downloads\CAMP_2026-07-11 18-54-41.csv","CAMP_2026-07-11 18-54-41.csv",".csv",6429186,"2026-07-11 21:21","amp|camp"
"E:\Users\文少\Downloads\CAMP_2026-07-11 19-01-28.csv","CAMP_2026-07-11 19-01-28.csv",".csv",1747186,"2026-07-11 21:28","amp|camp"
"E:\Users\文少\Downloads\cnki_amp_authentic_manifest.json","cnki_amp_authentic_manifest.json",".json",2,"2026-09-10 16:52","amp"
"E:\Users\文少\Downloads\cnki_amp_papers_manifest.json","cnki_amp_papers_manifest.json",".json",2,"2026-09-10 16:55","amp"
"E:\Users\文少\Downloads\general_amps.fasta","general_amps.fasta",".fasta",445659,"2026-07-11 21:18","amp"
"E:\Users\文少\Downloads\hypolipidemic peptides with IC50.docx","hypolipidemic peptides with IC50.docx",".docx",20809,"2026-01-12 10:49","peptide"
"E:\Users\文少\Downloads\jieguo.csv","jieguo.csv",".csv",878,"2026-03-25 17:21","jieguo"
"E:\Users\文少\Downloads\method (1).docx","method (1).docx",".docx",147801,"2026-10-07 13:05","method"
"E:\Users\文少\Downloads\Methods_Results_periodontitis_peptides_corrected.docx","Methods_Results_periodontitis_peptides_corrected.docx",".docx",60366,"2026-07-23 10:31","peptide|method"
"E:\Users\文少\Downloads\natural_amps.fasta","natural_amps.fasta",".fasta",550475,"2026-07-11 21:18","amp"
"E:\Users\文少\Downloads\peptides_smiles.xlsx","peptides_smiles.xlsx",".xlsx",6506,"2026-07-31 16:24","peptide"
"E:\Users\文少\Downloads\peptide_screening_workflow.md","peptide_screening_workflow.md",".md",17652,"2026-07-22 20:52","peptide"
"E:\Users\文少\Downloads\Prediction_Result(1).csv","Prediction_Result(1).csv",".csv",1433,"2026-03-23 20:45","prediction_result"
"E:\Users\文少\Downloads\Prediction_Result.csv","Prediction_Result.csv",".csv",294,"2026-03-23 20:44","prediction_result"
"E:\Users\文少\Downloads\rebuild_alligator_host_db_latest.sh","rebuild_alligator_host_db_latest.sh",".sh",976,"2026-03-12 09:58","alligator"
"E:\Users\文少\Downloads\run_algpred2_allergen.sh","run_algpred2_allergen.sh",".sh",14626,"2026-03-22 16:47","algpred|allerg"
"E:\Users\文少\Downloads\run_algpred2_allergen_absfix.sh","run_algpred2_allergen_absfix.sh",".sh",7180,"2026-03-22 17:01","algpred|allerg"
"E:\Users\文少\Downloads\run_algpred2_allergen_pandasfix.sh","run_algpred2_allergen_pandasfix.sh",".sh",7180,"2026-03-22 17:01","algpred|allerg"
"E:\Users\文少\Downloads\SCI_AChE_LilrB2_Methodology_Docking_Result_Supplement.docx","SCI_AChE_LilrB2_Methodology_Docking_Result_Supplement.docx",".docx",43935,"2026-07-30 17:49","dock|method"
"E:\Users\文少\Downloads\Vina_Docking_and_Toxicological_Report_AChE.docx","Vina_Docking_and_Toxicological_Report_AChE.docx",".docx",44111,"2026-08-01 16:24","dock|vina"
"E:\Users\文少\Downloads\外源毒性肽_Vina结果优先_完整版_2026.docx","外源毒性肽_Vina结果优先_完整版_2026.docx",".docx",51348,"2026-08-02 21:15","vina"
"E:\Users\文少\Downloads\硕士学位论文_AD肠道AMP深度学习差异研究.docx","硕士学位论文_AD肠道AMP深度学习差异研究.docx",".docx",1206490,"2026-07-28 01:18","amp"
"E:\Users\文少\Downloads\ailearning-2.0\ailearning-2.0\images\11.Apriori\第十一章--Apriori算法进行关联分析.xlsx","第十一章--Apriori算法进行关联分析.xlsx",".xlsx",20921,"2017-10-09 00:19","mag"
"E:\Users\文少\Downloads\AlphaFold3_Unrelaxed_Peptide_Docking_Pipeline\README.md","README.md",".md",9948,"2026-07-30 20:30","peptide|dock"
"E:\Users\文少\Downloads\AlphaFold3_Unrelaxed_Peptide_Docking_Pipeline\README_SCI_Methodology.md","README_SCI_Methodology.md",".md",9948,"2026-07-30 20:30","peptide|dock|method"
"E:\Users\文少\Downloads\AlphaFold3_Unrelaxed_Peptide_Docking_Pipeline\run_prep.sh","run_prep.sh",".sh",751,"2026-07-30 20:30","peptide|dock"
"E:\Users\文少\Downloads\AlphaFold3_Unrelaxed_Peptide_Docking_Pipeline\peptides\peptides.csv","peptides.csv",".csv",724,"2026-07-30 20:30","peptide|dock"
"E:\Users\文少\Downloads\AlphaFold3_Unrelaxed_Peptide_Docking_Pipeline\scripts\02_prep_peptides.sh","02_prep_peptides.sh",".sh",8263,"2026-07-30 20:30","peptide|dock"
"E:\Users\文少\Downloads\AlphaFold3_Unrelaxed_Peptide_Docking_Pipeline\scripts\lib\common.sh","common.sh",".sh",1378,"2026-07-30 20:30","peptide|dock"
"E:\Users\文少\Downloads\AlphaFold3_Unrelaxed_Peptide_Docking_Pipeline\scripts\lib\prep_peptide_ligand.py","prep_peptide_ligand.py",".py",13345,"2026-07-30 20:30","peptide|dock"
"E:\Users\文少\Downloads\AMP-potency-prediction-EvoGradient-main\AMP-potency-prediction-EvoGradient-main\AMP_classification.py","AMP_classification.py",".py",10409,"2025-08-01 01:37","amp"
"E:\Users\文少\Downloads\AMP-potency-prediction-EvoGradient-main\AMP-potency-prediction-EvoGradient-main\AMP_regression.py","AMP_regression.py",".py",9442,"2025-08-01 01:37","amp"
"E:\Users\文少\Downloads\AMP-potency-prediction-EvoGradient-main\AMP-potency-prediction-EvoGradient-main\environment.yaml","environment.yaml",".yaml",1856,"2025-08-01 01:37","amp"
"E:\Users\文少\Downloads\AMP-potency-prediction-EvoGradient-main\AMP-potency-prediction-EvoGradient-main\otherModels5_2Output.py","otherModels5_2Output.py",".py",10169,"2025-08-01 01:37","amp"
"E:\Users\文少\Downloads\AMP-potency-prediction-EvoGradient-main\AMP-potency-prediction-EvoGradient-main\otherModelsRegression.py","otherModelsRegression.py",".py",17817,"2025-08-01 01:37","amp"
"E:\Users\文少\Downloads\AMP-potency-prediction-EvoGradient-main\AMP-potency-prediction-EvoGradient-main\README.md","README.md",".md",2972,"2025-08-01 01:37","amp"
"E:\Users\文少\Downloads\AMP-potency-prediction-EvoGradient-main\AMP-potency-prediction-EvoGradient-main\run_with_colab.ipynb","run_with_colab.ipynb",".ipynb",68186,"2025-08-01 01:37","amp"
"E:\Users\文少\Downloads\AMP-potency-prediction-EvoGradient-main\AMP-potency-prediction-EvoGradient-main\data\classification\demo..csv","demo..csv",".csv",177575,"2025-08-01 01:37","amp"
"E:\Users\文少\Downloads\AMP-potency-prediction-EvoGradient-main\AMP-potency-prediction-EvoGradient-main\data\classification\demo.fasta","demo.fasta",".fasta",191166,"2025-08-01 01:37","amp"
"E:\Users\文少\Downloads\AMP-potency-prediction-EvoGradient-main\AMP-potency-prediction-EvoGradient-main\data\classification\test.csv","test.csv",".csv",230422,"2025-08-01 01:37","amp"
"E:\Users\文少\Downloads\AMP-potency-prediction-EvoGradient-main\AMP-potency-prediction-EvoGradient-main\data\classification\train.csv","train.csv",".csv",2063153,"2025-08-01 01:37","amp"
"E:\Users\文少\Downloads\AMP-potency-prediction-EvoGradient-main\AMP-potency-prediction-EvoGradient-main\data\regression\demo..csv","demo..csv",".csv",38747,"2025-08-01 01:37","amp"
"E:\Users\文少\Downloads\AMP-potency-prediction-EvoGradient-main\AMP-potency-prediction-EvoGradient-main\data\regression\demo.fasta","demo.fasta",".fasta",41654,"2025-08-01 01:37","amp"
"E:\Users\文少\Downloads\AMP-potency-prediction-EvoGradient-main\AMP-potency-prediction-EvoGradient-main\data\regression\test.csv","test.csv",".csv",60954,"2025-08-01 01:37","amp"
"E:\Users\文少\Downloads\AMP-potency-prediction-EvoGradient-main\AMP-potency-prediction-EvoGradient-main\data\regression\train.csv","train.csv",".csv",347300,"2025-08-01 01:37","amp"
"E:\Users\文少\Downloads\AMP-potency-prediction-EvoGradient-main\AMP-potency-prediction-EvoGradient-main\EvoGradient\EvoGradient.py","EvoGradient.py",".py",15840,"2025-12-28 21:39","amp"
"E:\Users\文少\Downloads\AMP-potency-prediction-EvoGradient-main\AMP-potency-prediction-EvoGradient-main\EvoGradient\otherModelsRegression.py","otherModelsRegression.py",".py",17716,"2025-08-01 01:37","amp"
"E:\Users\文少\Downloads\AMP-potency-prediction-EvoGradient-main\AMP-potency-prediction-EvoGradient-main\EvoGradient\EvoResult\KLLGAFGKPTKIAISLRLKSCKSF.csv","KLLGAFGKPTKIAISLRLKSCKSF.csv",".csv",51,"2025-08-01 01:37","amp"
"E:\Users\文少\Downloads\AMP-potency-prediction-EvoGradient-main\AMP-potency-prediction-EvoGradient-main\EvoGradient\EvoResult\RPLIKLRSTAGTGYTYVTRK.csv","RPLIKLRSTAGTGYTYVTRK.csv",".csv",47,"2025-08-01 01:37","amp"
"E:\Users\文少\Downloads\AMP-potency-prediction-EvoGradient-main\AMP-potency-prediction-EvoGradient-main\EvoGradient\EvoResult\KLLGAFGKPTKIAISLRLKSCKSF\Attention.csv","Attention.csv",".csv",397,"2025-08-01 01:37","amp"
"E:\Users\文少\Downloads\AMP-potency-prediction-EvoGradient-main\AMP-potency-prediction-EvoGradient-main\EvoGradient\EvoResult\KLLGAFGKPTKIAISLRLKSCKSF\Attention_result.csv","Attention_result.csv",".csv",746,"2025-08-01 01:37","amp"
"E:\Users\文少\Downloads\AMP-potency-prediction-EvoGradient-main\AMP-potency-prediction-EvoGradient-main\EvoGradient\EvoResult\RPLIKLRSTAGTGYTYVTRK\Attention.csv","Attention.csv",".csv",321,"2025-08-01 01:37","amp"
"E:\Users\文少\Downloads\AMP-potency-prediction-EvoGradient-main\AMP-potency-prediction-EvoGradient-main\EvoGradient\EvoResult\RPLIKLRSTAGTGYTYVTRK\Attention_result.csv","Attention_result.csv",".csv",647,"2025-08-01 01:37","amp"
"E:\Users\文少\Downloads\AMP-potency-prediction-EvoGradient-main\AMP-potency-prediction-EvoGradient-main\output\classification_result.csv","classification_result.csv",".csv",296312,"2025-08-01 01:37","amp"
"E:\Users\文少\Downloads\AMP-potency-prediction-EvoGradient-main\AMP-potency-prediction-EvoGradient-main\output\regression_result.csv","regression_result.csv",".csv",73593,"2025-08-01 01:37","amp"
"E:\Users\文少\Downloads\amp-scanner-v2-main\amp-scanner-v2-main\amp_scanner_v2_predict_tf1.py","amp_scanner_v2_predict_tf1.py",".py",12040,"2025-10-24 09:08","amp"
"E:\Users\文少\Downloads\amp-scanner-v2-main\amp-scanner-v2-main\amp_scanner_v2_train_tf1.py","amp_scanner_v2_train_tf1.py",".py",17862,"2025-10-24 09:08","amp"
"E:\Users\文少\Downloads\amp-scanner-v2-main\amp-scanner-v2-main\environment_2019_and_newer_model.yml","environment_2019_and_newer_model.yml",".yml",223,"2025-10-24 09:08","amp"
"E:\Users\文少\Downloads\amp-scanner-v2-main\amp-scanner-v2-main\environment_original_paper_model.yml","environment_original_paper_model.yml",".yml",222,"2025-10-24 09:08","amp"
"E:\Users\文少\Downloads\amp-scanner-v2-main\amp-scanner-v2-main\README.md","README.md",".md",19139,"2025-10-24 09:08","amp"
"E:\Users\文少\Downloads\amp-scanner-v2-main\amp-scanner-v2-main\requirements_2019_and_newer_model.txt","requirements_2019_and_newer_model.txt",".txt",95,"2025-10-24 09:08","amp"
"E:\Users\文少\Downloads\amp-scanner-v2-main\amp-scanner-v2-main\requirements_original_paper_model.txt","requirements_original_paper_model.txt",".txt",92,"2025-10-24 09:08","amp"
"E:\Users\文少\Downloads\amp-scanner-v2-main\amp-scanner-v2-main\original-dataset\AMP.eval.fa","AMP.eval.fa",".fa",15993,"2025-10-24 09:08","amp"
"E:\Users\文少\Downloads\amp-scanner-v2-main\amp-scanner-v2-main\original-dataset\AMP.te.fa","AMP.te.fa",".fa",31471,"2025-10-24 09:08","amp"
"E:\Users\文少\Downloads\amp-scanner-v2-main\amp-scanner-v2-main\original-dataset\AMP.tr.fa","AMP.tr.fa",".fa",31548,"2025-10-24 09:08","amp"
"E:\Users\文少\Downloads\amp-scanner-v2-main\amp-scanner-v2-main\original-dataset\DECOY.eval.fa","DECOY.eval.fa",".fa",18454,"2025-10-24 09:08","amp"
"E:\Users\文少\Downloads\amp-scanner-v2-main\amp-scanner-v2-main\original-dataset\DECOY.te.fa","DECOY.te.fa",".fa",37239,"2025-10-24 09:08","amp"
"E:\Users\文少\Downloads\amp-scanner-v2-main\amp-scanner-v2-main\original-dataset\DECOY.tr.fa","DECOY.tr.fa",".fa",37425,"2025-10-24 09:08","amp"
"E:\Users\文少\Downloads\amp-scanner-v2-main\amp-scanner-v2-main\original-dataset\README.md","README.md",".md",375,"2025-10-24 09:08","amp"
"E:\Users\文少\Downloads\amp-scanner-v2-main\amp-scanner-v2-main\tests\test_amp_scanner_v2_train_tf1.py","test_amp_scanner_v2_train_tf1.py",".py",11639,"2025-10-24 09:08","amp"
"E:\Users\文少\Downloads\amp-scanner-v2-main\amp-scanner-v2-main\trained-models\README.md","README.md",".md",401,"2025-10-24 09:08","amp"
"E:\Users\文少\Downloads\AMPlify-master\AMPlify-master\amplify.yml","amplify.yml",".yml",217,"2025-03-22 12:08","amp"
"E:\Users\文少\Downloads\AMPlify-master\AMPlify-master\README.md","README.md",".md",6808,"2025-03-22 12:08","amp"
"E:\Users\文少\Downloads\AMPlify-master\AMPlify-master\auxiliary\amp_discovery_pipeline\amp-evidence-proteins.fa","amp-evidence-proteins.fa",".fa",326293,"2025-03-22 12:08","amp"
"E:\Users\文少\Downloads\AMPlify-master\AMPlify-master\auxiliary\amp_discovery_pipeline\amp-evidence-transcripts2.fa","amp-evidence-transcripts2.fa",".fa",519105,"2025-03-22 12:08","amp"
"E:\Users\文少\Downloads\AMPlify-master\AMPlify-master\auxiliary\amp_discovery_pipeline\amp-seeds-150116.fa","amp-seeds-150116.fa",".fa",502608,"2025-03-22 12:08","amp"
"E:\Users\文少\Downloads\AMPlify-master\AMPlify-master\auxiliary\amp_discovery_pipeline\bullfrog-v3-masked-GMAPhitScaffolds.all.maker.proteins.fasta","bullfrog-v3-masked-GMAPhitScaffolds.all.maker.proteins.fasta",".fasta",159960,"2025-03-22 12:08","amp"
"E:\Users\文少\Downloads\AMPlify-master\AMPlify-master\auxiliary\amp_discovery_pipeline\chopper.py","chopper.py",".py",1413,"2025-03-22 12:08","amp"
"E:\Users\文少\Downloads\AMPlify-master\AMPlify-master\auxiliary\amp_discovery_pipeline\digested-sequences-filtered.fa","digested-sequences-filtered.fa",".fa",19516,"2025-03-22 12:08","amp"
"E:\Users\文少\Downloads\AMPlify-master\AMPlify-master\auxiliary\amp_discovery_pipeline\filter_valid_seq.py","filter_valid_seq.py",".py",1171,"2025-03-22 12:08","amp"
"E:\Users\文少\Downloads\AMPlify-master\AMPlify-master\auxiliary\amp_discovery_pipeline\README.md","README.md",".md",609,"2025-03-22 12:08","amp"
"E:\Users\文少\Downloads\AMPlify-master\AMPlify-master\auxiliary\amp_mining_workflow\filter_for_secreted.py","filter_for_secreted.py",".py",1185,"2025-03-22 12:08","amp"
"E:\Users\文少\Downloads\AMPlify-master\AMPlify-master\auxiliary\amp_mining_workflow\get_novel_putative_AMPs.py","get_novel_putative_AMPs.py",".py",1538,"2025-03-22 12:08","amp"
"E:\Users\文少\Downloads\AMPlify-master\AMPlify-master\auxiliary\amp_mining_workflow\get_putative_AMPs.py","get_putative_AMPs.py",".py",670,"2025-03-22 12:08","amp"
"E:\Users\文少\Downloads\AMPlify-master\AMPlify-master\auxiliary\amp_mining_workflow\README.md","README.md",".md",656,"2025-03-22 12:08","amp"
"E:\Users\文少\Downloads\AMPlify-master\AMPlify-master\auxiliary\amp_mining_workflow\uniprot_sprot_eukaryota_combined_prop.tsv","uniprot_sprot_eukaryota_combined_prop.tsv",".tsv",5634753,"2025-03-22 12:08","amp"
"E:\Users\文少\Downloads\AMPlify-master\AMPlify-master\data\AMPlify_AMP_test_common.fa","AMPlify_AMP_test_common.fa",".fa",32687,"2025-03-22 12:08","amp"
"E:\Users\文少\Downloads\AMPlify-master\AMPlify-master\data\AMPlify_AMP_train_common.fa","AMPlify_AMP_train_common.fa",".fa",141696,"2025-03-22 12:08","amp"
"E:\Users\文少\Downloads\AMPlify-master\AMPlify-master\data\AMPlify_non_AMP_test_balanced.fa","AMPlify_non_AMP_test_balanced.fa",".fa",40176,"2025-03-22 12:08","amp"
"E:\Users\文少\Downloads\AMPlify-master\AMPlify-master\data\AMPlify_non_AMP_test_imbalanced.fa","AMPlify_non_AMP_test_imbalanced.fa",".fa",3735227,"2025-03-22 12:08","amp"
"E:\Users\文少\Downloads\AMPlify-master\AMPlify-master\data\AMPlify_non_AMP_train_balanced.fa","AMPlify_non_AMP_train_balanced.fa",".fa",154709,"2025-03-22 12:08","amp"
"E:\Users\文少\Downloads\AMPlify-master\AMPlify-master\data\AMPlify_non_AMP_train_imbalanced.fa","AMPlify_non_AMP_train_imbalanced.fa",".fa",14927731,"2025-03-22 12:08","amp"
"E:\Users\文少\Downloads\AMPlify-master\AMPlify-master\src\AMPlify.py","AMPlify.py",".py",13304,"2025-03-22 12:08","amp"
"E:\Users\文少\Downloads\AMPlify-master\AMPlify-master\src\layers.py","layers.py",".py",21764,"2025-03-22 12:08","amp"
"E:\Users\文少\Downloads\AMPlify-master\AMPlify-master\src\train_amplify.py","train_amplify.py",".py",10921,"2025-03-22 12:08","amp"
"E:\Users\文少\Downloads\APD\amphibianAMPs_APD2024.fasta","amphibianAMPs_APD2024.fasta",".fasta",38949,"2025-11-04 15:39","amp"
"E:\Users\文少\Downloads\APD\amps7.fasta","amps7.fasta",".fasta",107053,"2025-11-04 15:46","amp"
"E:\Users\文少\Downloads\APD\animalAMPs_APD2024a.fasta","animalAMPs_APD2024a.fasta",".fasta",115949,"2025-11-04 15:37","amp"
"E:\Users\文少\Downloads\APD\APD_amps.fasta","APD_amps.fasta",".fasta",366296,"2025-11-04 15:44","amp"
"E:\Users\文少\Downloads\APD\bacteriaAMPs_APD2024.fasta","bacteriaAMPs_APD2024.fasta",".fasta",17993,"2025-11-04 15:38","amp"
"E:\Users\文少\Downloads\APD\humanAMPs_APD2024.fasta","humanAMPs_APD2024.fasta",".fasta",10496,"2025-11-04 15:38","amp"
"E:\Users\文少\Downloads\APD\insectAMPs_APD2024.fasta","insectAMPs_APD2024.fasta",".fasta",19311,"2025-11-04 15:39","amp"
"E:\Users\文少\Downloads\APD\naturalAMPs_APD2024a.fasta","naturalAMPs_APD2024a.fasta",".fasta",150144,"2025-11-04 15:35","amp"
"E:\Users\文少\Downloads\APD\plantAMPs_APD2024.fasta","plantAMPs_APD2024.fasta",".fasta",13454,"2025-11-04 15:38","amp"
"E:\Users\文少\Downloads\banana-slides-0.3.0\banana-slides-0.3.0\docker-compose.yml","docker-compose.yml",".yml",1970,"2026-01-25 08:53","dock"
"E:\Users\文少\Downloads\banana-slides-0.3.0\banana-slides-0.3.0\.github\workflows\docker-publish.yml","docker-publish.yml",".yml",4093,"2026-01-25 08:53","dock"
"E:\Users\文少\Downloads\banana-slides-0.3.0\banana-slides-0.3.0\backend\migrations\versions\005_add_pdf_image_path.py","005_add_pdf_image_path.py",".py",789,"2026-01-25 08:53","mag"
"E:\Users\文少\Downloads\banana-slides-0.3.0\banana-slides-0.3.0\backend\models\page_image_version.py","page_image_version.py",".py",2041,"2026-01-25 08:53","mag"
"E:\Users\文少\Downloads\banana-slides-0.3.0\banana-slides-0.3.0\backend\services\ai_providers\image\baidu_inpainting_provider.py","baidu_inpainting_provider.py",".py",9047,"2026-01-25 08:53","mag"
"E:\Users\文少\Downloads\banana-slides-0.3.0\banana-slides-0.3.0\backend\services\ai_providers\image\base.py","base.py",".py",951,"2026-01-25 08:53","mag"
"E:\Users\文少\Downloads\banana-slides-0.3.0\banana-slides-0.3.0\backend\services\ai_providers\image\gemini_inpainting_provider.py","gemini_inpainting_provider.py",".py",9245,"2026-01-25 08:53","mag"
"E:\Users\文少\Downloads\banana-slides-0.3.0\banana-slides-0.3.0\backend\services\ai_providers\image\genai_provider.py","genai_provider.py",".py",6312,"2026-01-25 08:53","mag"
"E:\Users\文少\Downloads\banana-slides-0.3.0\banana-slides-0.3.0\backend\services\ai_providers\image\openai_provider.py","openai_provider.py",".py",11216,"2026-01-25 08:53","mag"
"E:\Users\文少\Downloads\banana-slides-0.3.0\banana-slides-0.3.0\backend\services\ai_providers\image\volcengine_inpainting_provider.py","volcengine_inpainting_provider.py",".py",10441,"2026-01-25 08:53","mag"
"E:\Users\文少\Downloads\banana-slides-0.3.0\banana-slides-0.3.0\backend\services\ai_providers\image\__init__.py","__init__.py",".py",420,"2026-01-25 08:53","mag"
"E:\Users\文少\Downloads\banana-slides-0.3.0\banana-slides-0.3.0\backend\services\image_editability\coordinate_mapper.py","coordinate_mapper.py",".py",2317,"2026-01-25 08:53","mag"
"E:\Users\文少\Downloads\banana-slides-0.3.0\banana-slides-0.3.0\backend\services\image_editability\data_models.py","data_models.py",".py",4047,"2026-01-25 08:53","mag"
"E:\Users\文少\Downloads\banana-slides-0.3.0\banana-slides-0.3.0\backend\services\image_editability\extractors.py","extractors.py",".py",35455,"2026-01-25 08:53","mag"
"E:\Users\文少\Downloads\banana-slides-0.3.0\banana-slides-0.3.0\backend\services\image_editability\factories.py","factories.py",".py",31540,"2026-01-25 08:53","mag"
"E:\Users\文少\Downloads\banana-slides-0.3.0\banana-slides-0.3.0\backend\services\image_editability\helpers.py","helpers.py",".py",3141,"2026-01-25 08:53","mag"
"E:\Users\文少\Downloads\banana-slides-0.3.0\banana-slides-0.3.0\backend\services\image_editability\hybrid_extractor.py","hybrid_extractor.py",".py",17704,"2026-01-25 08:53","mag"
"E:\Users\文少\Downloads\banana-slides-0.3.0\banana-slides-0.3.0\backend\services\image_editability\inpaint_providers.py","inpaint_providers.py",".py",23404,"2026-01-25 08:53","mag"
"E:\Users\文少\Downloads\banana-slides-0.3.0\banana-slides-0.3.0\backend\services\image_editability\service.py","service.py",".py",17515,"2026-01-25 08:53","mag"
"E:\Users\文少\Downloads\banana-slides-0.3.0\banana-slides-0.3.0\backend\services\image_editability\text_attribute_extractors.py","text_attribute_extractors.py",".py",26389,"2026-01-25 08:53","mag"
"E:\Users\文少\Downloads\banana-slides-0.3.0\banana-slides-0.3.0\backend\services\image_editability\__init__.py","__init__.py",".py",3380,"2026-01-25 08:53","mag"
"E:\Users\文少\Downloads\banana-slides-0.3.0\banana-slides-0.3.0\scripts\test_docker_environment.sh","test_docker_environment.sh",".sh",9359,"2026-01-25 08:53","dock"
"E:\Users\文少\Downloads\banana-slides-0.3.0\banana-slides-0.3.0\tests\docker\test_docker_environment.sh","test_docker_environment.sh",".sh",8183,"2026-01-25 08:53","dock"
"E:\Users\文少\Downloads\c_AMPs-prediction-master\c_AMPs-prediction-master\c_AMPs-Prediction.md","c_AMPs-Prediction.md",".md",27061,"2022-05-16 19:19","amp"
"E:\Users\文少\Downloads\c_AMPs-prediction-master\c_AMPs-prediction-master\README.md","README.md",".md",1138,"2022-05-16 19:19","amp"
"E:\Users\文少\Downloads\c_AMPs-prediction-master\c_AMPs-prediction-master\requirement.txt","requirement.txt",".txt",236,"2022-05-16 19:19","amp"
"E:\Users\文少\Downloads\c_AMPs-prediction-master\c_AMPs-prediction-master\bert_sklearn\config.py","config.py",".py",3057,"2022-05-16 19:19","amp"
"E:\Users\文少\Downloads\c_AMPs-prediction-master\c_AMPs-prediction-master\bert_sklearn\data.py","data.py",".py",5843,"2022-05-16 19:19","amp"
"E:\Users\文少\Downloads\c_AMPs-prediction-master\c_AMPs-prediction-master\bert_sklearn\finetune.py","finetune.py",".py",14609,"2022-05-16 19:19","amp"
"E:\Users\文少\Downloads\c_AMPs-prediction-master\c_AMPs-prediction-master\bert_sklearn\model.py","model.py",".py",3528,"2022-05-16 19:19","amp"
"E:\Users\文少\Downloads\c_AMPs-prediction-master\c_AMPs-prediction-master\bert_sklearn\setup.py","setup.py",".py",576,"2022-05-16 19:19","amp"
"E:\Users\文少\Downloads\c_AMPs-prediction-master\c_AMPs-prediction-master\bert_sklearn\sklearn.py","sklearn.py",".py",22976,"2022-05-16 19:19","amp"
"E:\Users\文少\Downloads\c_AMPs-prediction-master\c_AMPs-prediction-master\bert_sklearn\utils.py","utils.py",".py",8623,"2022-05-16 19:19","amp"
"E:\Users\文少\Downloads\c_AMPs-prediction-master\c_AMPs-prediction-master\bert_sklearn\__init__.py","__init__.py",".py",278,"2022-05-16 19:19","amp"
"E:\Users\文少\Downloads\c_AMPs-prediction-master\c_AMPs-prediction-master\bert_sklearn\data\data.py","data.py",".py",8521,"2022-05-16 19:19","amp"
"E:\Users\文少\Downloads\c_AMPs-prediction-master\c_AMPs-prediction-master\bert_sklearn\data\utils.py","utils.py",".py",5635,"2022-05-16 19:19","amp"
"E:\Users\文少\Downloads\c_AMPs-prediction-master\c_AMPs-prediction-master\bert_sklearn\data\__init__.py","__init__.py",".py",193,"2022-05-16 19:19","amp"
"E:\Users\文少\Downloads\c_AMPs-prediction-master\c_AMPs-prediction-master\bert_sklearn\model\model.py","model.py",".py",3853,"2022-05-16 19:19","amp"
"E:\Users\文少\Downloads\c_AMPs-prediction-master\c_AMPs-prediction-master\bert_sklearn\model\utils.py","utils.py",".py",3702,"2022-05-16 19:19","amp"
"E:\Users\文少\Downloads\c_AMPs-prediction-master\c_AMPs-prediction-master\bert_sklearn\model\__init__.py","__init__.py",".py",96,"2022-05-16 19:19","amp"
"E:\Users\文少\Downloads\c_AMPs-prediction-master\c_AMPs-prediction-master\bert_sklearn\model\pytorch_pretrained\file_utils.py","file_utils.py",".py",11373,"2022-05-16 19:19","amp"
"E:\Users\文少\Downloads\c_AMPs-prediction-master\c_AMPs-prediction-master\bert_sklearn\model\pytorch_pretrained\modeling.py","modeling.py",".py",83396,"2022-05-16 19:19","amp"
"E:\Users\文少\Downloads\c_AMPs-prediction-master\c_AMPs-prediction-master\bert_sklearn\model\pytorch_pretrained\optimization.py","optimization.py",".py",13028,"2022-05-16 19:19","amp"
"E:\Users\文少\Downloads\c_AMPs-prediction-master\c_AMPs-prediction-master\bert_sklearn\model\pytorch_pretrained\tokenization.py","tokenization.py",".py",21828,"2022-05-16 19:19","amp"
"E:\Users\文少\Downloads\c_AMPs-prediction-master\c_AMPs-prediction-master\bert_sklearn\model\pytorch_pretrained\__init__.py","__init__.py",".py",613,"2022-05-16 19:19","amp"
"E:\Users\文少\Downloads\c_AMPs-prediction-master\c_AMPs-prediction-master\Data\AMPs.fa","AMPs.fa",".fa",36980,"2022-05-16 19:19","amp"
"E:\Users\文少\Downloads\c_AMPs-prediction-master\c_AMPs-prediction-master\Data\Non-AMPs.fa","Non-AMPs.fa",".fa",2979700,"2022-05-16 19:19","amp"
"E:\Users\文少\Downloads\c_AMPs-prediction-master\c_AMPs-prediction-master\script\Attention.py","Attention.py",".py",2118,"2025-12-28 20:42","amp"
"E:\Users\文少\Downloads\c_AMPs-prediction-master\c_AMPs-prediction-master\script\prediction_attention.py","prediction_attention.py",".py",422,"2022-05-16 19:19","amp"
"E:\Users\文少\Downloads\c_AMPs-prediction-master\c_AMPs-prediction-master\script\prediction_bert.py","prediction_bert.py",".py",694,"2022-05-16 19:19","amp"
"E:\Users\文少\Downloads\c_AMPs-prediction-master\c_AMPs-prediction-master\script\prediction_lstm.py","prediction_lstm.py",".py",345,"2022-05-16 19:19","amp"
"E:\Users\文少\Downloads\dbAMP2024\dbAMP2024\dbAMP3_pepinfo.xlsx","dbAMP3_pepinfo.xlsx",".xlsx",3358590,"2024-09-02 14:24","amp"
"E:\Users\文少\Downloads\dbAMP2024\__MACOSX\dbAMP2024\._dbAMP3.fasta","._dbAMP3.fasta",".fasta",219,"2024-09-02 13:47","amp"
"E:\Users\文少\Downloads\dbAMP2024\__MACOSX\dbAMP2024\._dbAMP3_pepinfo.xlsx","._dbAMP3_pepinfo.xlsx",".xlsx",278,"2024-09-02 14:24","amp"
"E:\Users\文少\Downloads\dbAMP2024-1\dbAMP2024\dbAMP3.fasta","dbAMP3.fasta",".fasta",1918833,"2024-09-02 13:47","amp"
"E:\Users\文少\Downloads\dbAMP2024-1\dbAMP2024\dbAMP3_pepinfo.xlsx","dbAMP3_pepinfo.xlsx",".xlsx",3358590,"2024-09-02 14:24","amp"
"E:\Users\文少\Downloads\dbAMP2024-1\__MACOSX\dbAMP2024\._dbAMP3.fasta","._dbAMP3.fasta",".fasta",219,"2024-09-02 13:47","amp"
"E:\Users\文少\Downloads\dbAMP2024-1\__MACOSX\dbAMP2024\._dbAMP3_pepinfo.xlsx","._dbAMP3_pepinfo.xlsx",".xlsx",278,"2024-09-02 14:24","amp"
"E:\Users\文少\Downloads\EasyAmplicon-2.00\01Install.sh","01Install.sh",".sh",6596,"2025-06-25 01:59","amp"
"E:\Users\文少\Downloads\EasyAmplicon-2.00\02Illumina_pipeline.sh","02Illumina_pipeline.sh",".sh",19223,"2025-06-25 01:59","amp"
"E:\Users\文少\Downloads\EasyAmplicon-2.00\03PacBio_pipline.sh","03PacBio_pipline.sh",".sh",38743,"2025-06-25 01:59","amp"
"E:\Users\文少\Downloads\EasyAmplicon-2.00\04ONT_pipline.sh","04ONT_pipline.sh",".sh",38923,"2025-06-25 01:59","amp"
"E:\Users\文少\Downloads\EasyAmplicon-2.00\05StatPlots.sh","05StatPlots.sh",".sh",30672,"2025-06-25 01:59","amp"
"E:\Users\文少\Downloads\EasyAmplicon-2.00\Database_readme.txt","Database_readme.txt",".txt",3568,"2025-06-25 01:59","amp"
"E:\Users\文少\Downloads\EasyAmplicon-2.00\EasyAmplicon.yaml","EasyAmplicon.yaml",".yaml",9336,"2025-06-25 01:59","amp"
"E:\Users\文少\Downloads\EasyAmplicon-2.00\pipeline.sh","pipeline.sh",".sh",62520,"2025-06-25 01:59","amp"
"E:\Users\文少\Downloads\EasyAmplicon-2.00\pipeline_en.sh","pipeline_en.sh",".sh",72754,"2025-06-25 01:59","amp"
"E:\Users\文少\Downloads\EasyAmplicon-2.00\pipeline_mac.sh","pipeline_mac.sh",".sh",63587,"2025-06-25 01:59","amp"
"E:\Users\文少\Downloads\EasyAmplicon-2.00\README.md","README.md",".md",6408,"2025-06-25 01:59","amp"
"E:\Users\文少\Downloads\EasyAmplicon-2.00\README_cn.md","README_cn.md",".md",8412,"2025-06-25 01:59","amp"
"E:\Users\文少\Downloads\EasyAmplicon-2.00\advanced\EnvironmentalFactors\env.txt","env.txt",".txt",7750,"2025-06-25 01:59","amp"
"E:\Users\文少\Downloads\EasyAmplicon-2.00\advanced\EnvironmentalFactors\env_table.txt","env_table.txt",".txt",1467,"2025-06-25 01:59","amp"
"E:\Users\文少\Downloads\EasyAmplicon-2.00\advanced\EnvironmentalFactors\group.txt","group.txt",".txt",311,"2025-06-25 01:59","amp"
"E:\Users\文少\Downloads\EasyAmplicon-2.00\advanced\EnvironmentalFactors\metadata.txt","metadata.txt",".txt",1864,"2025-06-25 01:59","amp"
"E:\Users\文少\Downloads\EasyAmplicon-2.00\advanced\EnvironmentalFactors\otutab.txt","otutab.txt",".txt",1848050,"2025-06-25 01:59","amp"
"E:\Users\文少\Downloads\EasyAmplicon-2.00\advanced\EnvironmentalFactors\otu_cca_env.scaling1.txt","otu_cca_env.scaling1.txt",".txt",365,"2025-06-25 01:59","amp"
"E:\Users\文少\Downloads\EasyAmplicon-2.00\advanced\EnvironmentalFactors\otu_cca_site.scaling1.txt","otu_cca_site.scaling1.txt",".txt",6636,"2025-06-25 01:59","amp"
"E:\Users\文少\Downloads\EasyAmplicon-2.00\advanced\EnvironmentalFactors\otu_cca_sp.scaling1.txt","otu_cca_sp.scaling1.txt",".txt",429215,"2025-06-25 01:59","amp"
"E:\Users\文少\Downloads\EasyAmplicon-2.00\advanced\EnvironmentalFactors\phylum_table.txt","phylum_table.txt",".txt",3553,"2025-06-25 01:59","amp"
"E:\Users\文少\Downloads\EasyAmplicon-2.00\advanced\EnvironmentalFactors\rda_site.scaling1.csv","rda_site.scaling1.csv",".csv",1211,"2025-06-25 01:59","amp"
"E:\Users\文少\Downloads\EasyAmplicon-2.00\advanced\MarkovChain\data_markov.txt","data_markov.txt",".txt",32118,"2025-06-25 01:59","amp"
"E:\Users\文少\Downloads\EasyAmplicon-2.00\advanced\microeco\env.txt","env.txt",".txt",1382,"2025-06-25 01:59","amp"
"E:\Users\文少\Downloads\EasyAmplicon-2.00\advanced\microeco\metadata.txt","metadata.txt",".txt",3374,"2025-06-25 01:59","amp"
"E:\Users\文少\Downloads\EasyAmplicon-2.00\advanced\microeco\otutab.txt","otutab.txt",".txt",77425,"2025-06-25 01:59","amp"
"E:\Users\文少\Downloads\EasyAmplicon-2.00\advanced\microeco\taxonomy.txt","taxonomy.txt",".txt",160996,"2025-06-25 01:59","amp"
"E:\Users\文少\Downloads\EasyAmplicon-2.00\advanced\microeco\alpha\alpha_diversity.csv","alpha_diversity.csv",".csv",3353,"2025-06-25 01:59","amp"
"E:\Users\文少\Downloads\EasyAmplicon-2.00\advanced\microeco\alpha\summary.txt","summary.txt",".txt",1790,"2025-06-25 01:59","amp"
"E:\Users\文少\Downloads\EasyAmplicon-2.00\advanced\microeco\beta\bray.csv","bray.csv",".csv",5730,"2025-06-25 01:59","amp"
"E:\Users\文少\Downloads\EasyAmplicon-2.00\advanced\microeco\beta\jaccard.csv","jaccard.csv",".csv",5724,"2025-06-25 01:59","amp"
"E:\Users\文少\Downloads\EasyAmplicon-2.00\advanced\microeco\beta\unwei_unifrac.csv","unwei_unifrac.csv",".csv",5786,"2025-06-25 01:59","amp"
"E:\Users\文少\Downloads\EasyAmplicon-2.00\advanced\microeco\beta\wei_unifrac.csv","wei_unifrac.csv",".csv",5778,"2025-06-25 01:59","amp"
"E:\Users\文少\Downloads\EasyAmplicon-2.00\advanced\microeco\env\mantel.txt","mantel.txt",".txt",346,"2025-06-25 01:59","amp"
"E:\Users\文少\Downloads\EasyAmplicon-2.00\advanced\microeco\net\attribution.txt","attribution.txt",".txt",247,"2025-06-25 01:59","amp"
"E:\Users\文少\Downloads\EasyAmplicon-2.00\advanced\microeco\net\node_module.txt","node_module.txt",".txt",9596,"2025-06-25 01:59","amp"
"E:\Users\文少\Downloads\EasyAmplicon-2.00\advanced\microeco\net\res_eigen.txt","res_eigen.txt",".txt",2332,"2025-06-25 01:59","amp"
"E:\Users\文少\Downloads\EasyAmplicon-2.00\advanced\microeco\ref\alpha_diversity\alpha_diversity.csv","alpha_diversity.csv",".csv",14951,"2025-06-25 01:59","amp"
"E:\Users\文少\Downloads\EasyAmplicon-2.00\advanced\microeco\ref\beta_diversity\bray.csv","bray.csv",".csv",144508,"2025-06-25 01:59","amp"
"E:\Users\文少\Downloads\EasyAmplicon-2.00\advanced\microeco\ref\beta_diversity\jaccard.csv","jaccard.csv",".csv",144500,"2025-06-25 01:59","amp"
"E:\Users\文少\Downloads\EasyAmplicon-2.00\advanced\microeco\ref\beta_diversity\unwei_unifrac.csv","unwei_unifrac.csv",".csv",144574,"2025-06-25 01:59","amp"
"E:\Users\文少\Downloads\EasyAmplicon-2.00\advanced\microeco\ref\beta_diversity\wei_unifrac.csv","wei_unifrac.csv",".csv",144498,"2025-06-25 01:59","amp"
"E:\Users\文少\Downloads\EasyAmplicon-2.00\advanced\microeco\ref\taxa_abund\Class_abund.csv","Class_abund.csv",".csv",208833,"2025-06-25 01:59","amp"
"E:\Users\文少\Downloads\EasyAmplicon-2.00\advanced\microeco\ref\taxa_abund\Family_abund.csv","Family_abund.csv",".csv",777815,"2025-06-25 01:59","amp"
"E:\Users\文少\Downloads\EasyAmplicon-2.00\advanced\microeco\ref\taxa_abund\Genus_abund.csv","Genus_abund.csv",".csv",1407825,"2025-06-25 01:59","amp"
"E:\Users\文少\Downloads\EasyAmplicon-2.00\advanced\microeco\ref\taxa_abund\Kingdom_abund.csv","Kingdom_abund.csv",".csv",3897,"2025-06-25 01:59","amp"
"E:\Users\文少\Downloads\EasyAmplicon-2.00\advanced\microeco\ref\taxa_abund\Order_abund.csv","Order_abund.csv",".csv",415571,"2025-06-25 01:59","amp"
"E:\Users\文少\Downloads\EasyAmplicon-2.00\advanced\microeco\ref\taxa_abund\Phylum_abund.csv","Phylum_abund.csv",".csv",80232,"2025-06-25 01:59","amp"
"E:\Users\文少\Downloads\EasyAmplicon-2.00\advanced\microeco\ref\taxa_abund\Species_abund.csv","Species_abund.csv",".csv",1434003,"2025-06-25 01:59","amp"
"E:\Users\文少\Downloads\EasyAmplicon-2.00\advanced\microeco\tax\Class_abund.csv","Class_abund.csv",".csv",12975,"2025-06-25 01:59","amp"
"E:\Users\文少\Downloads\EasyAmplicon-2.00\advanced\microeco\tax\Family_abund.csv","Family_abund.csv",".csv",51941,"2025-06-25 01:59","amp"
"E:\Users\文少\Downloads\EasyAmplicon-2.00\advanced\microeco\tax\Genus_abund.csv","Genus_abund.csv",".csv",95098,"2025-06-25 01:59","amp"
"E:\Users\文少\Downloads\EasyAmplicon-2.00\advanced\microeco\tax\Kingdom_abund.csv","Kingdom_abund.csv",".csv",163,"2025-06-25 01:59","amp"
"E:\Users\文少\Downloads\EasyAmplicon-2.00\advanced\microeco\tax\Order_abund.csv","Order_abund.csv",".csv",26148,"2025-06-25 01:59","amp"
"E:\Users\文少\Downloads\EasyAmplicon-2.00\advanced\microeco\tax\Phylum_abund.csv","Phylum_abund.csv",".csv",5011,"2025-06-25 01:59","amp"
"E:\Users\文少\Downloads\EasyAmplicon-2.00\advanced\microeco\tax\Species_abund.csv","Species_abund.csv",".csv",98206,"2025-06-25 01:59","amp"
"E:\Users\文少\Downloads\EasyAmplicon-2.00\advanced\Network2Compare\abundance_cd2+.txt","abundance_cd2+.txt",".txt",14917,"2025-06-25 01:59","amp"
"E:\Users\文少\Downloads\EasyAmplicon-2.00\advanced\Network2Compare\abundance_cd2+.vip.txt","abundance_cd2+.vip.txt",".txt",99,"2025-06-25 01:59","amp"
"E:\Users\文少\Downloads\EasyAmplicon-2.00\advanced\Network2Compare\abundance_cd2+_correlation.txt","abundance_cd2+_correlation.txt",".txt",135375,"2025-06-25 01:59","amp"
"E:\Users\文少\Downloads\EasyAmplicon-2.00\advanced\Network2Compare\abundance_cd2+_edge.csv","abundance_cd2+_edge.csv",".csv",2328,"2025-06-25 01:59","amp"
"E:\Users\文少\Downloads\EasyAmplicon-2.00\advanced\Network2Compare\abundance_cd2+_edge.txt","abundance_cd2+_edge.txt",".txt",2328,"2025-06-25 01:59","amp"
"E:\Users\文少\Downloads\EasyAmplicon-2.00\advanced\Network2Compare\abundance_cd2+_network_degree.txt","abundance_cd2+_network_degree.txt",".txt",723,"2025-06-25 01:59","amp"
"E:\Users\文少\Downloads\EasyAmplicon-2.00\advanced\Network2Compare\abundance_cd2+_node.csv","abundance_cd2+_node.csv",".csv",2713,"2025-06-25 01:59","amp"
"E:\Users\文少\Downloads\EasyAmplicon-2.00\advanced\Network2Compare\abundance_cd2+_node.txt","abundance_cd2+_node.txt",".txt",2713,"2025-06-25 01:59","amp"
"E:\Users\文少\Downloads\EasyAmplicon-2.00\advanced\Network2Compare\abundance_cd2+_pvalue.txt","abundance_cd2+_pvalue.txt",".txt",75390,"2025-06-25 01:59","amp"
"E:\Users\文少\Downloads\EasyAmplicon-2.00\advanced\Network2Compare\abundance_cd2-.txt","abundance_cd2-.txt",".txt",13768,"2025-06-25 01:59","amp"
"E:\Users\文少\Downloads\EasyAmplicon-2.00\advanced\Network2Compare\abundance_cd2-.vip.txt","abundance_cd2-.vip.txt",".txt",98,"2025-06-25 01:59","amp"
"E:\Users\文少\Downloads\EasyAmplicon-2.00\advanced\Network2Compare\abundance_cd2-_correlation.txt","abundance_cd2-_correlation.txt",".txt",148561,"2025-06-25 01:59","amp"
"E:\Users\文少\Downloads\EasyAmplicon-2.00\advanced\Network2Compare\abundance_cd2-_edge.csv","abundance_cd2-_edge.csv",".csv",4751,"2025-06-25 01:59","amp"
"E:\Users\文少\Downloads\EasyAmplicon-2.00\advanced\Network2Compare\abundance_cd2-_edge.txt","abundance_cd2-_edge.txt",".txt",4751,"2025-06-25 01:59","amp"
"E:\Users\文少\Downloads\EasyAmplicon-2.00\advanced\Network2Compare\abundance_cd2-_network_degree.txt","abundance_cd2-_network_degree.txt",".txt",846,"2025-06-25 01:59","amp"
"E:\Users\文少\Downloads\EasyAmplicon-2.00\advanced\Network2Compare\abundance_cd2-_node.csv","abundance_cd2-_node.csv",".csv",2862,"2025-06-25 01:59","amp"
"E:\Users\文少\Downloads\EasyAmplicon-2.00\advanced\Network2Compare\abundance_cd2-_node.txt","abundance_cd2-_node.txt",".txt",2862,"2025-06-25 01:59","amp"
"E:\Users\文少\Downloads\EasyAmplicon-2.00\advanced\Network2Compare\abundance_cd2-_pvalue.txt","abundance_cd2-_pvalue.txt",".txt",83748,"2025-06-25 01:59","amp"
"E:\Users\文少\Downloads\EasyAmplicon-2.00\advanced\NetWorkModule\otutab.txt","otutab.txt",".txt",141105,"2025-06-25 01:59","amp"
"E:\Users\文少\Downloads\EasyAmplicon-2.00\advanced\RandomForestClassification\importance.txt","importance.txt",".txt",9392,"2025-06-25 01:59","amp"
"E:\Users\文少\Downloads\EasyAmplicon-2.00\advanced\RandomForestClassification\metadata.txt","metadata.txt",".txt",18621,"2025-06-25 01:59","amp"
"E:\Users\文少\Downloads\EasyAmplicon-2.00\advanced\RandomForestClassification\otutab.txt","otutab.txt",".txt",10020335,"2025-06-25 01:59","amp"
"E:\Users\文少\Downloads\EasyAmplicon-2.00\advanced\RandomForestClassification\rfcv.txt","rfcv.txt",".txt",722,"2025-06-25 01:59","amp"
"E:\Users\文少\Downloads\EasyAmplicon-2.00\advanced\RandomForestClassification\RF_prediction_binary.txt","RF_prediction_binary.txt",".txt",4820,"2025-06-25 01:59","amp"
"E:\Users\文少\Downloads\EasyAmplicon-2.00\advanced\RandomForestClassification\taxonomy.txt","taxonomy.txt",".txt",622741,"2025-06-25 01:59","amp"
"E:\Users\文少\Downloads\EasyAmplicon-2.00\advanced\RandomForestClassification\tax_1Kingdom.txt","tax_1Kingdom.txt",".txt",14026,"2025-06-25 01:59","amp"
"E:\Users\文少\Downloads\EasyAmplicon-2.00\advanced\RandomForestClassification\tax_2Phylum.txt","tax_2Phylum.txt",".txt",72910,"2025-06-25 01:59","amp"
"E:\Users\文少\Downloads\EasyAmplicon-2.00\advanced\RandomForestClassification\tax_3Class.txt","tax_3Class.txt",".txt",132266,"2025-06-25 01:59","amp"
"E:\Users\文少\Downloads\EasyAmplicon-2.00\advanced\RandomForestClassification\tax_4Order.txt","tax_4Order.txt",".txt",304753,"2025-06-25 01:59","amp"
"E:\Users\文少\Downloads\EasyAmplicon-2.00\advanced\RandomForestClassification\tax_5Family.txt","tax_5Family.txt",".txt",632522,"2025-06-25 01:59","amp"
"E:\Users\文少\Downloads\EasyAmplicon-2.00\advanced\RandomForestClassification\tax_6Genus.txt","tax_6Genus.txt",".txt",930363,"2025-06-25 01:59","amp"
"E:\Users\文少\Downloads\EasyAmplicon-2.00\advanced\RandomForestClassification\tax_7Species.txt","tax_7Species.txt",".txt",1127782,"2025-06-25 01:59","amp"
"E:\Users\文少\Downloads\EasyAmplicon-2.00\advanced\RandomForestClassification\tax_8OTU0.1.txt","tax_8OTU0.1.txt",".txt",1208991,"2025-06-25 01:59","amp"
"E:\Users\文少\Downloads\EasyAmplicon-2.00\advanced\RandomForestRegression\importance_class.txt","importance_class.txt",".txt",13976,"2025-06-25 01:59","amp"
"E:\Users\文少\Downloads\EasyAmplicon-2.00\advanced\RandomForestRegression\metadata.txt","metadata.txt",".txt",51710,"2025-06-25 01:59","amp"
"E:\Users\文少\Downloads\EasyAmplicon-2.00\advanced\RandomForestRegression\otu_table_tax_L3.txt","otu_table_tax_L3.txt",".txt",799796,"2025-06-25 01:59","amp"
"E:\Users\文少\Downloads\EasyAmplicon-2.00\advanced\RandomForestRegression\rfcv.txt","rfcv.txt",".txt",907,"2025-06-25 01:59","amp"
"E:\Users\文少\Downloads\EasyAmplicon-2.00\advanced\RandomForestRegression\test_predict.txt","test_predict.txt",".txt",3561,"2025-06-25 01:59","amp"
"E:\Users\文少\Downloads\EasyAmplicon-2.00\advanced\RandomForestRegression\train_predict.txt","train_predict.txt",".txt",7616,"2025-06-25 01:59","amp"
"E:\Users\文少\Downloads\EasyAmplicon-2.00\advanced\SourceTrackerFeast\FEAST_metadata.txt","FEAST_metadata.txt",".txt",10247,"2025-06-25 01:59","amp"
"E:\Users\文少\Downloads\EasyAmplicon-2.00\advanced\SourceTrackerFeast\FEAST_otu.txt","FEAST_otu.txt",".txt",1512281,"2025-06-25 01:59","amp"
"E:\Users\文少\Downloads\EasyAmplicon-2.00\advanced\SourceTrackerFeast\Feast_source_contributions_matrix.txt","Feast_source_contributions_matrix.txt",".txt",97953,"2025-06-25 01:59","amp"
"E:\Users\文少\Downloads\EasyAmplicon-2.00\advanced\SourceTrackerFeast\sourcetracker_metadata.txt","sourcetracker_metadata.txt",".txt",4141,"2025-06-25 01:59","amp"
"E:\Users\文少\Downloads\EasyAmplicon-2.00\advanced\SourceTrackerFeast\sourcetracker_otu.txt","sourcetracker_otu.txt",".txt",4170993,"2025-06-25 01:59","amp"
"E:\Users\文少\Downloads\EasyAmplicon-2.00\qiime2\metadata.txt","metadata.txt",".txt",3374,"2025-06-25 01:59","amp"
"E:\Users\文少\Downloads\EasyAmplicon-2.00\qiime2\otus.fa","otus.fa",".fa",540776,"2025-06-25 01:59","amp"
"E:\Users\文少\Downloads\EasyAmplicon-2.00\qiime2\otutab.txt","otutab.txt",".txt",66121,"2025-06-25 01:59","amp"
"E:\Users\文少\Downloads\EasyAmplicon-2.00\qiime2\pipeline_qiime2.sh","pipeline_qiime2.sh",".sh",14579,"2025-06-25 01:59","amp"
"E:\Users\文少\Downloads\EasyAmplicon-2.00\qiime2\pipeline_qiime2_en.sh","pipeline_qiime2_en.sh",".sh",16637,"2025-06-25 01:59","amp"
"E:\Users\文少\Downloads\EasyAmplicon-2.00\qiime2\qiime2-2023.2-py38-linux-conda.yml","qiime2-2023.2-py38-linux-conda.yml",".yml",15384,"2025-06-25 01:59","amp"
"E:\Users\文少\Downloads\EasyAmplicon-2.00\qiime2\qiime2-2023.5-py38-linux-conda.yml","qiime2-2023.5-py38-linux-conda.yml",".yml",15906,"2025-06-25 01:59","amp"
"E:\Users\文少\Downloads\EasyAmplicon-2.00\result\alpha_boxplot_TukeyHSD.txt","alpha_boxplot_TukeyHSD.txt",".txt",1832,"2025-06-25 01:59","amp"
"E:\Users\文少\Downloads\EasyAmplicon-2.00\result\beta_pcoa_stat.txt","beta_pcoa_stat.txt",".txt",211,"2025-06-25 01:59","amp"
"E:\Users\文少\Downloads\EasyAmplicon-2.00\result\md5sum.txt","md5sum.txt",".txt",1638,"2025-06-25 01:59","amp"
"E:\Users\文少\Downloads\EasyAmplicon-2.00\result\metadata.txt","metadata.txt",".txt",3374,"2025-06-25 01:59","amp"
"E:\Users\文少\Downloads\EasyAmplicon-2.00\result\metadata_raw.txt","metadata_raw.txt",".txt",3374,"2025-06-25 01:59","amp"
"E:\Users\文少\Downloads\EasyAmplicon-2.00\result\otus.fa","otus.fa",".fa",540776,"2025-06-25 01:59","amp"
"E:\Users\文少\Downloads\EasyAmplicon-2.00\result\otutab.txt","otutab.txt",".txt",66121,"2025-06-25 01:59","amp"
"E:\Users\文少\Downloads\EasyAmplicon-2.00\result\otutab_mean.txt","otutab_mean.txt",".txt",70626,"2025-06-25 01:59","amp"
"E:\Users\文少\Downloads\EasyAmplicon-2.00\result\otutab_rare.txt","otutab_rare.txt",".txt",65578,"2025-06-25 01:59","amp"
"E:\Users\文少\Downloads\EasyAmplicon-2.00\result\seqkit.txt","seqkit.txt",".txt",2923,"2025-06-25 01:59","amp"
"E:\Users\文少\Downloads\EasyAmplicon-2.00\result\taxonomy.txt","taxonomy.txt",".txt",142720,"2025-06-25 01:59","amp"
"E:\Users\文少\Downloads\EasyAmplicon-2.00\result\taxonomy2.txt","taxonomy2.txt",".txt",144520,"2025-06-25 01:59","amp"
"E:\Users\文少\Downloads\EasyAmplicon-2.00\result\alpha\alpha.txt","alpha.txt",".txt",1814,"2025-06-25 01:59","amp"
"E:\Users\文少\Downloads\EasyAmplicon-2.00\result\alpha\alpha_boxplot_TukeyHSD.txt","alpha_boxplot_TukeyHSD.txt",".txt",916,"2025-06-25 01:59","amp"
"E:\Users\文少\Downloads\EasyAmplicon-2.00\result\alpha\alpha_rare.txt","alpha_rare.txt",".txt",11962,"2025-06-25 01:59","amp"
"E:\Users\文少\Downloads\EasyAmplicon-2.00\result\alpha\otu_group_exist.txt","otu_group_exist.txt",".txt",8499,"2025-06-25 01:59","amp"
"E:\Users\文少\Downloads\EasyAmplicon-2.00\result\alpha\vegan.txt","vegan.txt",".txt",1609,"2025-06-25 01:59","amp"
"E:\Users\文少\Downloads\EasyAmplicon-2.00\result\beta\adonis_var.txt","adonis_var.txt",".txt",379,"2025-06-25 01:59","amp"
"E:\Users\文少\Downloads\EasyAmplicon-2.00\result\beta\adonis_var_group.txt","adonis_var_group.txt",".txt",232,"2025-06-25 01:59","amp"
"E:\Users\文少\Downloads\EasyAmplicon-2.00\result\beta\beta_pcoa_stat.txt","beta_pcoa_stat.txt",".txt",52,"2025-06-25 01:59","amp"
"E:\Users\文少\Downloads\EasyAmplicon-2.00\result\beta\bray_curtis.sorted.txt","bray_curtis.sorted.txt",".txt",2047,"2025-06-25 01:59","amp"
"E:\Users\文少\Downloads\EasyAmplicon-2.00\result\beta\bray_curtis.txt","bray_curtis.txt",".txt",2047,"2025-06-25 01:59","amp"
"E:\Users\文少\Downloads\EasyAmplicon-2.00\result\beta\bray_curtis_binary.sorted.txt","bray_curtis_binary.sorted.txt",".txt",2054,"2025-06-25 01:59","amp"
"E:\Users\文少\Downloads\EasyAmplicon-2.00\result\beta\bray_curtis_binary.txt","bray_curtis_binary.txt",".txt",2054,"2025-06-25 01:59","amp"
"E:\Users\文少\Downloads\EasyAmplicon-2.00\result\beta\euclidean.sorted.txt","euclidean.sorted.txt",".txt",1739,"2025-06-25 01:59","amp"
"E:\Users\文少\Downloads\EasyAmplicon-2.00\result\beta\euclidean.txt","euclidean.txt",".txt",1739,"2025-06-25 01:59","amp"
"E:\Users\文少\Downloads\EasyAmplicon-2.00\result\beta\jaccard.sorted.txt","jaccard.sorted.txt",".txt",2043,"2025-06-25 01:59","amp"
"E:\Users\文少\Downloads\EasyAmplicon-2.00\result\beta\jaccard.txt","jaccard.txt",".txt",2043,"2025-06-25 01:59","amp"
"E:\Users\文少\Downloads\EasyAmplicon-2.00\result\beta\jaccard_binary.sorted.txt","jaccard_binary.sorted.txt",".txt",2050,"2025-06-25 01:59","amp"
"E:\Users\文少\Downloads\EasyAmplicon-2.00\result\beta\jaccard_binary.txt","jaccard_binary.txt",".txt",2050,"2025-06-25 01:59","amp"
"E:\Users\文少\Downloads\EasyAmplicon-2.00\result\beta\manhatten.sorted.txt","manhatten.sorted.txt",".txt",2045,"2025-06-25 01:59","amp"
"E:\Users\文少\Downloads\EasyAmplicon-2.00\result\beta\manhatten.txt","manhatten.txt",".txt",2045,"2025-06-25 01:59","amp"
"E:\Users\文少\Downloads\EasyAmplicon-2.00\result\beta\unifrac.sorted.txt","unifrac.sorted.txt",".txt",2065,"2025-06-25 01:59","amp"
"E:\Users\文少\Downloads\EasyAmplicon-2.00\result\beta\unifrac.txt","unifrac.txt",".txt",2065,"2025-06-25 01:59","amp"
"E:\Users\文少\Downloads\EasyAmplicon-2.00\result\beta\unifrac_binary.sorted.txt","unifrac_binary.sorted.txt",".txt",2296,"2025-06-25 01:59","amp"
"E:\Users\文少\Downloads\EasyAmplicon-2.00\result\beta\unifrac_binary.txt","unifrac_binary.txt",".txt",2296,"2025-06-25 01:59","amp"
"E:\Users\文少\Downloads\EasyAmplicon-2.00\result\bugbase\normalized_otus\16s_normalized_otus.txt","16s_normalized_otus.txt",".txt",107060,"2025-06-25 01:59","amp"
"E:\Users\文少\Downloads\EasyAmplicon-2.00\result\bugbase\otu_contributions\contributing_otus.txt","contributing_otus.txt",".txt",72200,"2025-06-25 01:59","amp"
"E:\Users\文少\Downloads\EasyAmplicon-2.00\result\bugbase\predicted_phenotypes\Aerobic_stats.txt","Aerobic_stats.txt",".txt",691,"2025-06-25 01:59","amp"
"E:\Users\文少\Downloads\EasyAmplicon-2.00\result\bugbase\predicted_phenotypes\Anaerobic_stats.txt","Anaerobic_stats.txt",".txt",736,"2025-06-25 01:59","amp"
"E:\Users\文少\Downloads\EasyAmplicon-2.00\result\bugbase\predicted_phenotypes\Contains_Mobile_Elements_stats.txt","Contains_Mobile_Elements_stats.txt",".txt",708,"2025-06-25 01:59","amp"
"E:\Users\文少\Downloads\EasyAmplicon-2.00\result\bugbase\predicted_phenotypes\Facultatively_Anaerobic_stats.txt","Facultatively_Anaerobic_stats.txt",".txt",714,"2025-06-25 01:59","amp"
"E:\Users\文少\Downloads\EasyAmplicon-2.00\result\bugbase\predicted_phenotypes\Forms_Biofilms_stats.txt","Forms_Biofilms_stats.txt",".txt",724,"2025-06-25 01:59","amp"
"E:\Users\文少\Downloads\EasyAmplicon-2.00\result\bugbase\predicted_phenotypes\Gram_Negative_stats.txt","Gram_Negative_stats.txt",".txt",691,"2025-06-25 01:59","amp"
"E:\Users\文少\Downloads\EasyAmplicon-2.00\result\bugbase\predicted_phenotypes\Gram_Positive_stats.txt","Gram_Positive_stats.txt",".txt",691,"2025-06-25 01:59","amp"
"E:\Users\文少\Downloads\EasyAmplicon-2.00\result\bugbase\predicted_phenotypes\Potentially_Pathogenic_stats.txt","Potentially_Pathogenic_stats.txt",".txt",713,"2025-06-25 01:59","amp"
"E:\Users\文少\Downloads\EasyAmplicon-2.00\result\bugbase\predicted_phenotypes\predictions.txt","predictions.txt",".txt",3160,"2025-06-25 01:59","amp"
"E:\Users\文少\Downloads\EasyAmplicon-2.00\result\bugbase\predicted_phenotypes\Stress_Tolerant_stats.txt","Stress_Tolerant_stats.txt",".txt",706,"2025-06-25 01:59","amp"
"E:\Users\文少\Downloads\EasyAmplicon-2.00\result\bugbase\thresholds\thresholds_used.txt","thresholds_used.txt",".txt",222,"2025-06-25 01:59","amp"
"E:\Users\文少\Downloads\EasyAmplicon-2.00\result\bugbase\thresholds\variances.txt","variances.txt",".txt",4772,"2025-06-25 01:59","amp"
"E:\Users\文少\Downloads\EasyAmplicon-2.00\result\compare\count_0LEfSe.txt","count_0LEfSe.txt",".txt",78361,"2025-06-25 01:59","amp"
"E:\Users\文少\Downloads\EasyAmplicon-2.00\result\compare\count_1Kingdom.txt","count_1Kingdom.txt",".txt",199,"2025-06-25 01:59","amp"
"E:\Users\文少\Downloads\EasyAmplicon-2.00\result\compare\count_2Phylum.txt","count_2Phylum.txt",".txt",1440,"2025-06-25 01:59","amp"
"E:\Users\文少\Downloads\EasyAmplicon-2.00\result\compare\count_3Class.txt","count_3Class.txt",".txt",3925,"2025-06-25 01:59","amp"
"E:\Users\文少\Downloads\EasyAmplicon-2.00\result\compare\count_4Order.txt","count_4Order.txt",".txt",9237,"2025-06-25 01:59","amp"
"E:\Users\文少\Downloads\EasyAmplicon-2.00\result\compare\count_5Family.txt","count_5Family.txt",".txt",19987,"2025-06-25 01:59","amp"
"E:\Users\文少\Downloads\EasyAmplicon-2.00\result\compare\count_6Genus.txt","count_6Genus.txt",".txt",43972,"2025-06-25 01:59","amp"
"E:\Users\文少\Downloads\EasyAmplicon-2.00\result\compare\count_7Species.txt","count_7Species.txt",".txt",47659,"2025-06-25 01:59","amp"
"E:\Users\文少\Downloads\EasyAmplicon-2.00\result\compare\count_8OTU0.01.txt","count_8OTU0.01.txt",".txt",59631,"2025-06-25 01:59","amp"
"E:\Users\文少\Downloads\EasyAmplicon-2.00\result\compare\KO-OEotu_KOvsOE_enriched.txt","KO-OEotu_KOvsOE_enriched.txt",".txt",14061,"2025-06-25 01:59","amp"
"E:\Users\文少\Downloads\EasyAmplicon-2.00\result\compare\KO-OEotu_OEvsKO_enriched.txt","KO-OEotu_OEvsKO_enriched.txt",".txt",18972,"2025-06-25 01:59","amp"
"E:\Users\文少\Downloads\EasyAmplicon-2.00\result\compare\KO-OE_all.txt","KO-OE_all.txt",".txt",320017,"2025-06-25 01:59","amp"
"E:\Users\文少\Downloads\EasyAmplicon-2.00\result\compare\KO-OE_sig.txt","KO-OE_sig.txt",".txt",32888,"2025-06-25 01:59","amp"
"E:\Users\文少\Downloads\EasyAmplicon-2.00\result\compare\KO-WT.txt","KO-WT.txt",".txt",27109,"2025-06-25 01:59","amp"
"E:\Users\文少\Downloads\EasyAmplicon-2.00\result\compare\ternary\metadata.txt","metadata.txt",".txt",1461,"2025-06-25 01:59","amp"
"E:\Users\文少\Downloads\EasyAmplicon-2.00\result\compare\ternary\otutab.txt","otutab.txt",".txt",133085,"2025-06-25 01:59","amp"
"E:\Users\文少\Downloads\EasyAmplicon-2.00\result\compare\ternary\otu_AvsB_enriched.txt","otu_AvsB_enriched.txt",".txt",24938,"2025-06-25 01:59","amp"
"E:\Users\文少\Downloads\EasyAmplicon-2.00\result\compare\ternary\otu_AvsC_enriched.txt","otu_AvsC_enriched.txt",".txt",9295,"2025-06-25 01:59","amp"
"E:\Users\文少\Downloads\EasyAmplicon-2.00\result\compare\ternary\otu_BvsA_enriched.txt","otu_BvsA_enriched.txt",".txt",45983,"2025-06-25 01:59","amp"
"E:\Users\文少\Downloads\EasyAmplicon-2.00\result\compare\ternary\otu_BvsC_enriched.txt","otu_BvsC_enriched.txt",".txt",8331,"2025-06-25 01:59","amp"
"E:\Users\文少\Downloads\EasyAmplicon-2.00\result\compare\ternary\otu_CvsA_enriched.txt","otu_CvsA_enriched.txt",".txt",15666,"2025-06-25 01:59","amp"
"E:\Users\文少\Downloads\EasyAmplicon-2.00\result\compare\ternary\otu_CvsB_enriched.txt","otu_CvsB_enriched.txt",".txt",3198,"2025-06-25 01:59","amp"
"E:\Users\文少\Downloads\EasyAmplicon-2.00\result\compare\ternary\tern.txt","tern.txt",".txt",5,"2025-06-25 01:59","amp"
"E:\Users\文少\Downloads\EasyAmplicon-2.00\result\compare\ternary\ter_ABCA.txt","ter_ABCA.txt",".txt",5462,"2025-06-25 01:59","amp"
"E:\Users\文少\Downloads\EasyAmplicon-2.00\result\compare\ternary\ter_ABCAvenn.txt","ter_ABCAvenn.txt",".txt",8711,"2025-06-25 01:59","amp"
"E:\Users\文少\Downloads\EasyAmplicon-2.00\result\compare\ternary\ter_ABCB.txt","ter_ABCB.txt",".txt",4615,"2025-06-25 01:59","amp"
"E:\Users\文少\Downloads\EasyAmplicon-2.00\result\compare\ternary\ter_ABCBvenn.txt","ter_ABCBvenn.txt",".txt",7728,"2025-06-25 01:59","amp"
"E:\Users\文少\Downloads\EasyAmplicon-2.00\result\compare\ternary\ter_ABCC.txt","ter_ABCC.txt",".txt",1342,"2025-06-25 01:59","amp"
"E:\Users\文少\Downloads\EasyAmplicon-2.00\result\compare\ternary\ter_ABCCvenn.txt","ter_ABCCvenn.txt",".txt",709,"2025-06-25 01:59","amp"
"E:\Users\文少\Downloads\EasyAmplicon-2.00\result\compare\ternary\ter_sum.txt","ter_sum.txt",".txt",88,"2025-06-25 01:59","amp"
"E:\Users\文少\Downloads\EasyAmplicon-2.00\result\faprotax\faprotax.txt","faprotax.txt",".txt",6200,"2025-06-25 01:59","amp"
"E:\Users\文少\Downloads\EasyAmplicon-2.00\result\faprotax\faprotax_report.txt","faprotax_report.txt",".txt",148531,"2025-06-25 01:59","amp"
"E:\Users\文少\Downloads\EasyAmplicon-2.00\result\gg\otutab.txt","otutab.txt",".txt",208810,"2025-06-25 01:59","amp"
"E:\Users\文少\Downloads\EasyAmplicon-2.00\result\lefse\lefse.res.txt","lefse.res.txt",".txt",8667,"2025-06-25 01:59","amp"
"E:\Users\文少\Downloads\EasyAmplicon-2.00\result\lefse\LEfSe.txt","LEfSe.txt",".txt",79867,"2025-06-25 01:59","amp"
"E:\Users\文少\Downloads\EasyAmplicon-2.00\result\lefse\LEfSe2.txt","LEfSe2.txt",".txt",82966,"2025-06-25 01:59","amp"
"E:\Users\文少\Downloads\EasyAmplicon-2.00\result\picrust\all_level.ko.L1.stamp.txt","all_level.ko.L1.stamp.txt",".txt",1593,"2025-06-25 01:59","amp"
"E:\Users\文少\Downloads\EasyAmplicon-2.00\result\picrust\all_level.ko.L1.txt","all_level.ko.L1.txt",".txt",1755,"2025-06-25 01:59","amp"
"E:\Users\文少\Downloads\EasyAmplicon-2.00\result\picrust\all_level.ko.L2.stamp.txt","all_level.ko.L2.stamp.txt",".txt",7305,"2025-06-25 01:59","amp"
"E:\Users\文少\Downloads\EasyAmplicon-2.00\result\picrust\all_level.ko.L2.txt","all_level.ko.L2.txt",".txt",9038,"2025-06-25 01:59","amp"
"E:\Users\文少\Downloads\EasyAmplicon-2.00\result\picrust\all_level.ko.L3.stamp.txt","all_level.ko.L3.stamp.txt",".txt",51537,"2025-06-25 01:59","amp"
"E:\Users\文少\Downloads\EasyAmplicon-2.00\result\picrust\all_level.ko.L3.txt","all_level.ko.L3.txt",".txt",75058,"2025-06-25 01:59","amp"
"E:\Users\文少\Downloads\EasyAmplicon-2.00\result\picrust\all_level.ko.txt","all_level.ko.txt",".txt",1056665,"2025-06-25 01:59","amp"
"E:\Users\文少\Downloads\EasyAmplicon-2.00\result\picrust\all_level.stamp.txt","all_level.stamp.txt",".txt",752769,"2025-06-25 01:59","amp"
"E:\Users\文少\Downloads\EasyAmplicon-2.00\result\picrust\KO-WT.txt","KO-WT.txt",".txt",6822,"2025-06-25 01:59","amp"
"E:\Users\文少\Downloads\EasyAmplicon-2.00\result\picrust\ko.txt","ko.txt",".txt",1056663,"2025-06-25 01:59","amp"
"E:\Users\文少\Downloads\EasyAmplicon-2.00\result\picrust\L2.anno.txt","L2.anno.txt",".txt",2737,"2025-06-25 01:59","amp"
"E:\Users\文少\Downloads\EasyAmplicon-2.00\result\picrust\L2.mat.txt","L2.mat.txt",".txt",7301,"2025-06-25 01:59","amp"
"E:\Users\文少\Downloads\EasyAmplicon-2.00\result\picrust\L2.txt","L2.txt",".txt",9034,"2025-06-25 01:59","amp"
"E:\Users\文少\Downloads\EasyAmplicon-2.00\result\picrust2\daa_LinDA_WT.txt","daa_LinDA_WT.txt",".txt",16233,"2025-06-25 01:59","amp"
"E:\Users\文少\Downloads\EasyAmplicon-2.00\result\picrust2\pathway_errorbar.txt","pathway_errorbar.txt",".txt",20533,"2025-06-25 01:59","amp"
"E:\Users\文少\Downloads\EasyAmplicon-2.00\result\raw\otus.fa","otus.fa",".fa",543992,"2025-06-25 01:59","amp"
"E:\Users\文少\Downloads\EasyAmplicon-2.00\result\raw\otutab.txt","otutab.txt",".txt",66527,"2025-06-25 01:59","amp"
"E:\Users\文少\Downloads\EasyAmplicon-2.00\result\stamp\genus_KOvsWT_exbar_sum_g.tsv","genus_KOvsWT_exbar_sum_g.tsv",".tsv",5873,"2025-06-25 01:59","amp"
"E:\Users\文少\Downloads\EasyAmplicon-2.00\result\stamp\KO-OE_otutab.txt","KO-OE_otutab.txt",".txt",7248,"2025-06-25 01:59","amp"
"E:\Users\文少\Downloads\EasyAmplicon-2.00\result\stamp\KO-OE_tax_6Genus.txt","KO-OE_tax_6Genus.txt",".txt",8008,"2025-06-25 01:59","amp"
"E:\Users\文少\Downloads\EasyAmplicon-2.00\result\stamp\KO-WT_otutab.txt","KO-WT_otutab.txt",".txt",6283,"2025-06-25 01:59","amp"
"E:\Users\文少\Downloads\EasyAmplicon-2.00\result\stamp\KO-WT_sum_g.txt","KO-WT_sum_g.txt",".txt",4250,"2025-06-25 01:59","amp"
"E:\Users\文少\Downloads\EasyAmplicon-2.00\result\stamp\KO-WT_tax_2Phylum.txt","KO-WT_tax_2Phylum.txt",".txt",709,"2025-06-25 01:59","amp"
"E:\Users\文少\Downloads\EasyAmplicon-2.00\result\stamp\KO-WT_tax_5Family.txt","KO-WT_tax_5Family.txt",".txt",4402,"2025-06-25 01:59","amp"
"E:\Users\文少\Downloads\EasyAmplicon-2.00\result\stamp\tax_1Kingdom.txt","tax_1Kingdom.txt",".txt",395,"2025-06-25 01:59","amp"
"E:\Users\文少\Downloads\EasyAmplicon-2.00\result\stamp\tax_2Phylum.txt","tax_2Phylum.txt",".txt",5635,"2025-06-25 01:59","amp"
"E:\Users\文少\Downloads\EasyAmplicon-2.00\result\stamp\tax_3Class.txt","tax_3Class.txt",".txt",14946,"2025-06-25 01:59","amp"
"E:\Users\文少\Downloads\EasyAmplicon-2.00\result\stamp\tax_4Order.txt","tax_4Order.txt",".txt",31187,"2025-06-25 01:59","amp"
"E:\Users\文少\Downloads\EasyAmplicon-2.00\result\stamp\tax_5Family.txt","tax_5Family.txt",".txt",63061,"2025-06-25 01:59","amp"
"E:\Users\文少\Downloads\EasyAmplicon-2.00\result\stamp\tax_6Genus.txt","tax_6Genus.txt",".txt",131030,"2025-06-25 01:59","amp"
"E:\Users\文少\Downloads\EasyAmplicon-2.00\result\stamp\tax_7Species.txt","tax_7Species.txt",".txt",134717,"2025-06-25 01:59","amp"
"E:\Users\文少\Downloads\EasyAmplicon-2.00\result\stamp\tax_8OTU0.01.txt","tax_8OTU0.01.txt",".txt",371926,"2025-06-25 01:59","amp"
"E:\Users\文少\Downloads\EasyAmplicon-2.00\result\tax\sum_c.txt","sum_c.txt",".txt",4025,"2025-06-25 01:59","amp"
"E:\Users\文少\Downloads\EasyAmplicon-2.00\result\tax\sum_f.txt","sum_f.txt",".txt",14132,"2025-06-25 01:59","amp"
"E:\Users\文少\Downloads\EasyAmplicon-2.00\result\tax\sum_g.txt","sum_g.txt",".txt",28475,"2025-06-25 01:59","amp"
"E:\Users\文少\Downloads\EasyAmplicon-2.00\result\tax\sum_o.txt","sum_o.txt",".txt",7210,"2025-06-25 01:59","amp"
"E:\Users\文少\Downloads\EasyAmplicon-2.00\result\tax\sum_p.txt","sum_p.txt",".txt",1842,"2025-06-25 01:59","amp"
"E:\Users\文少\Downloads\EasyAmplicon-2.00\result\tree\annotation.txt","annotation.txt",".txt",12375,"2025-06-25 01:59","amp"
"E:\Users\文少\Downloads\EasyAmplicon-2.00\result\tree\otus.fa","otus.fa",".fa",33960,"2025-06-25 01:59","amp"
"E:\Users\文少\Downloads\EasyAmplicon-2.00\result\tree\otutab.txt","otutab.txt",".txt",5580,"2025-06-25 01:59","amp"
"E:\Users\文少\Downloads\EasyAmplicon-2.00\result\tree\iqtree\otus.log","otus.log",".log",17213,"2025-06-25 01:59","amp"
"E:\Users\文少\Downloads\EasyAmplicon-2.00\result\tree\plan1\iTOL_colorstrip-Class.txt","iTOL_colorstrip-Class.txt",".txt",3290,"2025-06-25 01:59","amp"
"E:\Users\文少\Downloads\EasyAmplicon-2.00\result\tree\plan1\iTOL_colorstrip-Kingdom.txt","iTOL_colorstrip-Kingdom.txt",".txt",2358,"2025-06-25 01:59","amp"
"E:\Users\文少\Downloads\EasyAmplicon-2.00\result\tree\plan1\iTOL_colorstrip-Order.txt","iTOL_colorstrip-Order.txt",".txt",3173,"2025-06-25 01:59","amp"
"E:\Users\文少\Downloads\EasyAmplicon-2.00\result\tree\plan1\iTOL_colorstrip-Phylum.txt","iTOL_colorstrip-Phylum.txt",".txt",2953,"2025-06-25 01:59","amp"
"E:\Users\文少\Downloads\EasyAmplicon-2.00\result\tree\plan1\iTOL_colorstrip-Species.txt","iTOL_colorstrip-Species.txt",".txt",2397,"2025-06-25 01:59","amp"
"E:\Users\文少\Downloads\EasyAmplicon-2.00\result\tree\plan1\iTOL_domains-Family.txt","iTOL_domains-Family.txt",".txt",4692,"2025-06-25 01:59","amp"
"E:\Users\文少\Downloads\EasyAmplicon-2.00\result\tree\plan1\iTOL_domains-Order.txt","iTOL_domains-Order.txt",".txt",4559,"2025-06-25 01:59","amp"
"E:\Users\文少\Downloads\EasyAmplicon-2.00\result\tree\plan1\iTOL_domains-Species.txt","iTOL_domains-Species.txt",".txt",4687,"2025-06-25 01:59","amp"
"E:\Users\文少\Downloads\EasyAmplicon-2.00\result\tree\plan1\iTOL_gradient-All.txt","iTOL_gradient-All.txt",".txt",1707,"2025-06-25 01:59","amp"
"E:\Users\文少\Downloads\EasyAmplicon-2.00\result\tree\plan1\iTOL_gradient-KO.txt","iTOL_gradient-KO.txt",".txt",1785,"2025-06-25 01:59","amp"
"E:\Users\文少\Downloads\EasyAmplicon-2.00\result\tree\plan1\iTOL_gradient-OE.txt","iTOL_gradient-OE.txt",".txt",1783,"2025-06-25 01:59","amp"
"E:\Users\文少\Downloads\EasyAmplicon-2.00\result\tree\plan1\iTOL_gradient-WT.txt","iTOL_gradient-WT.txt",".txt",1792,"2025-06-25 01:59","amp"
"E:\Users\文少\Downloads\EasyAmplicon-2.00\result\tree\plan1\iTOL_labels-Genus.txt","iTOL_labels-Genus.txt",".txt",1803,"2025-06-25 01:59","amp"
"E:\Users\文少\Downloads\EasyAmplicon-2.00\result\tree\plan2\iTOL_colorstrip-Class.txt","iTOL_colorstrip-Class.txt",".txt",3290,"2025-06-25 01:59","amp"
"E:\Users\文少\Downloads\EasyAmplicon-2.00\result\tree\plan2\iTOL_colorstrip-Kingdom.txt","iTOL_colorstrip-Kingdom.txt",".txt",2358,"2025-06-25 01:59","amp"
"E:\Users\文少\Downloads\EasyAmplicon-2.00\result\tree\plan2\iTOL_colorstrip-Order.txt","iTOL_colorstrip-Order.txt",".txt",3173,"2025-06-25 01:59","amp"
"E:\Users\文少\Downloads\EasyAmplicon-2.00\result\tree\plan2\iTOL_colorstrip-Species.txt","iTOL_colorstrip-Species.txt",".txt",2397,"2025-06-25 01:59","amp"
"E:\Users\文少\Downloads\EasyAmplicon-2.00\result\tree\plan2\iTOL_domains-Family.txt","iTOL_domains-Family.txt",".txt",4692,"2025-06-25 01:59","amp"
"E:\Users\文少\Downloads\EasyAmplicon-2.00\result\tree\plan2\iTOL_domains-Order.txt","iTOL_domains-Order.txt",".txt",4559,"2025-06-25 01:59","amp"
"E:\Users\文少\Downloads\EasyAmplicon-2.00\result\tree\plan2\iTOL_domains-Species.txt","iTOL_domains-Species.txt",".txt",4687,"2025-06-25 01:59","amp"
"E:\Users\文少\Downloads\EasyAmplicon-2.00\result\tree\plan2\iTOL_labels-Genus.txt","iTOL_labels-Genus.txt",".txt",1803,"2025-06-25 01:59","amp"
"E:\Users\文少\Downloads\EasyAmplicon-2.00\result\tree\plan2\iTOL_simplebar-All.txt","iTOL_simplebar-All.txt",".txt",1638,"2025-06-25 01:59","amp"
"E:\Users\文少\Downloads\EasyAmplicon-2.00\result\tree\plan2\iTOL_simplebar-KO.txt","iTOL_simplebar-KO.txt",".txt",1716,"2025-06-25 01:59","amp"
"E:\Users\文少\Downloads\EasyAmplicon-2.00\result\tree\plan2\iTOL_simplebar-OE.txt","iTOL_simplebar-OE.txt",".txt",1714,"2025-06-25 01:59","amp"
"E:\Users\文少\Downloads\EasyAmplicon-2.00\result\tree\plan2\iTOL_simplebar-WT.txt","iTOL_simplebar-WT.txt",".txt",1723,"2025-06-25 01:59","amp"
"E:\Users\文少\Downloads\EasyAmplicon-2.00\result\tree\plan2\iTOL_treecolors-Phylum.txt","iTOL_treecolors-Phylum.txt",".txt",3418,"2025-06-25 01:59","amp"
"E:\Users\文少\Downloads\EasyAmplicon-2.00\result\tree\plan3\iTOL_heatmap-OTUID.txt","iTOL_heatmap-OTUID.txt",".txt",5867,"2025-06-25 01:59","amp"
"E:\Users\文少\Downloads\EasyAmplicon-2.00\result\tree\plan4\iTOL_colorstrip-Class.txt","iTOL_colorstrip-Class.txt",".txt",3288,"2025-06-25 01:59","amp"
"E:\Users\文少\Downloads\EasyAmplicon-2.00\result\tree\plan4\iTOL_colorstrip-Kingdom.txt","iTOL_colorstrip-Kingdom.txt",".txt",2356,"2025-06-25 01:59","amp"
"E:\Users\文少\Downloads\EasyAmplicon-2.00\result\tree\plan4\iTOL_colorstrip-Order.txt","iTOL_colorstrip-Order.txt",".txt",3171,"2025-06-25 01:59","amp"
"E:\Users\文少\Downloads\EasyAmplicon-2.00\result\tree\plan4\iTOL_colorstrip-Phylum.txt","iTOL_colorstrip-Phylum.txt",".txt",2951,"2025-06-25 01:59","amp"
"E:\Users\文少\Downloads\EasyAmplicon-2.00\result\tree\plan4\iTOL_colorstrip-Species.txt","iTOL_colorstrip-Species.txt",".txt",2395,"2025-06-25 01:59","amp"
"E:\Users\文少\Downloads\EasyAmplicon-2.00\result\tree\plan4\iTOL_domains-Family.txt","iTOL_domains-Family.txt",".txt",4690,"2025-06-25 01:59","amp"
"E:\Users\文少\Downloads\EasyAmplicon-2.00\result\tree\plan4\iTOL_domains-Order.txt","iTOL_domains-Order.txt",".txt",4557,"2025-06-25 01:59","amp"
"E:\Users\文少\Downloads\EasyAmplicon-2.00\result\tree\plan4\iTOL_domains-Species.txt","iTOL_domains-Species.txt",".txt",4685,"2025-06-25 01:59","amp"
"E:\Users\文少\Downloads\EasyAmplicon-2.00\result\tree\plan4\iTOL_gradient-All.txt","iTOL_gradient-All.txt",".txt",1705,"2025-06-25 01:59","amp"
"E:\Users\文少\Downloads\EasyAmplicon-2.00\result\tree\plan4\iTOL_gradient-KO.txt","iTOL_gradient-KO.txt",".txt",1783,"2025-06-25 01:59","amp"
"E:\Users\文少\Downloads\EasyAmplicon-2.00\result\tree\plan4\iTOL_gradient-OE.txt","iTOL_gradient-OE.txt",".txt",1781,"2025-06-25 01:59","amp"
"E:\Users\文少\Downloads\EasyAmplicon-2.00\result\tree\plan4\iTOL_gradient-WT.txt","iTOL_gradient-WT.txt",".txt",1790,"2025-06-25 01:59","amp"
"E:\Users\文少\Downloads\EasyAmplicon-2.00\result\tree\plan4\iTOL_labels-Genus.txt","iTOL_labels-Genus.txt",".txt",1803,"2025-06-25 01:59","amp"
"E:\Users\文少\Downloads\EasyAmplicon-2.00\temp\group.txt","group.txt",".txt",160,"2025-06-25 01:59","amp"
"E:\Users\文少\Downloads\EasyAmplicon-2.00\temp\otus.fa","otus.fa",".fa",607250,"2025-06-25 01:59","amp"
"E:\Users\文少\Downloads\EasyAmplicon-2.00\temp\uniques.fa","uniques.fa",".fa",721788,"2025-06-25 01:59","amp"
"E:\Users\文少\Downloads\EasyAmplicon-2.00\temp\zotus.fa","zotus.fa",".fa",607250,"2025-06-25 01:59","amp"
"E:\Users\文少\Downloads\flow3_ripp_pipeline\flow3_ripp_pipeline\scripts\make_known_amp_from_dramp_only.py","make_known_amp_from_dramp_only.py",".py",1400,"2026-03-20 10:47","amp"
"E:\Users\文少\Downloads\fpocket-4.2.2\fpocket-4.2.2\data\sample\test_dpocket.txt","test_dpocket.txt",".txt",79,"2025-07-19 16:21","amp"
"E:\Users\文少\Downloads\fpocket-4.2.2\fpocket-4.2.2\data\sample\mdpocket\input.txt","input.txt",".txt",90,"2025-07-19 16:21","amp"
"E:\Users\文少\Downloads\fpocket-4.2.2\fpocket-4.2.2\data\sample\mdpocket\time.txt","time.txt",".txt",90,"2025-07-19 16:21","amp"
"E:\Users\文少\Downloads\funbgcex-v0.0.0\ydmatsd-funbgcex-b8d7207\docs\sample_output\Aspergillus_alliaceus_results\BGCs.csv","BGCs.csv",".csv",2081,"2023-07-08 09:19","amp"
"E:\Users\文少\Downloads\funbgcex-v0.0.0\ydmatsd-funbgcex-b8d7207\docs\sample_output\Aspergillus_alliaceus_results\CSVs\Aspergillus_alliaceus_analysis.csv","Aspergillus_alliaceus_analysis.csv",".csv",7447320,"2023-07-08 09:19","amp"
"E:\Users\文少\Downloads\funbgcex-v0.0.0\ydmatsd-funbgcex-b8d7207\docs\sample_output\Aspergillus_alliaceus_results\CSVs\Aspergillus_alliaceus_analysis_modified.csv","Aspergillus_alliaceus_analysis_modified.csv",".csv",6789554,"2023-07-08 09:19","amp"
"E:\Users\文少\Downloads\GROMACS_MD_Pipeline_fclhlqlr\fix_peptide_chain.py","fix_peptide_chain.py",".py",4726,"2026-07-31 17:51","peptide"
"E:\Users\文少\Downloads\MGBC-main\MGBC-main\src\1-build-MAGs\ASSEMBLY-MH_PAIRED.sh","ASSEMBLY-MH_PAIRED.sh",".sh",2808,"2022-04-14 10:48","mag"
"E:\Users\文少\Downloads\MGBC-main\MGBC-main\src\1-build-MAGs\ASSEMBLY-MH_SINGLE.sh","ASSEMBLY-MH_SINGLE.sh",".sh",2407,"2022-04-14 10:48","mag"
"E:\Users\文少\Downloads\MGBC-main\MGBC-main\src\1-build-MAGs\ASSEMBLY-MS_PAIRED.sh","ASSEMBLY-MS_PAIRED.sh",".sh",3056,"2022-04-14 10:48","mag"
"E:\Users\文少\Downloads\MGBC-main\MGBC-main\src\1-build-MAGs\BINNING-C.sh","BINNING-C.sh",".sh",2217,"2022-04-14 10:48","mag"
"E:\Users\文少\Downloads\MGBC-main\MGBC-main\src\1-build-MAGs\BINNING-MM.sh","BINNING-MM.sh",".sh",2474,"2022-04-14 10:48","mag"
"E:\Users\文少\Downloads\MGBC-main\MGBC-main\src\1-build-MAGs\BIN_REASSEMBLY.sh","BIN_REASSEMBLY.sh",".sh",2464,"2022-04-14 10:48","mag"
"E:\Users\文少\Downloads\MGBC-main\MGBC-main\src\1-build-MAGs\BIN_REFINE.sh","BIN_REFINE.sh",".sh",7796,"2022-04-14 10:48","mag"
"E:\Users\文少\Downloads\MGBC-main\MGBC-main\src\1-build-MAGs\checkm_qa_out_v2.sh","checkm_qa_out_v2.sh",".sh",517,"2022-04-14 10:48","checkm|mag"
"E:\Users\文少\Downloads\MGBC-main\MGBC-main\src\1-build-MAGs\checkm_qa_wrapper.sh","checkm_qa_wrapper.sh",".sh",319,"2022-04-14 10:48","checkm|mag"
"E:\Users\文少\Downloads\MGBC-main\MGBC-main\src\1-build-MAGs\get.coverage.sh","get.coverage.sh",".sh",2115,"2022-04-14 10:48","mag"
"E:\Users\文少\Downloads\MGBC-main\MGBC-main\src\1-build-MAGs\get.RNA_profile.sh","get.RNA_profile.sh",".sh",4486,"2022-04-14 10:48","mag"
"E:\Users\文少\Downloads\MGBC-main\MGBC-main\src\1-build-MAGs\GTDBTK_CLASSIFY_EFFICIENT.sh","GTDBTK_CLASSIFY_EFFICIENT.sh",".sh",421,"2022-04-14 10:48","mag"
"E:\Users\文少\Downloads\MGBC-main\MGBC-main\src\1-build-MAGs\GTDBTk_output_wrapper_v2.sh","GTDBTk_output_wrapper_v2.sh",".sh",1242,"2022-04-14 10:48","mag"
"E:\Users\文少\Downloads\MGBC-main\MGBC-main\src\1-build-MAGs\MAG_pipeline-MODULES.sh","MAG_pipeline-MODULES.sh",".sh",101,"2022-04-14 10:48","mag"
"E:\Users\文少\Downloads\MGBC-main\MGBC-main\src\1-build-MAGs\MAG_pipeline.sh","MAG_pipeline.sh",".sh",5606,"2022-04-14 10:48","mag"
"E:\Users\文少\Downloads\MGBC-main\MGBC-main\src\1-build-MAGs\QC_PAIRED.sh","QC_PAIRED.sh",".sh",1487,"2022-04-14 10:48","mag"
"E:\Users\文少\Downloads\MGBC-main\MGBC-main\src\1-build-MAGs\QC_SINGLE.sh","QC_SINGLE.sh",".sh",1288,"2022-04-14 10:48","mag"
"E:\Users\文少\Downloads\MGBC-main\MGBC-main\src\1-build-MAGs\QC_TAX_pipeline.sh","QC_TAX_pipeline.sh",".sh",3292,"2022-04-14 10:48","mag"
"E:\Users\文少\Downloads\MGBC-main\MGBC-main\src\2-build-protein-catalogues\mmseqs_wf_bsub.sh","mmseqs_wf_bsub.sh",".sh",4385,"2022-04-14 10:48","mmseqs"
"E:\Users\文少\Downloads\mgltools_x86_64Linux2_1.5.7\lib\python2.7\pkgutil.py","pkgutil.py",".py",20346,"2014-03-29 05:48","gut"
"E:\Users\文少\Downloads\mgltools_x86_64Linux2_1.5.7\lib\python2.7\email\mime\image.py","image.py",".py",1764,"2014-03-29 05:48","mag"
"E:\Users\文少\Downloads\mgltools_x86_64Linux2_1.5.7\lib\python2.7\lib2to3\fixes\fix_methodattrs.py","fix_methodattrs.py",".py",615,"2014-03-29 05:48","method"
"E:\Users\文少\Downloads\mgltools_x86_64Linux2_1.5.7\lib\python2.7\site-packages\PIL\ArgImagePlugin.py","ArgImagePlugin.py",".py",12399,"2009-11-01 08:44","mag"
"E:\Users\文少\Downloads\mgltools_x86_64Linux2_1.5.7\lib\python2.7\site-packages\PIL\BmpImagePlugin.py","BmpImagePlugin.py",".py",6839,"2009-11-01 08:44","mag"
"E:\Users\文少\Downloads\mgltools_x86_64Linux2_1.5.7\lib\python2.7\site-packages\PIL\BufrStubImagePlugin.py","BufrStubImagePlugin.py",".py",1489,"2009-11-01 08:44","mag"
"E:\Users\文少\Downloads\mgltools_x86_64Linux2_1.5.7\lib\python2.7\site-packages\PIL\CurImagePlugin.py","CurImagePlugin.py",".py",2002,"2009-11-01 08:44","mag"
"E:\Users\文少\Downloads\mgltools_x86_64Linux2_1.5.7\lib\python2.7\site-packages\PIL\DcxImagePlugin.py","DcxImagePlugin.py",".py",1844,"2009-11-01 08:44","mag"
"E:\Users\文少\Downloads\mgltools_x86_64Linux2_1.5.7\lib\python2.7\site-packages\PIL\EpsImagePlugin.py","EpsImagePlugin.py",".py",9745,"2009-11-01 08:44","mag"
"E:\Users\文少\Downloads\mgltools_x86_64Linux2_1.5.7\lib\python2.7\site-packages\PIL\FitsStubImagePlugin.py","FitsStubImagePlugin.py",".py",1643,"2009-11-01 08:44","mag"
"E:\Users\文少\Downloads\mgltools_x86_64Linux2_1.5.7\lib\python2.7\site-packages\PIL\FliImagePlugin.py","FliImagePlugin.py",".py",3432,"2009-11-01 08:44","mag"
"E:\Users\文少\Downloads\mgltools_x86_64Linux2_1.5.7\lib\python2.7\site-packages\PIL\FpxImagePlugin.py","FpxImagePlugin.py",".py",6181,"2009-11-01 08:44","mag"
"E:\Users\文少\Downloads\mgltools_x86_64Linux2_1.5.7\lib\python2.7\site-packages\PIL\GbrImagePlugin.py","GbrImagePlugin.py",".py",1628,"2009-11-01 08:44","mag"
"E:\Users\文少\Downloads\mgltools_x86_64Linux2_1.5.7\lib\python2.7\site-packages\PIL\GdImageFile.py","GdImageFile.py",".py",2107,"2009-11-01 08:44","mag"
"E:\Users\文少\Downloads\mgltools_x86_64Linux2_1.5.7\lib\python2.7\site-packages\PIL\GifImagePlugin.py","GifImagePlugin.py",".py",11063,"2009-11-03 05:13","mag"
"E:\Users\文少\Downloads\mgltools_x86_64Linux2_1.5.7\lib\python2.7\site-packages\PIL\GribStubImagePlugin.py","GribStubImagePlugin.py",".py",1490,"2009-11-01 08:44","mag"
"E:\Users\文少\Downloads\mgltools_x86_64Linux2_1.5.7\lib\python2.7\site-packages\PIL\Hdf5StubImagePlugin.py","Hdf5StubImagePlugin.py",".py",1536,"2009-11-01 08:44","mag"
"E:\Users\文少\Downloads\mgltools_x86_64Linux2_1.5.7\lib\python2.7\site-packages\PIL\IcnsImagePlugin.py","IcnsImagePlugin.py",".py",6137,"2009-11-01 08:44","mag"
"E:\Users\文少\Downloads\mgltools_x86_64Linux2_1.5.7\lib\python2.7\site-packages\PIL\IcoImagePlugin.py","IcoImagePlugin.py",".py",1948,"2009-11-01 08:44","mag"
"E:\Users\文少\Downloads\mgltools_x86_64Linux2_1.5.7\lib\python2.7\site-packages\PIL\Image.py","Image.py",".py",67234,"2009-11-15 23:51","mag"
"E:\Users\文少\Downloads\mgltools_x86_64Linux2_1.5.7\lib\python2.7\site-packages\PIL\ImageChops.py","ImageChops.py",".py",7411,"2009-11-01 08:44","mag"
"E:\Users\文少\Downloads\mgltools_x86_64Linux2_1.5.7\lib\python2.7\site-packages\PIL\ImageCms.py","ImageCms.py",".py",31153,"2009-11-01 08:44","mag"
"E:\Users\文少\Downloads\mgltools_x86_64Linux2_1.5.7\lib\python2.7\site-packages\PIL\ImageColor.py","ImageColor.py",".py",7402,"2009-11-01 08:44","mag"
"E:\Users\文少\Downloads\mgltools_x86_64Linux2_1.5.7\lib\python2.7\site-packages\PIL\ImageDraw.py","ImageDraw.py",".py",11606,"2009-11-01 08:44","mag"
"E:\Users\文少\Downloads\mgltools_x86_64Linux2_1.5.7\lib\python2.7\site-packages\PIL\ImageDraw2.py","ImageDraw2.py",".py",3155,"2009-11-01 08:44","mag"
"E:\Users\文少\Downloads\mgltools_x86_64Linux2_1.5.7\lib\python2.7\site-packages\PIL\ImageEnhance.py","ImageEnhance.py",".py",2771,"2009-11-01 08:44","mag"
"E:\Users\文少\Downloads\mgltools_x86_64Linux2_1.5.7\lib\python2.7\site-packages\PIL\ImageFile.py","ImageFile.py",".py",15286,"2009-11-01 08:44","mag"
"E:\Users\文少\Downloads\mgltools_x86_64Linux2_1.5.7\lib\python2.7\site-packages\PIL\ImageFileIO.py","ImageFileIO.py",".py",977,"2009-11-01 08:44","mag"
"E:\Users\文少\Downloads\mgltools_x86_64Linux2_1.5.7\lib\python2.7\site-packages\PIL\ImageFilter.py","ImageFilter.py",".py",6618,"2009-11-01 08:44","mag"
"E:\Users\文少\Downloads\mgltools_x86_64Linux2_1.5.7\lib\python2.7\site-packages\PIL\ImageFont.py","ImageFont.py",".py",17425,"2009-11-01 08:44","mag"
"E:\Users\文少\Downloads\mgltools_x86_64Linux2_1.5.7\lib\python2.7\site-packages\PIL\ImageGL.py","ImageGL.py",".py",483,"2009-11-01 08:44","mag"
"E:\Users\文少\Downloads\mgltools_x86_64Linux2_1.5.7\lib\python2.7\site-packages\PIL\ImageGrab.py","ImageGrab.py",".py",1877,"2009-11-01 08:44","mag"
"E:\Users\文少\Downloads\mgltools_x86_64Linux2_1.5.7\lib\python2.7\site-packages\PIL\ImageMath.py","ImageMath.py",".py",6854,"2009-11-01 08:44","mag"
"E:\Users\文少\Downloads\mgltools_x86_64Linux2_1.5.7\lib\python2.7\site-packages\PIL\ImageMode.py","ImageMode.py",".py",1287,"2009-11-01 08:44","mag"
"E:\Users\文少\Downloads\mgltools_x86_64Linux2_1.5.7\lib\python2.7\site-packages\PIL\ImageOps.py","ImageOps.py",".py",13230,"2009-11-01 08:44","mag"
"E:\Users\文少\Downloads\mgltools_x86_64Linux2_1.5.7\lib\python2.7\site-packages\PIL\ImagePalette.py","ImagePalette.py",".py",5210,"2009-11-01 08:44","mag"
"E:\Users\文少\Downloads\mgltools_x86_64Linux2_1.5.7\lib\python2.7\site-packages\PIL\ImagePath.py","ImagePath.py",".py",1342,"2009-11-01 08:44","mag"
"E:\Users\文少\Downloads\mgltools_x86_64Linux2_1.5.7\lib\python2.7\site-packages\PIL\ImageQt.py","ImageQt.py",".py",2522,"2009-11-01 08:44","mag"
"E:\Users\文少\Downloads\mgltools_x86_64Linux2_1.5.7\lib\python2.7\site-packages\PIL\ImageSequence.py","ImageSequence.py",".py",792,"2009-11-01 08:44","mag"
"E:\Users\文少\Downloads\mgltools_x86_64Linux2_1.5.7\lib\python2.7\site-packages\PIL\ImageShow.py","ImageShow.py",".py",4454,"2009-11-01 08:44","mag"
"E:\Users\文少\Downloads\mgltools_x86_64Linux2_1.5.7\lib\python2.7\site-packages\PIL\ImageStat.py","ImageStat.py",".py",4272,"2009-11-01 08:44","mag"
"E:\Users\文少\Downloads\mgltools_x86_64Linux2_1.5.7\lib\python2.7\site-packages\PIL\ImageTk.py","ImageTk.py",".py",9248,"2009-11-01 08:44","mag"
"E:\Users\文少\Downloads\mgltools_x86_64Linux2_1.5.7\lib\python2.7\site-packages\PIL\ImageTransform.py","ImageTransform.py",".py",2859,"2009-11-01 08:44","mag"
"E:\Users\文少\Downloads\mgltools_x86_64Linux2_1.5.7\lib\python2.7\site-packages\PIL\ImageWin.py","ImageWin.py",".py",6366,"2009-11-01 08:44","mag"
"E:\Users\文少\Downloads\mgltools_x86_64Linux2_1.5.7\lib\python2.7\site-packages\PIL\ImImagePlugin.py","ImImagePlugin.py",".py",9706,"2009-11-01 08:44","mag"
"E:\Users\文少\Downloads\mgltools_x86_64Linux2_1.5.7\lib\python2.7\site-packages\PIL\ImtImagePlugin.py","ImtImagePlugin.py",".py",2203,"2009-11-01 08:44","mag"
"E:\Users\文少\Downloads\mgltools_x86_64Linux2_1.5.7\lib\python2.7\site-packages\PIL\IptcImagePlugin.py","IptcImagePlugin.py",".py",7706,"2009-11-01 08:44","mag"
"E:\Users\文少\Downloads\mgltools_x86_64Linux2_1.5.7\lib\python2.7\site-packages\PIL\JpegImagePlugin.py","JpegImagePlugin.py",".py",16339,"2009-11-01 08:44","mag"
"E:\Users\文少\Downloads\mgltools_x86_64Linux2_1.5.7\lib\python2.7\site-packages\PIL\McIdasImagePlugin.py","McIdasImagePlugin.py",".py",1721,"2009-11-01 08:44","mag"
"E:\Users\文少\Downloads\mgltools_x86_64Linux2_1.5.7\lib\python2.7\site-packages\PIL\MicImagePlugin.py","MicImagePlugin.py",".py",2160,"2009-11-01 08:44","mag"
"E:\Users\文少\Downloads\mgltools_x86_64Linux2_1.5.7\lib\python2.7\site-packages\PIL\MpegImagePlugin.py","MpegImagePlugin.py",".py",1802,"2009-11-01 08:44","mag"
"E:\Users\文少\Downloads\mgltools_x86_64Linux2_1.5.7\lib\python2.7\site-packages\PIL\MspImagePlugin.py","MspImagePlugin.py",".py",2208,"2009-11-01 08:44","mag"
"E:\Users\文少\Downloads\mgltools_x86_64Linux2_1.5.7\lib\python2.7\site-packages\PIL\PalmImagePlugin.py","PalmImagePlugin.py",".py",9578,"2009-11-01 08:44","mag"
"E:\Users\文少\Downloads\mgltools_x86_64Linux2_1.5.7\lib\python2.7\site-packages\PIL\PcdImagePlugin.py","PcdImagePlugin.py",".py",1773,"2009-11-01 08:44","mag"
"E:\Users\文少\Downloads\mgltools_x86_64Linux2_1.5.7\lib\python2.7\site-packages\PIL\PcxImagePlugin.py","PcxImagePlugin.py",".py",4667,"2009-11-01 08:44","mag"
"E:\Users\文少\Downloads\mgltools_x86_64Linux2_1.5.7\lib\python2.7\site-packages\PIL\PdfImagePlugin.py","PdfImagePlugin.py",".py",5558,"2009-11-01 08:44","mag"
"E:\Users\文少\Downloads\mgltools_x86_64Linux2_1.5.7\lib\python2.7\site-packages\PIL\PixarImagePlugin.py","PixarImagePlugin.py",".py",1690,"2009-11-01 08:44","mag"
"E:\Users\文少\Downloads\mgltools_x86_64Linux2_1.5.7\lib\python2.7\site-packages\PIL\PngImagePlugin.py","PngImagePlugin.py",".py",17396,"2009-11-01 08:44","mag"
"E:\Users\文少\Downloads\mgltools_x86_64Linux2_1.5.7\lib\python2.7\site-packages\PIL\PpmImagePlugin.py","PpmImagePlugin.py",".py",3222,"2009-11-01 08:44","mag"
"E:\Users\文少\Downloads\mgltools_x86_64Linux2_1.5.7\lib\python2.7\site-packages\PIL\PsdImagePlugin.py","PsdImagePlugin.py",".py",7245,"2009-11-01 08:44","mag"
"E:\Users\文少\Downloads\mgltools_x86_64Linux2_1.5.7\lib\python2.7\site-packages\PIL\SgiImagePlugin.py","SgiImagePlugin.py",".py",2168,"2009-11-01 08:44","mag"
"E:\Users\文少\Downloads\mgltools_x86_64Linux2_1.5.7\lib\python2.7\site-packages\PIL\SpiderImagePlugin.py","SpiderImagePlugin.py",".py",9025,"2009-11-01 08:44","mag"
"E:\Users\文少\Downloads\mgltools_x86_64Linux2_1.5.7\lib\python2.7\site-packages\PIL\SunImagePlugin.py","SunImagePlugin.py",".py",2020,"2009-11-01 08:44","mag"
"E:\Users\文少\Downloads\mgltools_x86_64Linux2_1.5.7\lib\python2.7\site-packages\PIL\TgaImagePlugin.py","TgaImagePlugin.py",".py",5088,"2009-11-01 08:44","mag"
"E:\Users\文少\Downloads\mgltools_x86_64Linux2_1.5.7\lib\python2.7\site-packages\PIL\TiffImagePlugin.py","TiffImagePlugin.py",".py",28095,"2009-11-01 08:44","mag"
"E:\Users\文少\Downloads\mgltools_x86_64Linux2_1.5.7\lib\python2.7\site-packages\PIL\WalImageFile.py","WalImageFile.py",".py",5422,"2009-11-01 08:44","mag"
"E:\Users\文少\Downloads\mgltools_x86_64Linux2_1.5.7\lib\python2.7\site-packages\PIL\WmfImagePlugin.py","WmfImagePlugin.py",".py",4199,"2009-11-01 08:44","mag"
"E:\Users\文少\Downloads\mgltools_x86_64Linux2_1.5.7\lib\python2.7\site-packages\PIL\XbmImagePlugin.py","XbmImagePlugin.py",".py",2375,"2009-11-01 08:44","mag"
"E:\Users\文少\Downloads\mgltools_x86_64Linux2_1.5.7\lib\python2.7\site-packages\PIL\XpmImagePlugin.py","XpmImagePlugin.py",".py",3081,"2009-11-01 08:44","mag"
"E:\Users\文少\Downloads\mgltools_x86_64Linux2_1.5.7\lib\python2.7\site-packages\PIL\XVThumbImagePlugin.py","XVThumbImagePlugin.py",".py",1819,"2009-11-01 08:44","mag"
"E:\Users\文少\Downloads\Multiwfn_3.8_dev_bin_Win64\Multiwfn_3.8_dev_bin_Win64\examples\4.4.1.txt","4.4.1.txt",".txt",25,"2018-06-06 11:47","amp"
"E:\Users\文少\Downloads\Multiwfn_3.8_dev_bin_Win64\Multiwfn_3.8_dev_bin_Win64\examples\CDFT.txt","CDFT.txt",".txt",4338,"2024-02-25 06:11","amp"
"E:\Users\文少\Downloads\Multiwfn_3.8_dev_bin_Win64\Multiwfn_3.8_dev_bin_Win64\examples\chk2fch.bat","chk2fch.bat",".bat",48,"2012-08-26 04:50","amp"
"E:\Users\文少\Downloads\Multiwfn_3.8_dev_bin_Win64\Multiwfn_3.8_dev_bin_Win64\examples\chk2fch.sh","chk2fch.sh",".sh",51,"2013-09-09 04:26","amp"
"E:\Users\文少\Downloads\Multiwfn_3.8_dev_bin_Win64\Multiwfn_3.8_dev_bin_Win64\examples\ctr0.0001.txt","ctr0.0001.txt",".txt",1260,"2012-11-28 15:37","amp"
"E:\Users\文少\Downloads\Multiwfn_3.8_dev_bin_Win64\Multiwfn_3.8_dev_bin_Win64\examples\ctr0.05.txt","ctr0.05.txt",".txt",441,"2020-12-02 19:26","amp"
"E:\Users\文少\Downloads\Multiwfn_3.8_dev_bin_Win64\Multiwfn_3.8_dev_bin_Win64\examples\ctr0.07.txt","ctr0.07.txt",".txt",315,"2020-12-02 20:12","amp"
"E:\Users\文少\Downloads\Multiwfn_3.8_dev_bin_Win64\Multiwfn_3.8_dev_bin_Win64\examples\ctr0.1.txt","ctr0.1.txt",".txt",53,"2020-12-02 13:30","amp"
"E:\Users\文少\Downloads\Multiwfn_3.8_dev_bin_Win64\Multiwfn_3.8_dev_bin_Win64\examples\element_color.txt","element_color.txt",".txt",3494,"2019-02-15 12:00","amp"
"E:\Users\文少\Downloads\Multiwfn_3.8_dev_bin_Win64\Multiwfn_3.8_dev_bin_Win64\examples\element_vdwr.txt","element_vdwr.txt",".txt",2023,"2023-07-28 13:00","amp"
"E:\Users\文少\Downloads\Multiwfn_3.8_dev_bin_Win64\Multiwfn_3.8_dev_bin_Win64\examples\runall.bat","runall.bat",".bat",253,"2013-09-07 19:07","amp"
"E:\Users\文少\Downloads\Multiwfn_3.8_dev_bin_Win64\Multiwfn_3.8_dev_bin_Win64\examples\runall.sh","runall.sh",".sh",187,"2020-05-30 07:42","amp"
"E:\Users\文少\Downloads\Multiwfn_3.8_dev_bin_Win64\Multiwfn_3.8_dev_bin_Win64\examples\DOS\alpha.txt","alpha.txt",".txt",432000,"2019-04-25 03:52","amp"
"E:\Users\文少\Downloads\Multiwfn_3.8_dev_bin_Win64\Multiwfn_3.8_dev_bin_Win64\examples\DOS\beta.txt","beta.txt",".txt",432000,"2019-04-25 04:12","amp"
"E:\Users\文少\Downloads\Multiwfn_3.8_dev_bin_Win64\Multiwfn_3.8_dev_bin_Win64\examples\drawESP\ESPext.bat","ESPext.bat",".bat",114,"2018-12-14 01:29","amp"
"E:\Users\文少\Downloads\Multiwfn_3.8_dev_bin_Win64\Multiwfn_3.8_dev_bin_Win64\examples\drawESP\ESPext.sh","ESPext.sh",".sh",74,"2021-12-30 16:47","amp"
"E:\Users\文少\Downloads\Multiwfn_3.8_dev_bin_Win64\Multiwfn_3.8_dev_bin_Win64\examples\drawESP\ESPext.txt","ESPext.txt",".txt",32,"2018-10-07 05:24","amp"
"E:\Users\文少\Downloads\Multiwfn_3.8_dev_bin_Win64\Multiwfn_3.8_dev_bin_Win64\examples\drawESP\ESPext_noinsig.txt","ESPext_noinsig.txt",".txt",44,"2019-07-05 17:38","amp"
"E:\Users\文少\Downloads\Multiwfn_3.8_dev_bin_Win64\Multiwfn_3.8_dev_bin_Win64\examples\drawESP\ESPiso.bat","ESPiso.bat",".bat",469,"2021-06-29 12:23","amp"
"E:\Users\文少\Downloads\Multiwfn_3.8_dev_bin_Win64\Multiwfn_3.8_dev_bin_Win64\examples\drawESP\ESPiso.sh","ESPiso.sh",".sh",411,"2021-06-29 12:23","amp"
"E:\Users\文少\Downloads\Multiwfn_3.8_dev_bin_Win64\Multiwfn_3.8_dev_bin_Win64\examples\drawESP\ESPiso.txt","ESPiso.txt",".txt",26,"2021-11-18 10:43","amp"
"E:\Users\文少\Downloads\Multiwfn_3.8_dev_bin_Win64\Multiwfn_3.8_dev_bin_Win64\examples\drawESP\ESPiso_eV.bat","ESPiso_eV.bat",".bat",481,"2021-08-16 20:50","amp"
"E:\Users\文少\Downloads\Multiwfn_3.8_dev_bin_Win64\Multiwfn_3.8_dev_bin_Win64\examples\drawESP\ESPiso_eV.txt","ESPiso_eV.txt",".txt",81,"2021-11-18 10:49","amp"
"E:\Users\文少\Downloads\Multiwfn_3.8_dev_bin_Win64\Multiwfn_3.8_dev_bin_Win64\examples\drawESP\ESPpt.bat","ESPpt.bat",".bat",353,"2018-12-14 01:30","amp"
"E:\Users\文少\Downloads\Multiwfn_3.8_dev_bin_Win64\Multiwfn_3.8_dev_bin_Win64\examples\drawESP\ESPpt.sh","ESPpt.sh",".sh",295,"2021-12-30 16:48","amp"
"E:\Users\文少\Downloads\Multiwfn_3.8_dev_bin_Win64\Multiwfn_3.8_dev_bin_Win64\examples\drawESP\ESPpt.txt","ESPpt.txt",".txt",29,"2018-09-30 13:53","amp"
"E:\Users\文少\Downloads\Multiwfn_3.8_dev_bin_Win64\Multiwfn_3.8_dev_bin_Win64\examples\drawESP\ESPpt_pqr.bat","ESPpt_pqr.bat",".bat",540,"2021-02-08 06:07","amp"
"E:\Users\文少\Downloads\Multiwfn_3.8_dev_bin_Win64\Multiwfn_3.8_dev_bin_Win64\examples\drawESP\ESPpt_pqr.txt","ESPpt_pqr.txt",".txt",29,"2021-02-08 06:03","amp"
"E:\Users\文少\Downloads\Multiwfn_3.8_dev_bin_Win64\Multiwfn_3.8_dev_bin_Win64\examples\drawESP\atmchg\ESPext_atmchg.bat","ESPext_atmchg.bat",".bat",84,"2022-04-12 21:56","amp"
"E:\Users\文少\Downloads\Multiwfn_3.8_dev_bin_Win64\Multiwfn_3.8_dev_bin_Win64\examples\drawESP\atmchg\ESPext_atmchg.txt","ESPext_atmchg.txt",".txt",65,"2022-04-12 22:08","amp"
"E:\Users\文少\Downloads\Multiwfn_3.8_dev_bin_Win64\Multiwfn_3.8_dev_bin_Win64\examples\drawESP\atmchg\ESPiso_atmchg.bat","ESPiso_atmchg.bat",".bat",149,"2022-04-12 21:57","amp"
"E:\Users\文少\Downloads\Multiwfn_3.8_dev_bin_Win64\Multiwfn_3.8_dev_bin_Win64\examples\drawESP\atmchg\ESPiso_atmchg.txt","ESPiso_atmchg.txt",".txt",37,"2022-04-12 21:19","amp"
"E:\Users\文少\Downloads\Multiwfn_3.8_dev_bin_Win64\Multiwfn_3.8_dev_bin_Win64\examples\EDA\EDA_FF\AMBER99.txt","AMBER99.txt",".txt",2183,"2018-11-13 09:29","amp"
"E:\Users\文少\Downloads\Multiwfn_3.8_dev_bin_Win64\Multiwfn_3.8_dev_bin_Win64\examples\EDA\EDA_FF\GAFF.txt","GAFF.txt",".txt",2743,"2018-11-13 09:30","amp"
"E:\Users\文少\Downloads\Multiwfn_3.8_dev_bin_Win64\Multiwfn_3.8_dev_bin_Win64\examples\EDA\EDA_FF\C3GC\C.txt","C.txt",".txt",216,"2018-09-16 12:47","amp"
"E:\Users\文少\Downloads\Multiwfn_3.8_dev_bin_Win64\Multiwfn_3.8_dev_bin_Win64\examples\EDA\EDA_FF\C3GC\C3.txt","C3.txt",".txt",1224,"2018-09-16 12:58","amp"
"E:\Users\文少\Downloads\Multiwfn_3.8_dev_bin_Win64\Multiwfn_3.8_dev_bin_Win64\examples\EDA\EDA_FF\C3GC\G.txt","G.txt",".txt",250,"2018-09-16 12:47","amp"
"E:\Users\文少\Downloads\Multiwfn_3.8_dev_bin_Win64\Multiwfn_3.8_dev_bin_Win64\examples\EDA\EDA_FF\C3GC\mollist.txt","mollist.txt",".txt",35,"2018-09-16 12:56","amp"
"E:\Users\文少\Downloads\Multiwfn_3.8_dev_bin_Win64\Multiwfn_3.8_dev_bin_Win64\examples\EDA\EDA_FF\waterdimer\mollist.txt","mollist.txt",".txt",11,"2018-09-15 13:06","amp"
"E:\Users\文少\Downloads\Multiwfn_3.8_dev_bin_Win64\Multiwfn_3.8_dev_bin_Win64\examples\EDA\EDA_FF\waterdimer\water.txt","water.txt",".txt",42,"2018-09-15 13:10","amp"
"E:\Users\文少\Downloads\Multiwfn_3.8_dev_bin_Win64\Multiwfn_3.8_dev_bin_Win64\examples\excit\all_index.sh","all_index.sh",".sh",685,"2018-10-19 19:07","amp"
"E:\Users\文少\Downloads\Multiwfn_3.8_dev_bin_Win64\Multiwfn_3.8_dev_bin_Win64\examples\excit\tdmat.txt","tdmat.txt",".txt",433586,"2013-05-30 17:18","amp"
"E:\Users\文少\Downloads\Multiwfn_3.8_dev_bin_Win64\Multiwfn_3.8_dev_bin_Win64\examples\excit\CT_multiple\CT_multiple.txt","CT_multiple.txt",".txt",229,"2022-09-24 05:25","amp"
"E:\Users\文少\Downloads\Multiwfn_3.8_dev_bin_Win64\Multiwfn_3.8_dev_bin_Win64\examples\excit\CT_multiple\ET_1to2.txt","ET_1to2.txt",".txt",136,"2022-09-24 05:25","amp"
"E:\Users\文少\Downloads\Multiwfn_3.8_dev_bin_Win64\Multiwfn_3.8_dev_bin_Win64\examples\excit\CT_multiple\ET_2to1.txt","ET_2to1.txt",".txt",136,"2022-09-24 05:25","amp"
"E:\Users\文少\Downloads\Multiwfn_3.8_dev_bin_Win64\Multiwfn_3.8_dev_bin_Win64\examples\excit\CT_multiple\Redis_1.txt","Redis_1.txt",".txt",136,"2022-09-24 05:25","amp"
"E:\Users\文少\Downloads\Multiwfn_3.8_dev_bin_Win64\Multiwfn_3.8_dev_bin_Win64\examples\excit\CT_multiple\Redis_2.txt","Redis_2.txt",".txt",136,"2022-09-24 05:25","amp"
"E:\Users\文少\Downloads\Multiwfn_3.8_dev_bin_Win64\Multiwfn_3.8_dev_bin_Win64\examples\excit\CT_multiple\total_spectrum.txt","total_spectrum.txt",".txt",136,"2022-09-24 05:25","amp"
"E:\Users\文少\Downloads\Multiwfn_3.8_dev_bin_Win64\Multiwfn_3.8_dev_bin_Win64\examples\excit\NTO\allNTO.sh","allNTO.sh",".sh",214,"2018-09-20 13:18","amp"
"E:\Users\文少\Downloads\Multiwfn_3.8_dev_bin_Win64\Multiwfn_3.8_dev_bin_Win64\examples\IRC\ELFbatch.txt","ELFbatch.txt",".txt",12,"2014-02-09 20:09","amp"
"E:\Users\文少\Downloads\Multiwfn_3.8_dev_bin_Win64\Multiwfn_3.8_dev_bin_Win64\examples\IRC\ELFbatchrun.bat","ELFbatchrun.bat",".bat",119,"2014-02-09 20:10","amp"
"E:\Users\文少\Downloads\Multiwfn_3.8_dev_bin_Win64\Multiwfn_3.8_dev_bin_Win64\examples\IRC\MBObatch.txt","MBObatch.txt",".txt",4,"2014-02-08 23:50","amp"
"E:\Users\文少\Downloads\Multiwfn_3.8_dev_bin_Win64\Multiwfn_3.8_dev_bin_Win64\examples\IRC\MBObatchrun.bat","MBObatchrun.bat",".bat",112,"2014-02-09 00:18","amp"
"E:\Users\文少\Downloads\Multiwfn_3.8_dev_bin_Win64\Multiwfn_3.8_dev_bin_Win64\examples\IRC\out.txt","out.txt",".txt",1824,"2014-02-09 19:06","amp"
"E:\Users\文少\Downloads\Multiwfn_3.8_dev_bin_Win64\Multiwfn_3.8_dev_bin_Win64\examples\IRC\out2.txt","out2.txt",".txt",1824,"2014-02-09 19:08","amp"
"E:\Users\文少\Downloads\Multiwfn_3.8_dev_bin_Win64\Multiwfn_3.8_dev_bin_Win64\examples\IRC\out3.txt","out3.txt",".txt",1824,"2014-02-09 19:14","amp"
"E:\Users\文少\Downloads\Multiwfn_3.8_dev_bin_Win64\Multiwfn_3.8_dev_bin_Win64\examples\polar\C18\alpha.txt","alpha.txt",".txt",180,"2020-04-09 21:20","amp"
"E:\Users\文少\Downloads\Multiwfn_3.8_dev_bin_Win64\Multiwfn_3.8_dev_bin_Win64\examples\polar\C18\gamma.txt","gamma.txt",".txt",1620,"2020-04-09 21:20","amp"
"E:\Users\文少\Downloads\Multiwfn_3.8_dev_bin_Win64\Multiwfn_3.8_dev_bin_Win64\examples\polar\CH3NHCHO\alpha.txt","alpha.txt",".txt",180,"2020-04-09 19:04","amp"
"E:\Users\文少\Downloads\Multiwfn_3.8_dev_bin_Win64\Multiwfn_3.8_dev_bin_Win64\examples\polar\CH3NHCHO\beta.txt","beta.txt",".txt",540,"2020-04-09 19:05","amp"
"E:\Users\文少\Downloads\Multiwfn_3.8_dev_bin_Win64\Multiwfn_3.8_dev_bin_Win64\examples\polar\CH3NHCHO\gamma.txt","gamma.txt",".txt",1620,"2020-04-09 20:53","amp"
"E:\Users\文少\Downloads\Multiwfn_3.8_dev_bin_Win64\Multiwfn_3.8_dev_bin_Win64\examples\RESP\calcRESP.sh","calcRESP.sh",".sh",966,"2022-03-15 05:53","amp"
"E:\Users\文少\Downloads\Multiwfn_3.8_dev_bin_Win64\Multiwfn_3.8_dev_bin_Win64\examples\RESP\RESP.sh","RESP.sh",".sh",2453,"2022-12-15 16:43","amp"
"E:\Users\文少\Downloads\Multiwfn_3.8_dev_bin_Win64\Multiwfn_3.8_dev_bin_Win64\examples\RESP\RESP2.sh","RESP2.sh",".sh",3274,"2022-03-15 05:54","amp"
"E:\Users\文少\Downloads\Multiwfn_3.8_dev_bin_Win64\Multiwfn_3.8_dev_bin_Win64\examples\RESP\RESP2_noopt.sh","RESP2_noopt.sh",".sh",2881,"2022-08-06 06:13","amp"
"E:\Users\文少\Downloads\Multiwfn_3.8_dev_bin_Win64\Multiwfn_3.8_dev_bin_Win64\examples\RESP\RESP2_ORCA.sh","RESP2_ORCA.sh",".sh",5008,"2022-03-15 12:28","amp"
"E:\Users\文少\Downloads\Multiwfn_3.8_dev_bin_Win64\Multiwfn_3.8_dev_bin_Win64\examples\RESP\RESP2_ORCA_noopt.sh","RESP2_ORCA_noopt.sh",".sh",4261,"2022-08-06 06:19","amp"
"E:\Users\文少\Downloads\Multiwfn_3.8_dev_bin_Win64\Multiwfn_3.8_dev_bin_Win64\examples\RESP\RESP_noopt.sh","RESP_noopt.sh",".sh",2125,"2022-12-15 16:43","amp"
"E:\Users\文少\Downloads\Multiwfn_3.8_dev_bin_Win64\Multiwfn_3.8_dev_bin_Win64\examples\RESP\RESP_ORCA.sh","RESP_ORCA.sh",".sh",3900,"2022-03-15 12:23","amp"
"E:\Users\文少\Downloads\Multiwfn_3.8_dev_bin_Win64\Multiwfn_3.8_dev_bin_Win64\examples\RESP\RESP_ORCA_noopt.sh","RESP_ORCA_noopt.sh",".sh",3131,"2022-08-06 06:17","amp"
"E:\Users\文少\Downloads\Multiwfn_3.8_dev_bin_Win64\Multiwfn_3.8_dev_bin_Win64\examples\RESP\ACE-ASP-NME\chgcons.txt","chgcons.txt",".txt",7,"2018-09-11 13:52","amp"
"E:\Users\文少\Downloads\Multiwfn_3.8_dev_bin_Win64\Multiwfn_3.8_dev_bin_Win64\examples\RESP\ACE-ASP-NME\conflist.txt","conflist.txt",".txt",33,"2018-09-10 18:26","amp"
"E:\Users\文少\Downloads\Multiwfn_3.8_dev_bin_Win64\Multiwfn_3.8_dev_bin_Win64\examples\RESP\ACE-ASP-NME\eqvcons.txt","eqvcons.txt",".txt",10,"2018-09-10 16:39","amp"
"E:\Users\文少\Downloads\Multiwfn_3.8_dev_bin_Win64\Multiwfn_3.8_dev_bin_Win64\examples\RESP\C18\eqvcons.txt","eqvcons.txt",".txt",60,"2020-01-24 04:31","amp"
"E:\Users\文少\Downloads\Multiwfn_3.8_dev_bin_Win64\Multiwfn_3.8_dev_bin_Win64\examples\RESP\C18\fitcen.txt","fitcen.txt",".txt",740,"2020-01-24 02:38","amp"
"E:\Users\文少\Downloads\Multiwfn_3.8_dev_bin_Win64\Multiwfn_3.8_dev_bin_Win64\examples\RESP\C2H7O4P\eqvcons.txt","eqvcons.txt",".txt",21,"2018-09-10 13:52","amp"
"E:\Users\文少\Downloads\Multiwfn_3.8_dev_bin_Win64\Multiwfn_3.8_dev_bin_Win64\examples\RESP\dopamine_4conf\conf.txt","conf.txt",".txt",86,"2018-09-10 10:56","amp"
"E:\Users\文少\Downloads\Multiwfn_3.8_dev_bin_Win64\Multiwfn_3.8_dev_bin_Win64\examples\RESP\dopamine_4conf\confESP.txt","confESP.txt",".txt",114,"2018-09-10 12:44","amp"
"E:\Users\文少\Downloads\Multiwfn_3.8_dev_bin_Win64\Multiwfn_3.8_dev_bin_Win64\examples\scripts\1.2CM5.sh","1.2CM5.sh",".sh",2438,"2022-03-08 06:25","amp"
"E:\Users\文少\Downloads\Multiwfn_3.8_dev_bin_Win64\Multiwfn_3.8_dev_bin_Win64\examples\scripts\1.2CM5_ORCA.sh","1.2CM5_ORCA.sh",".sh",2980,"2022-03-15 12:38","amp"
"E:\Users\文少\Downloads\Multiwfn_3.8_dev_bin_Win64\Multiwfn_3.8_dev_bin_Win64\examples\scripts\AIM+boundary.bat","AIM+boundary.bat",".bat",108,"2025-04-14 06:44","amp"
"E:\Users\文少\Downloads\Multiwfn_3.8_dev_bin_Win64\Multiwfn_3.8_dev_bin_Win64\examples\scripts\AIM+boundary.txt","AIM+boundary.txt",".txt",73,"2024-06-03 00:35","amp"
"E:\Users\文少\Downloads\Multiwfn_3.8_dev_bin_Win64\Multiwfn_3.8_dev_bin_Win64\examples\scripts\AIM.bat","AIM.bat",".bat",58,"2019-10-11 12:49","amp"
"E:\Users\文少\Downloads\Multiwfn_3.8_dev_bin_Win64\Multiwfn_3.8_dev_bin_Win64\examples\scripts\AIM.txt","AIM.txt",".txt",68,"2018-10-13 01:23","amp"
"E:\Users\文少\Downloads\Multiwfn_3.8_dev_bin_Win64\Multiwfn_3.8_dev_bin_Win64\examples\scripts\ALIE_isoext.bat","ALIE_isoext.bat",".bat",159,"2019-09-17 22:19","amp"
"E:\Users\文少\Downloads\Multiwfn_3.8_dev_bin_Win64\Multiwfn_3.8_dev_bin_Win64\examples\scripts\ALIE_isoext.txt","ALIE_isoext.txt",".txt",59,"2019-09-17 21:08","amp"
"E:\Users\文少\Downloads\Multiwfn_3.8_dev_bin_Win64\Multiwfn_3.8_dev_bin_Win64\examples\scripts\allCTmat.sh","allCTmat.sh",".sh",226,"2018-11-10 14:21","amp"
"E:\Users\文少\Downloads\Multiwfn_3.8_dev_bin_Win64\Multiwfn_3.8_dev_bin_Win64\examples\scripts\allTDM.sh","allTDM.sh",".sh",191,"2018-11-10 13:17","amp"
"E:\Users\文少\Downloads\Multiwfn_3.8_dev_bin_Win64\Multiwfn_3.8_dev_bin_Win64\examples\scripts\CCSD_fchk2mwfn.sh","CCSD_fchk2mwfn.sh",".sh",433,"2021-05-19 15:03","amp"
"E:\Users\文少\Downloads\Multiwfn_3.8_dev_bin_Win64\Multiwfn_3.8_dev_bin_Win64\examples\scripts\chk2gbw.sh","chk2gbw.sh",".sh",702,"2020-08-21 10:17","amp"
"E:\Users\文少\Downloads\Multiwfn_3.8_dev_bin_Win64\Multiwfn_3.8_dev_bin_Win64\examples\scripts\ESPgridall.sh","ESPgridall.sh",".sh",405,"2020-07-02 10:04","amp"
"E:\Users\文少\Downloads\Multiwfn_3.8_dev_bin_Win64\Multiwfn_3.8_dev_bin_Win64\examples\scripts\ESPsurfall.sh","ESPsurfall.sh",".sh",406,"2020-06-29 00:33","amp"
"E:\Users\文少\Downloads\Multiwfn_3.8_dev_bin_Win64\Multiwfn_3.8_dev_bin_Win64\examples\scripts\fchk2gjf.sh","fchk2gjf.sh",".sh",457,"2021-05-15 17:08","amp"
"E:\Users\文少\Downloads\Multiwfn_3.8_dev_bin_Win64\Multiwfn_3.8_dev_bin_Win64\examples\scripts\gbw2chk.sh","gbw2chk.sh",".sh",216,"2020-08-21 10:19","amp"
"E:\Users\文少\Downloads\Multiwfn_3.8_dev_bin_Win64\Multiwfn_3.8_dev_bin_Win64\examples\scripts\gbw2fch.sh","gbw2fch.sh",".sh",199,"2020-01-19 20:12","amp"
"E:\Users\文少\Downloads\Multiwfn_3.8_dev_bin_Win64\Multiwfn_3.8_dev_bin_Win64\examples\scripts\gjf2xyz.sh","gjf2xyz.sh",".sh",257,"2020-01-27 09:44","amp"
"E:\Users\文少\Downloads\Multiwfn_3.8_dev_bin_Win64\Multiwfn_3.8_dev_bin_Win64\examples\scripts\out2gjf.sh","out2gjf.sh",".sh",324,"2020-01-27 19:15","amp"
"E:\Users\文少\Downloads\Multiwfn_3.8_dev_bin_Win64\Multiwfn_3.8_dev_bin_Win64\examples\scripts\showorb.bat","showorb.bat",".bat",61,"2018-12-14 01:29","amp"
"E:\Users\文少\Downloads\Multiwfn_3.8_dev_bin_Win64\Multiwfn_3.8_dev_bin_Win64\examples\scripts\showorb.txt","showorb.txt",".txt",19,"2018-10-17 06:17","amp"
"E:\Users\文少\Downloads\Multiwfn_3.8_dev_bin_Win64\Multiwfn_3.8_dev_bin_Win64\examples\scripts\VMDdrawbasin.txt","VMDdrawbasin.txt",".txt",140,"2020-01-27 05:05","amp"
"E:\Users\文少\Downloads\Multiwfn_3.8_dev_bin_Win64\Multiwfn_3.8_dev_bin_Win64\examples\scripts\VMDrender.txt","VMDrender.txt",".txt",525,"2022-05-14 10:58","amp"
"E:\Users\文少\Downloads\Multiwfn_3.8_dev_bin_Win64\Multiwfn_3.8_dev_bin_Win64\examples\scripts\VMDrender_full.bat","VMDrender_full.bat",".bat",124,"2018-11-30 18:58","amp"
"E:\Users\文少\Downloads\Multiwfn_3.8_dev_bin_Win64\Multiwfn_3.8_dev_bin_Win64\examples\scripts\VMDrender_noshadow.bat","VMDrender_noshadow.bat",".bat",130,"2018-11-30 18:40","amp"
"E:\Users\文少\Downloads\Multiwfn_3.8_dev_bin_Win64\Multiwfn_3.8_dev_bin_Win64\examples\scripts\xyz2gjf.sh","xyz2gjf.sh",".sh",258,"2020-01-29 04:08","amp"
"E:\Users\文少\Downloads\Multiwfn_3.8_dev_bin_Win64\Multiwfn_3.8_dev_bin_Win64\examples\scripts\local_EA\LEAE_isoext.bat","LEAE_isoext.bat",".bat",169,"2023-05-18 15:34","amp"
"E:\Users\文少\Downloads\Multiwfn_3.8_dev_bin_Win64\Multiwfn_3.8_dev_bin_Win64\examples\scripts\local_EA\LEAE_isoext.txt","LEAE_isoext.txt",".txt",74,"2023-07-04 09:25","amp"
"E:\Users\文少\Downloads\Multiwfn_3.8_dev_bin_Win64\Multiwfn_3.8_dev_bin_Win64\examples\scripts\local_EA\LEA_isoext.bat","LEA_isoext.bat",".bat",169,"2023-05-18 14:30","amp"
"E:\Users\文少\Downloads\Multiwfn_3.8_dev_bin_Win64\Multiwfn_3.8_dev_bin_Win64\examples\scripts\local_EA\LEA_isoext.txt","LEA_isoext.txt",".txt",71,"2023-05-18 16:19","amp"
"E:\Users\文少\Downloads\Multiwfn_3.8_dev_bin_Win64\Multiwfn_3.8_dev_bin_Win64\examples\scripts\vdWpot\vdWpot.bat","vdWpot.bat",".bat",109,"2020-02-07 05:03","amp"
"E:\Users\文少\Downloads\Multiwfn_3.8_dev_bin_Win64\Multiwfn_3.8_dev_bin_Win64\examples\scripts\vdWpot\vdWpot.txt","vdWpot.txt",".txt",26,"2020-02-07 05:05","amp"
"E:\Users\文少\Downloads\Multiwfn_3.8_dev_bin_Win64\Multiwfn_3.8_dev_bin_Win64\examples\spectra\Allura_red_UV-Vis.txt","Allura_red_UV-Vis.txt",".txt",5564,"2023-03-24 08:34","amp"
"E:\Users\文少\Downloads\Multiwfn_3.8_dev_bin_Win64\Multiwfn_3.8_dev_bin_Win64\examples\spectra\batchspec.bat","batchspec.bat",".bat",102,"2019-04-22 22:13","amp"
"E:\Users\文少\Downloads\Multiwfn_3.8_dev_bin_Win64\Multiwfn_3.8_dev_bin_Win64\examples\spectra\batchspec.sh","batchspec.sh",".sh",111,"2019-04-22 21:15","amp"
"E:\Users\文少\Downloads\Multiwfn_3.8_dev_bin_Win64\Multiwfn_3.8_dev_bin_Win64\examples\spectra\IR.txt","IR.txt",".txt",47,"2019-04-22 20:15","amp"
"E:\Users\文少\Downloads\Multiwfn_3.8_dev_bin_Win64\Multiwfn_3.8_dev_bin_Win64\examples\spectra\UV-Vis.txt","UV-Vis.txt",".txt",66,"2019-04-25 12:45","amp"
"E:\Users\文少\Downloads\Multiwfn_3.8_dev_bin_Win64\Multiwfn_3.8_dev_bin_Win64\examples\spectra\indigo\multiple.txt","multiple.txt",".txt",150,"2017-08-14 19:52","amp"
"E:\Users\文少\Downloads\Multiwfn_3.8_dev_bin_Win64\Multiwfn_3.8_dev_bin_Win64\examples\spectra\NMR\general.txt","general.txt",".txt",247,"2020-08-12 11:19","amp"
"E:\Users\文少\Downloads\Multiwfn_3.8_dev_bin_Win64\Multiwfn_3.8_dev_bin_Win64\examples\spectra\NMR\valine\drawmulti.txt","drawmulti.txt",".txt",133,"2020-08-13 17:55","amp"
"E:\Users\文少\Downloads\Multiwfn_3.8_dev_bin_Win64\Multiwfn_3.8_dev_bin_Win64\examples\spectra\NMR\valine\individual_multiple.txt","individual_multiple.txt",".txt",102,"2020-08-13 16:44","amp"
"E:\Users\文少\Downloads\Multiwfn_3.8_dev_bin_Win64\Multiwfn_3.8_dev_bin_Win64\examples\spectra\NMR\valine\weighted_multiple.txt","weighted_multiple.txt",".txt",90,"2020-08-13 14:23","amp"
"E:\Users\文少\Downloads\Multiwfn_3.8_dev_bin_Win64\Multiwfn_3.8_dev_bin_Win64\examples\spectra\weighted\multiple.txt","multiple.txt",".txt",160,"2017-06-12 20:00","amp"
"E:\Users\文少\Downloads\NC2023_AMPs-main\NC2023_AMPs-main\conda_environment.yml","conda_environment.yml",".yml",8116,"2023-07-02 07:05","amp"
"E:\Users\文少\Downloads\NC2023_AMPs-main\NC2023_AMPs-main\Figure1.txt","Figure1.txt",".txt",46355,"2023-07-02 07:05","amp"
"E:\Users\文少\Downloads\NC2023_AMPs-main\NC2023_AMPs-main\Figure2-1.ipynb","Figure2-1.ipynb",".ipynb",38079,"2023-07-02 07:05","amp"
"E:\Users\文少\Downloads\NC2023_AMPs-main\NC2023_AMPs-main\Figure2-2.ipynb","Figure2-2.ipynb",".ipynb",60005,"2023-07-02 07:05","amp"
"E:\Users\文少\Downloads\NC2023_AMPs-main\NC2023_AMPs-main\Figure3.ipynb","Figure3.ipynb",".ipynb",69226,"2023-07-02 07:05","amp"
"E:\Users\文少\Downloads\NC2023_AMPs-main\NC2023_AMPs-main\Figure4-1.ipynb","Figure4-1.ipynb",".ipynb",78145,"2023-07-02 07:05","amp"
"E:\Users\文少\Downloads\NC2023_AMPs-main\NC2023_AMPs-main\Figure4-2.ipynb","Figure4-2.ipynb",".ipynb",23611,"2023-07-02 07:05","amp"
"E:\Users\文少\Downloads\NC2023_AMPs-main\NC2023_AMPs-main\pip_requirements.txt","pip_requirements.txt",".txt",6636,"2023-07-02 07:05","amp"
"E:\Users\文少\Downloads\p0deje-Maccy-dec6601\Maccy\Assets.xcassets\clipboard.fill.imageset\Contents.json","Contents.json",".json",815,"2025-11-28 04:18","mag"
"E:\Users\文少\Downloads\p0deje-Maccy-dec6601\Maccy\Assets.xcassets\paperclip.imageset\Contents.json","Contents.json",".json",730,"2025-11-28 04:18","mag"
"E:\Users\文少\Downloads\p0deje-Maccy-dec6601\Maccy\Assets.xcassets\scissors.imageset\Contents.json","Contents.json",".json",791,"2025-11-28 04:18","mag"
"E:\Users\文少\Downloads\p0deje-Maccy-dec6601\Maccy\Assets.xcassets\StatusBarMenuImage.imageset\Contents.json","Contents.json",".json",786,"2025-11-28 04:18","mag"
"E:\Users\文少\Downloads\peptide-ml-main\peptide-ml-main\Antimicrobial_Peptide_QSAR.ipynb","Antimicrobial_Peptide_QSAR.ipynb",".ipynb",241283,"2021-03-02 08:34","antimicrob|peptide"
"E:\Users\文少\Downloads\peptide-ml-main\peptide-ml-main\pfeatures_loop.py","pfeatures_loop.py",".py",4159,"2021-03-02 08:34","peptide"
"E:\Users\文少\Downloads\peptide-ml-main\peptide-ml-main\README.md","README.md",".md",502,"2021-03-02 08:34","peptide"
"E:\Users\文少\Downloads\Python-100-Days-master\Python-100-Days-master\Day31-35\code\example01.py","example01.py",".py",2547,"2025-03-28 03:29","amp"
"E:\Users\文少\Downloads\Python-100-Days-master\Python-100-Days-master\Day31-35\code\example02.py","example02.py",".py",5081,"2025-03-28 03:29","amp"
"E:\Users\文少\Downloads\Python-100-Days-master\Python-100-Days-master\Day31-35\code\example03.py","example03.py",".py",1429,"2025-03-28 03:29","amp"
"E:\Users\文少\Downloads\Python-100-Days-master\Python-100-Days-master\Day31-35\code\example04.py","example04.py",".py",1159,"2025-03-28 03:29","amp"
"E:\Users\文少\Downloads\Python-100-Days-master\Python-100-Days-master\Day31-35\code\example05.py","example05.py",".py",1320,"2025-03-28 03:29","amp"
"E:\Users\文少\Downloads\Python-100-Days-master\Python-100-Days-master\Day31-35\code\example06.py","example06.py",".py",1356,"2025-03-28 03:29","amp"
"E:\Users\文少\Downloads\Python-100-Days-master\Python-100-Days-master\Day31-35\code\example07.py","example07.py",".py",1531,"2025-03-28 03:29","amp"
"E:\Users\文少\Downloads\Python-100-Days-master\Python-100-Days-master\Day31-35\code\example08.py","example08.py",".py",1404,"2025-03-28 03:29","amp"
"E:\Users\文少\Downloads\Python-100-Days-master\Python-100-Days-master\Day31-35\code\example09.py","example09.py",".py",1719,"2025-03-28 03:29","amp"
"E:\Users\文少\Downloads\Python-100-Days-master\Python-100-Days-master\Day31-35\code\example10.py","example10.py",".py",938,"2025-03-28 03:29","amp"
"E:\Users\文少\Downloads\Python-100-Days-master\Python-100-Days-master\Day31-35\code\example11.py","example11.py",".py",495,"2025-03-28 03:29","amp"
"E:\Users\文少\Downloads\Python-100-Days-master\Python-100-Days-master\Day31-35\code\example12.py","example12.py",".py",1649,"2025-03-28 03:29","amp"
"E:\Users\文少\Downloads\Python-100-Days-master\Python-100-Days-master\Day31-35\code\example13.py","example13.py",".py",419,"2025-03-28 03:29","amp"
"E:\Users\文少\Downloads\Python-100-Days-master\Python-100-Days-master\Day31-35\code\example14.py","example14.py",".py",2148,"2025-03-28 03:29","amp"
"E:\Users\文少\Downloads\Python-100-Days-master\Python-100-Days-master\Day31-35\code\example15.py","example15.py",".py",1722,"2025-03-28 03:29","amp"
"E:\Users\文少\Downloads\Python-100-Days-master\Python-100-Days-master\Day31-35\code\example16.py","example16.py",".py",1731,"2025-03-28 03:29","amp"
"E:\Users\文少\Downloads\Python-100-Days-master\Python-100-Days-master\Day31-35\code\example17.py","example17.py",".py",1051,"2025-03-28 03:29","amp"
"E:\Users\文少\Downloads\Python-100-Days-master\Python-100-Days-master\Day31-35\code\example18.py","example18.py",".py",1104,"2025-03-28 03:29","amp"
"E:\Users\文少\Downloads\Python-100-Days-master\Python-100-Days-master\Day31-35\code\example19.py","example19.py",".py",2905,"2025-03-28 03:29","amp"
"E:\Users\文少\Downloads\Python-100-Days-master\Python-100-Days-master\Day31-35\code\example20.py","example20.py",".py",821,"2025-03-28 03:29","amp"
"E:\Users\文少\Downloads\Python-100-Days-master\Python-100-Days-master\Day31-35\code\example21.py","example21.py",".py",1748,"2025-03-28 03:29","amp"
"E:\Users\文少\Downloads\Python-100-Days-master\Python-100-Days-master\Day31-35\code\example22.py","example22.py",".py",1011,"2025-03-28 03:29","amp"
"E:\Users\文少\Downloads\Python-100-Days-master\Python-100-Days-master\Day31-35\code\example23.py","example23.py",".py",1010,"2025-03-28 03:29","amp"
"E:\Users\文少\Downloads\Python-100-Days-master\Python-100-Days-master\Day31-35\code\example24.py","example24.py",".py",1182,"2025-03-28 03:29","amp"
"E:\Users\文少\Downloads\Python-100-Days-master\Python-100-Days-master\Day31-35\code\test_example01.py","test_example01.py",".py",1830,"2025-03-28 03:29","amp"
"E:\Users\文少\Downloads\Python-100-Days-master\Python-100-Days-master\Day31-35\code\test_example02.py","test_example02.py",".py",686,"2025-03-28 03:29","amp"
"E:\Users\文少\Downloads\Python-100-Days-master\Python-100-Days-master\Day91-100\92.Docker容器技术详解.md","92.Docker容器技术详解.md",".md",34447,"2025-03-28 03:29","dock"
"E:\Users\文少\Downloads\Python-100-Days-master\Python-100-Days-master\公开课\年薪50W+的Python程序员如何写代码\code\Python\opencourse\part01\example01.py","example01.py",".py",22,"2025-03-28 03:29","amp"
"E:\Users\文少\Downloads\Python-100-Days-master\Python-100-Days-master\公开课\年薪50W+的Python程序员如何写代码\code\Python\opencourse\part01\example02.py","example02.py",".py",26,"2025-03-28 03:29","amp"
"E:\Users\文少\Downloads\Python-100-Days-master\Python-100-Days-master\公开课\年薪50W+的Python程序员如何写代码\code\Python\opencourse\part01\example03.py","example03.py",".py",86,"2025-03-28 03:29","amp"
"E:\Users\文少\Downloads\Python-100-Days-master\Python-100-Days-master\公开课\年薪50W+的Python程序员如何写代码\code\Python\opencourse\part01\example04.py","example04.py",".py",568,"2025-03-28 03:29","amp"
"E:\Users\文少\Downloads\Python-100-Days-master\Python-100-Days-master\公开课\年薪50W+的Python程序员如何写代码\code\Python\opencourse\part01\example05.py","example05.py",".py",327,"2025-03-28 03:29","amp"
"E:\Users\文少\Downloads\Python-100-Days-master\Python-100-Days-master\公开课\年薪50W+的Python程序员如何写代码\code\Python\opencourse\part01\example06.py","example06.py",".py",938,"2025-03-28 03:29","amp"
"E:\Users\文少\Downloads\Python-100-Days-master\Python-100-Days-master\公开课\年薪50W+的Python程序员如何写代码\code\Python\opencourse\part01\example07.py","example07.py",".py",193,"2025-03-28 03:29","amp"
"E:\Users\文少\Downloads\Python-100-Days-master\Python-100-Days-master\公开课\年薪50W+的Python程序员如何写代码\code\Python\opencourse\part01\example08.py","example08.py",".py",427,"2025-03-28 03:29","amp"
"E:\Users\文少\Downloads\Python-100-Days-master\Python-100-Days-master\公开课\年薪50W+的Python程序员如何写代码\code\Python\opencourse\part01\example09.py","example09.py",".py",373,"2025-03-28 03:29","amp"
"E:\Users\文少\Downloads\Python-100-Days-master\Python-100-Days-master\公开课\年薪50W+的Python程序员如何写代码\code\Python\opencourse\part01\example10.py","example10.py",".py",405,"2025-03-28 03:29","amp"
"E:\Users\文少\Downloads\Python-100-Days-master\Python-100-Days-master\公开课\年薪50W+的Python程序员如何写代码\code\Python\opencourse\part03\example.py","example.py",".py",1174,"2025-03-28 03:29","amp"
"E:\Users\文少\Downloads\Python-100-Days-master\Python-100-Days-master\公开课\年薪50W+的Python程序员如何写代码\code\Python\opencourse\part04\example.py","example.py",".py",871,"2025-03-28 03:29","amp"
"E:\Users\文少\Downloads\Python-100-Days-master\Python-100-Days-master\公开课\第04次公开课-好玩的Python\code\example01.py","example01.py",".py",328,"2025-03-28 03:29","amp"
"E:\Users\文少\Downloads\Python-100-Days-master\Python-100-Days-master\公开课\第05次公开课-算法入门系列1-周而复始\code\example01.py","example01.py",".py",80,"2025-03-28 03:29","amp"
"E:\Users\文少\Downloads\Python-100-Days-master\Python-100-Days-master\公开课\第05次公开课-算法入门系列1-周而复始\code\example02.py","example02.py",".py",68,"2025-03-28 03:29","amp"
"E:\Users\文少\Downloads\Python-100-Days-master\Python-100-Days-master\公开课\第05次公开课-算法入门系列1-周而复始\code\example03.py","example03.py",".py",84,"2025-03-28 03:29","amp"
"E:\Users\文少\Downloads\Python-100-Days-master\Python-100-Days-master\公开课\第05次公开课-算法入门系列1-周而复始\code\example04.py","example04.py",".py",199,"2025-03-28 03:29","amp"
"E:\Users\文少\Downloads\Python-100-Days-master\Python-100-Days-master\公开课\第05次公开课-算法入门系列1-周而复始\code\example05.py","example05.py",".py",291,"2025-03-28 03:29","amp"
"E:\Users\文少\Downloads\Python-100-Days-master\Python-100-Days-master\公开课\第05次公开课-算法入门系列1-周而复始\code\example06.py","example06.py",".py",428,"2025-03-28 03:29","amp"
"E:\Users\文少\Downloads\Python-100-Days-master\Python-100-Days-master\公开课\第06次公开课-算法入门系列2-在水一方\code\example01.py","example01.py",".py",263,"2025-03-28 03:29","amp"
"E:\Users\文少\Downloads\Python-100-Days-master\Python-100-Days-master\公开课\第06次公开课-算法入门系列2-在水一方\code\example02.py","example02.py",".py",225,"2025-03-28 03:29","amp"
"E:\Users\文少\Downloads\Python-100-Days-master\Python-100-Days-master\公开课\第06次公开课-算法入门系列2-在水一方\code\example03.py","example03.py",".py",1293,"2025-03-28 03:29","amp"
"E:\Users\文少\Downloads\Python-100-Days-master\Python-100-Days-master\公开课\第06次公开课-算法入门系列2-在水一方\code\example04.py","example04.py",".py",957,"2025-03-28 03:29","amp"
"E:\Users\文少\Downloads\Python-100-Days-master\Python-100-Days-master\公开课\第06次公开课-算法入门系列2-在水一方\code\example05.py","example05.py",".py",190,"2025-03-28 03:29","amp"
"E:\Users\文少\Downloads\sORF_Pure_Pipeline_and_Methods\PIPELINE_RECORD.md","PIPELINE_RECORD.md",".md",21941,"2026-07-25 15:13","method|sorf"
"E:\Users\文少\Downloads\sORF_Pure_Pipeline_and_Methods\sORF_Catalog_and_4Cohort_Analysis_Methods.md","sORF_Catalog_and_4Cohort_Analysis_Methods.md",".md",10862,"2026-07-25 09:33","method|sorf"
"E:\Users\文少\Downloads\sORF_Pure_Pipeline_and_Methods\step1_build_sorf_catalog.sh","step1_build_sorf_catalog.sh",".sh",4291,"2026-07-25 09:33","method|sorf"
"E:\Users\文少\Downloads\sORF_Pure_Pipeline_and_Methods\step2_quantify_sorf_salmon.sh","step2_quantify_sorf_salmon.sh",".sh",4762,"2026-07-25 09:34","method|sorf"
"E:\Users\文少\Downloads\sORF_Pure_Pipeline_and_Methods\step3_merge_and_4cohort_sorf_analysis.py","step3_merge_and_4cohort_sorf_analysis.py",".py",14510,"2026-07-25 09:33","method|sorf"
"E:\0mcp-agv\example_sci_docking_pipeline.py","example_sci_docking_pipeline.py",".py",1618,"2026-08-25 14:57","amp|dock"
"E:\0mcp-agv\run_full_docking_pipeline.py","run_full_docking_pipeline.py",".py",6240,"2026-08-27 09:47","dock"
"E:\0mcp-agv\template_sci_docking.py","template_sci_docking.py",".py",15680,"2026-08-25 16:05","dock"
"E:\0mcp-agv\.agents\skills\banana-slides\examples\generate_banana_slides_flagship.py","generate_banana_slides_flagship.py",".py",32001,"2026-08-25 20:13","amp"
"E:\0mcp-agv\.agents\skills\banana-slides\examples\generate_banana_slides_pptx.py","generate_banana_slides_pptx.py",".py",32343,"2026-08-25 19:34","amp"
"E:\0mcp-agv\.agents\skills\cyber-ppt\examples\generate_cyberppt_custom_svg.py","generate_cyberppt_custom_svg.py",".py",23832,"2026-08-25 17:08","amp"
"E:\0mcp-agv\.agents\skills\dashi-ppt\examples\build_clean_dashi_deck.py","build_clean_dashi_deck.py",".py",7852,"2026-08-25 20:58","amp"
"E:\0mcp-agv\.agents\skills\guizang-ppt-skill\examples\generate_guizang_swiss_deck.py","generate_guizang_swiss_deck.py",".py",34099,"2026-08-25 17:21","amp"
"E:\0mcp-agv\.agents\skills\guizang-ppt-skill\examples\umami-peptide-ml\项目记录.md","项目记录.md",".md",4579,"2026-08-28 20:15","amp|peptide"
"E:\0mcp-agv\.agents\skills\guizang-ppt-skill\output\umami-peptide-ml\项目记录.md","项目记录.md",".md",8582,"2026-08-28 19:48","peptide"
"E:\0mcp-agv\.agents\skills\guizang-ppt-skill\references\image-prompts.md","image-prompts.md",".md",12593,"2026-08-25 17:03","mag"
"E:\0mcp-agv\.agents\skills\guizang-ppt-skill\tools\node_modules\.bin\image-size.ps1","image-size.ps1",".ps1",837,"2026-08-28 19:48","mag"
"E:\0mcp-agv\.agents\skills\guizang-ppt-skill\tools\node_modules\image-size\package.json","package.json",".json",1726,"2026-08-28 19:48","mag"
"E:\0mcp-agv\.agents\skills\guizang-ppt-skill\tools\node_modules\image-size\Readme.md","Readme.md",".md",4280,"2026-08-28 19:48","mag"
"E:\0mcp-agv\.agents\skills\light-citation\templates\citation-four-gate.example.json","citation-four-gate.example.json",".json",939,"2026-08-12 09:18","amp"
"E:\0mcp-agv\.agents\skills\light-consistency\assets\consistency-registry.example.json","consistency-registry.example.json",".json",5045,"2026-08-12 09:18","amp"
"E:\0mcp-agv\.agents\skills\light-consistency\assets\method_lock.yaml","method_lock.yaml",".yaml",2456,"2026-08-12 09:18","method"
"E:\0mcp-agv\.agents\skills\light-consistency\examples\fact-bindings.example.json","fact-bindings.example.json",".json",766,"2026-08-12 09:18","amp"
"E:\0mcp-agv\.agents\skills\light-consistency\examples\materials_paper.txt","materials_paper.txt",".txt",299,"2026-08-12 09:18","amp"
"E:\0mcp-agv\.agents\skills\light-consistency\examples\materials_ppt.txt","materials_ppt.txt",".txt",297,"2026-08-12 09:18","amp"
"E:\0mcp-agv\.agents\skills\light-data-engineering\examples\derive_spec.example.json","derive_spec.example.json",".json",927,"2026-08-12 09:18","amp"
"E:\0mcp-agv\.agents\skills\light-data-engineering\examples\rules.example.yaml","rules.example.yaml",".yaml",1008,"2026-08-12 09:18","amp"
"E:\0mcp-agv\.agents\skills\light-data-engineering\examples\worked_example.md","worked_example.md",".md",7729,"2026-08-12 09:18","amp"
"E:\0mcp-agv\.agents\skills\light-data-engineering\scripts\sample_size_check.py","sample_size_check.py",".py",9461,"2026-08-12 09:18","amp"
"E:\0mcp-agv\.agents\skills\light-data-engineering\templates\data-identity-fitness.example.json","data-identity-fitness.example.json",".json",2008,"2026-08-12 09:18","amp"
"E:\0mcp-agv\.agents\skills\light-experiment-coding\assets\project-scaffold\configs\experiment.example.json","experiment.example.json",".json",797,"2026-08-12 09:18","amp"
"E:\0mcp-agv\.agents\skills\light-experiment-coding\assets\project-scaffold\src\example\experiment_contracts.py","experiment_contracts.py",".py",2801,"2026-08-12 09:18","amp"
"E:\0mcp-agv\.agents\skills\light-experiment-coding\assets\project-scaffold\src\example\reproducibility.py","reproducibility.py",".py",6263,"2026-08-12 09:18","amp"
"E:\0mcp-agv\.agents\skills\light-experiment-coding\assets\project-scaffold\src\example\stats.py","stats.py",".py",669,"2026-08-12 09:18","amp"
"E:\0mcp-agv\.agents\skills\light-experiment-coding\assets\project-scaffold\src\example\__init__.py","__init__.py",".py",88,"2026-08-12 09:18","amp"
"E:\0mcp-agv\.agents\skills\light-experiment-coding\examples\repro_spec.example.json","repro_spec.example.json",".json",1859,"2026-08-12 09:18","amp"
"E:\0mcp-agv\.agents\skills\light-experiment-coding\references\code_examples.md","code_examples.md",".md",3208,"2026-08-12 09:18","amp"
"E:\0mcp-agv\.agents\skills\light-experiment-coding\templates\experiment-execution-contract.example.json","experiment-execution-contract.example.json",".json",2386,"2026-08-12 09:18","amp"
"E:\0mcp-agv\.agents\skills\light-figure\examples\bad_figure_example.py","bad_figure_example.py",".py",1762,"2026-08-12 09:18","amp"
"E:\0mcp-agv\.agents\skills\light-figure\examples\example_framework_render.py","example_framework_render.py",".py",3758,"2026-08-12 09:18","amp"
"E:\0mcp-agv\.agents\skills\light-figure\examples\example_matplotlib_multipanel.py","example_matplotlib_multipanel.py",".py",4888,"2026-08-12 09:18","amp"
"E:\0mcp-agv\.agents\skills\light-figure\examples\example_seaborn_stats.py","example_seaborn_stats.py",".py",3625,"2026-08-12 09:18","amp"
"E:\0mcp-agv\.agents\skills\light-figure\examples\worked_example.md","worked_example.md",".md",7104,"2026-08-12 09:18","amp"
"E:\0mcp-agv\.agents\skills\light-figure\templates\figure-delivery.example.json","figure-delivery.example.json",".json",3121,"2026-08-12 09:18","amp"
"E:\0mcp-agv\.agents\skills\light-file-reading\assets\extraction-benchmark.example.json","extraction-benchmark.example.json",".json",824,"2026-08-12 09:18","amp"
"E:\0mcp-agv\.agents\skills\light-file-reading\assets\reading-contract.example.json","reading-contract.example.json",".json",5397,"2026-08-12 09:18","amp"
"E:\0mcp-agv\.agents\skills\light-frontend-design\templates\frontend-delivery.example.json","frontend-delivery.example.json",".json",1447,"2026-08-12 09:18","amp"
"E:\0mcp-agv\.agents\skills\light-idea-critique\examples\worked_example_dermoscopy.md","worked_example_dermoscopy.md",".md",6846,"2026-08-12 09:18","amp"
"E:\0mcp-agv\.agents\skills\light-idea-critique\templates\novelty-evidence.example.json","novelty-evidence.example.json",".json",1114,"2026-08-12 09:18","amp"
"E:\0mcp-agv\.agents\skills\light-idea-generation\examples\candidates.example.json","candidates.example.json",".json",1602,"2026-08-12 09:18","amp"
"E:\0mcp-agv\.agents\skills\light-idea-generation\examples\idea_candidates.example.md","idea_candidates.example.md",".md",8655,"2026-08-12 09:18","amp"
"E:\0mcp-agv\.agents\skills\light-idea-generation\templates\idea-gap-evidence.example.json","idea-gap-evidence.example.json",".json",647,"2026-08-12 09:18","amp"
"E:\0mcp-agv\.agents\skills\light-idea-generation\templates\idea-genealogy.example.json","idea-genealogy.example.json",".json",2333,"2026-08-12 09:18","amp"
"E:\0mcp-agv\.agents\skills\light-idea-generation\templates\innovation-engine.example.json","innovation-engine.example.json",".json",2223,"2026-08-12 09:18","amp"
"E:\0mcp-agv\.agents\skills\light-literature-search\assets\method_card.md","method_card.md",".md",1599,"2026-08-12 09:18","method"
"E:\0mcp-agv\.agents\skills\light-literature-search\examples\goat_littable.md","goat_littable.md",".md",2990,"2026-08-12 09:18","amp"
"E:\0mcp-agv\.agents\skills\light-literature-search\examples\goat_search.json","goat_search.json",".json",21654,"2026-08-12 09:18","amp"
"E:\0mcp-agv\.agents\skills\light-literature-search\examples\worked_example_dairy_goat.md","worked_example_dairy_goat.md",".md",3362,"2026-08-12 09:18","amp"
"E:\0mcp-agv\.agents\skills\light-literature-search\templates\search-protocol.example.json","search-protocol.example.json",".json",2949,"2026-08-12 09:18","amp"
"E:\0mcp-agv\.agents\skills\light-memory-pm\assets\memory-governance.example.json","memory-governance.example.json",".json",3407,"2026-08-12 09:18","amp"
"E:\0mcp-agv\.agents\skills\light-orchestrator\templates\task-profile.example.json","task-profile.example.json",".json",443,"2026-08-12 09:18","amp"
"E:\0mcp-agv\.agents\skills\light-orchestrator\templates\workflow-ledger.example.json","workflow-ledger.example.json",".json",2156,"2026-08-12 09:18","amp"
"E:\0mcp-agv\.agents\skills\light-paper-writing\examples\claim_evidence_walkthrough.md","claim_evidence_walkthrough.md",".md",3473,"2026-08-12 09:18","amp"
"E:\0mcp-agv\.agents\skills\light-paper-writing\templates\argument-outline.example.json","argument-outline.example.json",".json",1344,"2026-08-12 09:18","amp"
"E:\0mcp-agv\.agents\skills\light-patent-disclosure\templates\patent-disclosure-packet.example.json","patent-disclosure-packet.example.json",".json",4300,"2026-08-12 09:18","amp"
"E:\0mcp-agv\.agents\skills\light-project-structure\templates\project-structure-governance.example.json","project-structure-governance.example.json",".json",2509,"2026-08-12 09:18","amp"
"E:\0mcp-agv\.agents\skills\light-research-ethics\assets\authority-packet.example.json","authority-packet.example.json",".json",1165,"2026-08-12 09:18","amp"
"E:\0mcp-agv\.agents\skills\light-research-ethics\assets\consent-scope-packet.example.json","consent-scope-packet.example.json",".json",1799,"2026-08-12 09:18","amp"
"E:\0mcp-agv\.agents\skills\light-research-ethics\assets\ethics-evidence-packet.example.json","ethics-evidence-packet.example.json",".json",3714,"2026-08-12 09:18","amp"
"E:\0mcp-agv\.agents\skills\light-research-plan\examples\plan_spec.example.json","plan_spec.example.json",".json",2739,"2026-08-12 09:18","amp"
"E:\0mcp-agv\.agents\skills\light-research-plan\templates\failure-tree.example.json","failure-tree.example.json",".json",2014,"2026-08-12 09:18","amp"
"E:\0mcp-agv\.agents\skills\light-research-plan\templates\plan_package.manifest.example.json","plan_package.manifest.example.json",".json",1095,"2026-08-12 09:18","amp"
"E:\0mcp-agv\.agents\skills\light-research-plan\templates\target-chain.example.json","target-chain.example.json",".json",1048,"2026-08-12 09:18","amp"
"E:\0mcp-agv\.agents\skills\light-result-analysis\examples\analysis_audit.example.json","analysis_audit.example.json",".json",1146,"2026-08-12 09:18","amp"
"E:\0mcp-agv\.agents\skills\light-result-analysis\examples\method_compatibility.example.json","method_compatibility.example.json",".json",547,"2026-08-12 09:18","amp|method"
"E:\0mcp-agv\.agents\skills\light-result-analysis\examples\stat_spec.example.json","stat_spec.example.json",".json",2015,"2026-08-12 09:18","amp"
"E:\0mcp-agv\.agents\skills\light-result-analysis\examples\worked_example.py","worked_example.py",".py",7032,"2026-08-12 09:18","amp"
"E:\0mcp-agv\.agents\skills\light-result-analysis\scripts\method_compatibility.py","method_compatibility.py",".py",8677,"2026-08-12 09:18","method"
"E:\0mcp-agv\.agents\skills\light-result-analysis\templates\result-card.example.json","result-card.example.json",".json",2066,"2026-08-12 09:18","amp"
"E:\0mcp-agv\.agents\skills\light-review-rebuttal\templates\experiment_request.example.json","experiment_request.example.json",".json",604,"2026-08-12 09:18","amp"
"E:\0mcp-agv\.agents\skills\light-review-rebuttal\templates\review-response-contract.example.json","review-response-contract.example.json",".json",5901,"2026-08-12 09:18","amp"
"E:\0mcp-agv\.agents\skills\light-software-copyright\templates\software-copyright-materials.example.json","software-copyright-materials.example.json",".json",3859,"2026-08-12 09:18","amp"
"E:\0mcp-agv\.agents\skills\light-system-design\templates\design-readiness.example.json","design-readiness.example.json",".json",3363,"2026-08-12 09:18","amp"
"E:\0mcp-agv\.agents\skills\light-typesetting\templates\submission-readiness.example.json","submission-readiness.example.json",".json",2003,"2026-08-12 09:18","amp"
"E:\0mcp-agv\.agents\skills\light-venue-matching\templates\query-privacy.example.json","query-privacy.example.json",".json",633,"2026-08-12 09:18","amp"
"E:\0mcp-agv\.agents\skills\light-venue-matching\templates\venue-evidence.example.json","venue-evidence.example.json",".json",1590,"2026-08-12 09:18","amp"
"E:\0mcp-agv\.agents\skills\nature-downloader\examples\carsi-retry-template.tsv","carsi-retry-template.tsv",".tsv",406,"2026-09-10 10:01","amp"
"E:\0mcp-agv\.agents\skills\nature-downloader\examples\manifest-template.tsv","manifest-template.tsv",".tsv",494,"2026-09-10 10:01","amp"
"E:\0mcp-agv\.agents\skills\nature-downloader\examples\publisher-verification-template.tsv","publisher-verification-template.tsv",".tsv",425,"2026-09-10 10:01","amp"
"E:\0mcp-agv\.agents\skills\nature-experiment-log\references\example-electrochemical.md","example-electrochemical.md",".md",1874,"2026-09-10 10:01","amp"
"E:\0mcp-agv\.agents\skills\nature-experiment-log\references\example-log.md","example-log.md",".md",2038,"2026-09-10 10:01","amp"
"E:\0mcp-agv\.agents\skills\nature-experiment-log\references\example-thermal-stability.md","example-thermal-stability.md",".md",1769,"2026-09-10 10:01","amp"
"E:\0mcp-agv\.agents\skills\nature-figure\references\openrouter-image-generation.md","openrouter-image-generation.md",".md",5928,"2026-09-10 10:01","mag"
"E:\0mcp-agv\.agents\skills\nature-paper-card\static\fragments\paper_type\methods.md","methods.md",".md",873,"2026-09-10 10:01","method"
"E:\0mcp-agv\.agents\skills\nature-polishing\static\fragments\paper_type\methods.md","methods.md",".md",806,"2026-09-10 10:01","method"
"E:\0mcp-agv\.agents\skills\nature-polishing\static\fragments\section\methods.md","methods.md",".md",815,"2026-09-10 10:01","method"
"E:\0mcp-agv\.agents\skills\nature-proposal-writer\references\review-critique-methodology.md","review-critique-methodology.md",".md",8286,"2026-09-10 10:01","method"
"E:\0mcp-agv\.agents\skills\nature-proposal-writer\references\worked-example-quaternary-proposal.md","worked-example-quaternary-proposal.md",".md",3596,"2026-09-10 10:01","amp"
"E:\0mcp-agv\.agents\skills\nature-writing\references\method.md","method.md",".md",7102,"2026-09-10 10:01","method"
"E:\0mcp-agv\.agents\skills\nature-writing\references\examples\abstract-examples.md","abstract-examples.md",".md",875,"2026-09-10 10:01","amp"
"E:\0mcp-agv\.agents\skills\nature-writing\references\examples\index.md","index.md",".md",2402,"2026-09-10 10:01","amp"
"E:\0mcp-agv\.agents\skills\nature-writing\references\examples\introduction-examples.md","introduction-examples.md",".md",1544,"2026-09-10 10:01","amp"
"E:\0mcp-agv\.agents\skills\nature-writing\references\examples\method-examples.md","method-examples.md",".md",1028,"2026-09-10 10:01","amp|method"
"E:\0mcp-agv\.agents\skills\nature-writing\references\examples\abstract\template-a.md","template-a.md",".md",950,"2026-09-10 10:01","amp"
"E:\0mcp-agv\.agents\skills\nature-writing\references\examples\abstract\template-b.md","template-b.md",".md",3265,"2026-09-10 10:01","amp"
"E:\0mcp-agv\.agents\skills\nature-writing\references\examples\abstract\template-c.md","template-c.md",".md",1750,"2026-09-10 10:01","amp"
"E:\0mcp-agv\.agents\skills\nature-writing\references\examples\introduction\novel-task-challenge-decomposition.md","novel-task-challenge-decomposition.md",".md",1550,"2026-09-10 10:01","amp"
"E:\0mcp-agv\.agents\skills\nature-writing\references\examples\introduction\pipeline-not-recommended-abstract-only.md","pipeline-not-recommended-abstract-only.md",".md",2976,"2026-09-10 10:01","amp"
"E:\0mcp-agv\.agents\skills\nature-writing\references\examples\introduction\pipeline-version-1-one-contribution-multi-advantages.md","pipeline-version-1-one-contribution-multi-advantages.md",".md",2039,"2026-09-10 10:01","amp"
"E:\0mcp-agv\.agents\skills\nature-writing\references\examples\introduction\pipeline-version-2-two-contributions.md","pipeline-version-2-two-contributions.md",".md",2049,"2026-09-10 10:01","amp"
"E:\0mcp-agv\.agents\skills\nature-writing\references\examples\introduction\pipeline-version-3-new-module-on-existing-pipeline.md","pipeline-version-3-new-module-on-existing-pipeline.md",".md",1514,"2026-09-10 10:01","amp"
"E:\0mcp-agv\.agents\skills\nature-writing\references\examples\introduction\pipeline-version-4-observation-driven.md","pipeline-version-4-observation-driven.md",".md",1441,"2026-09-10 10:01","amp"
"E:\0mcp-agv\.agents\skills\nature-writing\references\examples\introduction\technical-challenge-version-1-existing-task.md","technical-challenge-version-1-existing-task.md",".md",2690,"2026-09-10 10:01","amp"
"E:\0mcp-agv\.agents\skills\nature-writing\references\examples\introduction\technical-challenge-version-2-existing-task-insight-backed-by-traditional.md","technical-challenge-version-2-existing-task-insight-backed-by-traditional.md",".md",3848,"2026-09-10 10:01","amp"
"E:\0mcp-agv\.agents\skills\nature-writing\references\examples\introduction\technical-challenge-version-3-novel-task.md","technical-challenge-version-3-novel-task.md",".md",1629,"2026-09-10 10:01","amp"
"E:\0mcp-agv\.agents\skills\nature-writing\references\examples\introduction\version-1-task-then-application.md","version-1-task-then-application.md",".md",727,"2026-09-10 10:01","amp"
"E:\0mcp-agv\.agents\skills\nature-writing\references\examples\introduction\version-2-application-first.md","version-2-application-first.md",".md",405,"2026-09-10 10:01","amp"
"E:\0mcp-agv\.agents\skills\nature-writing\references\examples\introduction\version-3-general-to-specific-setting.md","version-3-general-to-specific-setting.md",".md",847,"2026-09-10 10:01","amp"
"E:\0mcp-agv\.agents\skills\nature-writing\references\examples\introduction\version-4-open-with-challenge.md","version-4-open-with-challenge.md",".md",1753,"2026-09-10 10:01","amp"
"E:\0mcp-agv\.agents\skills\nature-writing\references\examples\method\example-of-the-three-elements.md","example-of-the-three-elements.md",".md",7440,"2026-09-10 10:01","amp|method"
"E:\0mcp-agv\.agents\skills\nature-writing\references\examples\method\method-writing-common-issues-note.md","method-writing-common-issues-note.md",".md",355,"2026-09-10 10:01","amp|method"
"E:\0mcp-agv\.agents\skills\nature-writing\references\examples\method\module-design-instant-ngp.md","module-design-instant-ngp.md",".md",4557,"2026-09-10 10:01","amp|method"
"E:\0mcp-agv\.agents\skills\nature-writing\references\examples\method\module-motivation-patterns.md","module-motivation-patterns.md",".md",410,"2026-09-10 10:01","amp|method"
"E:\0mcp-agv\.agents\skills\nature-writing\references\examples\method\module-triad-neural-body.md","module-triad-neural-body.md",".md",763,"2026-09-10 10:01","amp|method"
"E:\0mcp-agv\.agents\skills\nature-writing\references\examples\method\neural-body-annotated-figure-text.md","neural-body-annotated-figure-text.md",".md",2845,"2026-09-10 10:01","amp|method"
"E:\0mcp-agv\.agents\skills\nature-writing\references\examples\method\overview-template.md","overview-template.md",".md",2054,"2026-09-10 10:01","amp|method"
"E:\0mcp-agv\.agents\skills\nature-writing\references\examples\method\pre-writing-questions.md","pre-writing-questions.md",".md",479,"2026-09-10 10:01","amp|method"
"E:\0mcp-agv\.agents\skills\nature-writing\references\examples\method\section-skeleton.md","section-skeleton.md",".md",110,"2026-09-10 10:01","amp|method"
"E:\0mcp-agv\.agents\skills\nature-writing\static\fragments\paper_type\methods.md","methods.md",".md",1241,"2026-09-10 10:01","method"
"E:\0mcp-agv\.agents\skills\nature-writing\static\fragments\section\method.md","method.md",".md",1365,"2026-09-10 10:01","method"
"E:\0mcp-agv\.agents\skills\ppt-master\examples\generate_pptmaster_deck.py","generate_pptmaster_deck.py",".py",29961,"2026-08-25 19:57","amp"
"E:\0mcp-agv\.agents\skills\ppt-master\examples\示例_design_spec.md","示例_design_spec.md",".md",21424,"2026-08-29 09:26","amp"
"E:\0mcp-agv\.agents\skills\ppt-master\references\executor-image.md","executor-image.md",".md",8885,"2026-08-25 16:22","mag"
"E:\0mcp-agv\.agents\skills\ppt-master\references\executor-web-image.md","executor-web-image.md",".md",2481,"2026-08-25 16:22","mag"
"E:\0mcp-agv\.agents\skills\ppt-master\references\image-base.md","image-base.md",".md",11970,"2026-08-25 16:22","mag"
"E:\0mcp-agv\.agents\skills\ppt-master\references\image-generator.md","image-generator.md",".md",75329,"2026-08-25 16:22","mag"
"E:\0mcp-agv\.agents\skills\ppt-master\references\image-layout-patterns.md","image-layout-patterns.md",".md",26932,"2026-08-25 16:22","mag"
"E:\0mcp-agv\.agents\skills\ppt-master\references\image-layout-spec.md","image-layout-spec.md",".md",10722,"2026-08-25 16:22","mag"
"E:\0mcp-agv\.agents\skills\ppt-master\references\image-searcher.md","image-searcher.md",".md",31016,"2026-08-25 16:22","mag"
"E:\0mcp-agv\.agents\skills\ppt-master\references\strategist-image.md","strategist-image.md",".md",15630,"2026-08-25 16:22","mag"
"E:\0mcp-agv\.agents\skills\ppt-master\references\svg-image-embedding.md","svg-image-embedding.md",".md",11610,"2026-08-25 16:22","mag"
"E:\0mcp-agv\.agents\skills\ppt-master\references\ai-image-comparison\README.md","README.md",".md",4437,"2026-08-25 16:22","mag"
"E:\0mcp-agv\.agents\skills\ppt-master\references\ai-image-comparison\palette\_manifest.json","_manifest.json",".json",16738,"2026-08-25 16:22","mag"
"E:\0mcp-agv\.agents\skills\ppt-master\references\ai-image-comparison\palette\_manifest.md","_manifest.md",".md",16409,"2026-08-25 16:22","mag"
"E:\0mcp-agv\.agents\skills\ppt-master\references\ai-image-comparison\palette\_subject.md","_subject.md",".md",3137,"2026-08-25 16:22","mag"
"E:\0mcp-agv\.agents\skills\ppt-master\references\ai-image-comparison\rendering\_manifest.json","_manifest.json",".json",24327,"2026-08-25 16:22","mag"
"E:\0mcp-agv\.agents\skills\ppt-master\references\ai-image-comparison\rendering\_manifest.md","_manifest.md",".md",24175,"2026-08-25 16:22","mag"
"E:\0mcp-agv\.agents\skills\ppt-master\references\ai-image-comparison\rendering\_subject.md","_subject.md",".md",1843,"2026-08-25 16:22","mag"
"E:\0mcp-agv\.agents\skills\ppt-master\references\ai-image-comparison\type\_manifest.json","_manifest.json",".json",15467,"2026-08-25 16:22","mag"
"E:\0mcp-agv\.agents\skills\ppt-master\references\ai-image-comparison\type\_manifest.md","_manifest.md",".md",15291,"2026-08-25 16:22","mag"
"E:\0mcp-agv\.agents\skills\ppt-master\references\ai-image-comparison\type\_subject.md","_subject.md",".md",3185,"2026-08-25 16:22","mag"
"E:\0mcp-agv\.agents\skills\ppt-master\references\image-palettes\cool-corporate.md","cool-corporate.md",".md",1723,"2026-08-25 16:22","mag"
"E:\0mcp-agv\.agents\skills\ppt-master\references\image-palettes\dark-cinematic.md","dark-cinematic.md",".md",2045,"2026-08-25 16:22","mag"
"E:\0mcp-agv\.agents\skills\ppt-master\references\image-palettes\duotone.md","duotone.md",".md",1522,"2026-08-25 16:22","mag"
"E:\0mcp-agv\.agents\skills\ppt-master\references\image-palettes\earthy-dusty.md","earthy-dusty.md",".md",1923,"2026-08-25 16:22","mag"
"E:\0mcp-agv\.agents\skills\ppt-master\references\image-palettes\editorial-classic.md","editorial-classic.md",".md",1495,"2026-08-25 16:22","mag"
"E:\0mcp-agv\.agents\skills\ppt-master\references\image-palettes\frost-ice.md","frost-ice.md",".md",1699,"2026-08-25 16:22","mag"
"E:\0mcp-agv\.agents\skills\ppt-master\references\image-palettes\jewel-tone.md","jewel-tone.md",".md",1818,"2026-08-25 16:22","mag"
"E:\0mcp-agv\.agents\skills\ppt-master\references\image-palettes\macaron.md","macaron.md",".md",1703,"2026-08-25 16:22","mag"
"E:\0mcp-agv\.agents\skills\ppt-master\references\image-palettes\mono-ink.md","mono-ink.md",".md",2619,"2026-08-25 16:22","mag"
"E:\0mcp-agv\.agents\skills\ppt-master\references\image-palettes\nature-organic.md","nature-organic.md",".md",1361,"2026-08-25 16:22","mag"
"E:\0mcp-agv\.agents\skills\ppt-master\references\image-palettes\sunset-gradient.md","sunset-gradient.md",".md",2221,"2026-08-25 16:22","mag"
"E:\0mcp-agv\.agents\skills\ppt-master\references\image-palettes\tech-neon.md","tech-neon.md",".md",1575,"2026-08-25 16:22","mag"
"E:\0mcp-agv\.agents\skills\ppt-master\references\image-palettes\vivid-launch.md","vivid-launch.md",".md",1504,"2026-08-25 16:22","mag"
"E:\0mcp-agv\.agents\skills\ppt-master\references\image-palettes\warm-earth.md","warm-earth.md",".md",1714,"2026-08-25 16:22","mag"
"E:\0mcp-agv\.agents\skills\ppt-master\references\image-palettes\_index.md","_index.md",".md",2404,"2026-08-25 16:22","mag"
"E:\0mcp-agv\.agents\skills\ppt-master\references\image-renderings\3d-isometric.md","3d-isometric.md",".md",2771,"2026-08-25 16:22","mag"
"E:\0mcp-agv\.agents\skills\ppt-master\references\image-renderings\blueprint.md","blueprint.md",".md",2700,"2026-08-25 16:22","mag"
"E:\0mcp-agv\.agents\skills\ppt-master\references\image-renderings\chalkboard.md","chalkboard.md",".md",2635,"2026-08-25 16:22","mag"
"E:\0mcp-agv\.agents\skills\ppt-master\references\image-renderings\corporate-photo.md","corporate-photo.md",".md",3531,"2026-08-25 16:22","mag"
"E:\0mcp-agv\.agents\skills\ppt-master\references\image-renderings\digital-dashboard.md","digital-dashboard.md",".md",2685,"2026-08-25 16:22","mag"
"E:\0mcp-agv\.agents\skills\ppt-master\references\image-renderings\editorial.md","editorial.md",".md",2638,"2026-08-25 16:22","mag"
"E:\0mcp-agv\.agents\skills\ppt-master\references\image-renderings\fantasy-animation.md","fantasy-animation.md",".md",2791,"2026-08-25 16:22","mag"
"E:\0mcp-agv\.agents\skills\ppt-master\references\image-renderings\flat.md","flat.md",".md",2412,"2026-08-25 16:22","mag"
"E:\0mcp-agv\.agents\skills\ppt-master\references\image-renderings\glassmorphism.md","glassmorphism.md",".md",3218,"2026-08-25 16:22","mag"
"E:\0mcp-agv\.agents\skills\ppt-master\references\image-renderings\ink-notes.md","ink-notes.md",".md",3398,"2026-08-25 16:22","mag"
"E:\0mcp-agv\.agents\skills\ppt-master\references\image-renderings\minimalist-swiss.md","minimalist-swiss.md",".md",2937,"2026-08-25 16:22","mag"
"E:\0mcp-agv\.agents\skills\ppt-master\references\image-renderings\nature.md","nature.md",".md",2841,"2026-08-25 16:22","mag"
"E:\0mcp-agv\.agents\skills\ppt-master\references\image-renderings\paper-cut.md","paper-cut.md",".md",2796,"2026-08-25 16:22","mag"
"E:\0mcp-agv\.agents\skills\ppt-master\references\image-renderings\pixel-art.md","pixel-art.md",".md",2571,"2026-08-25 16:22","mag"
"E:\0mcp-agv\.agents\skills\ppt-master\references\image-renderings\screen-print.md","screen-print.md",".md",2890,"2026-08-25 16:22","mag"
"E:\0mcp-agv\.agents\skills\ppt-master\references\image-renderings\sketch-notes.md","sketch-notes.md",".md",3034,"2026-08-25 16:22","mag"
"E:\0mcp-agv\.agents\skills\ppt-master\references\image-renderings\vector-illustration.md","vector-illustration.md",".md",2944,"2026-08-25 16:22","mag"
"E:\0mcp-agv\.agents\skills\ppt-master\references\image-renderings\vintage-poster.md","vintage-poster.md",".md",3012,"2026-08-25 16:22","mag"
"E:\0mcp-agv\.agents\skills\ppt-master\references\image-renderings\warm-scene.md","warm-scene.md",".md",3027,"2026-08-25 16:22","mag"
"E:\0mcp-agv\.agents\skills\ppt-master\references\image-renderings\watercolor.md","watercolor.md",".md",2491,"2026-08-25 16:22","mag"
"E:\0mcp-agv\.agents\skills\ppt-master\references\image-renderings\_index.md","_index.md",".md",9208,"2026-08-25 16:22","mag"
"E:\0mcp-agv\.agents\skills\ppt-master\references\image-type-templates\comparison.md","comparison.md",".md",3589,"2026-08-25 16:22","mag"
"E:\0mcp-agv\.agents\skills\ppt-master\references\image-type-templates\cycle.md","cycle.md",".md",3365,"2026-08-25 16:22","mag"
"E:\0mcp-agv\.agents\skills\ppt-master\references\image-type-templates\flowchart.md","flowchart.md",".md",2986,"2026-08-25 16:22","mag"
"E:\0mcp-agv\.agents\skills\ppt-master\references\image-type-templates\framework.md","framework.md",".md",4795,"2026-08-25 16:22","mag"
"E:\0mcp-agv\.agents\skills\ppt-master\references\image-type-templates\funnel.md","funnel.md",".md",3837,"2026-08-25 16:22","mag"
"E:\0mcp-agv\.agents\skills\ppt-master\references\image-type-templates\infographic.md","infographic.md",".md",3598,"2026-08-25 16:22","mag"
"E:\0mcp-agv\.agents\skills\ppt-master\references\image-type-templates\map.md","map.md",".md",3966,"2026-08-25 16:22","mag"
"E:\0mcp-agv\.agents\skills\ppt-master\references\image-type-templates\matrix.md","matrix.md",".md",3728,"2026-08-25 16:22","mag"
"E:\0mcp-agv\.agents\skills\ppt-master\references\image-type-templates\pyramid.md","pyramid.md",".md",3521,"2026-08-25 16:22","mag"
"E:\0mcp-agv\.agents\skills\ppt-master\references\image-type-templates\scene.md","scene.md",".md",3535,"2026-08-25 16:22","mag"
"E:\0mcp-agv\.agents\skills\ppt-master\references\image-type-templates\timeline.md","timeline.md",".md",2901,"2026-08-25 16:22","mag"
"E:\0mcp-agv\.agents\skills\ppt-master\references\image-type-templates\_index.md","_index.md",".md",6321,"2026-08-25 16:22","mag"
"E:\0mcp-agv\.agents\skills\ppt-master\scripts\analyze_images.py","analyze_images.py",".py",17424,"2026-08-25 16:22","mag"
"E:\0mcp-agv\.agents\skills\ppt-master\scripts\generate_examples_index.py","generate_examples_index.py",".py",9691,"2026-08-25 16:22","amp"
"E:\0mcp-agv\.agents\skills\ppt-master\scripts\image_gen.py","image_gen.py",".py",53805,"2026-08-25 16:22","mag"
"E:\0mcp-agv\.agents\skills\ppt-master\scripts\image_search.py","image_search.py",".py",96534,"2026-08-25 16:22","mag"
"E:\0mcp-agv\.agents\skills\ppt-master\scripts\image_treat.py","image_treat.py",".py",19614,"2026-08-25 16:22","mag"
"E:\0mcp-agv\.agents\skills\ppt-master\scripts\rotate_images.py","rotate_images.py",".py",29107,"2026-08-25 16:22","mag"
"E:\0mcp-agv\.agents\skills\ppt-master\scripts\slice_images.py","slice_images.py",".py",23607,"2026-08-25 16:22","mag"
"E:\0mcp-agv\.agents\skills\ppt-master\scripts\docs\advanced-image-motion-smoke.md","advanced-image-motion-smoke.md",".md",13081,"2026-08-25 16:22","mag"
"E:\0mcp-agv\.agents\skills\ppt-master\scripts\docs\image.md","image.md",".md",16526,"2026-08-25 16:22","mag"
"E:\0mcp-agv\.agents\skills\ppt-master\scripts\image_backends\backend_bfl.py","backend_bfl.py",".py",7072,"2026-08-25 16:22","mag"
"E:\0mcp-agv\.agents\skills\ppt-master\scripts\image_backends\backend_common.py","backend_common.py",".py",16625,"2026-08-25 16:22","mag"
"E:\0mcp-agv\.agents\skills\ppt-master\scripts\image_backends\backend_fal.py","backend_fal.py",".py",5979,"2026-08-25 16:22","mag"
"E:\0mcp-agv\.agents\skills\ppt-master\scripts\image_backends\backend_gemini.py","backend_gemini.py",".py",13212,"2026-08-25 16:22","mag"
"E:\0mcp-agv\.agents\skills\ppt-master\scripts\image_backends\backend_ideogram.py","backend_ideogram.py",".py",6085,"2026-08-25 16:22","mag"
"E:\0mcp-agv\.agents\skills\ppt-master\scripts\image_backends\backend_minimax.py","backend_minimax.py",".py",8852,"2026-08-25 16:22","mag"
"E:\0mcp-agv\.agents\skills\ppt-master\scripts\image_backends\backend_modelscope.py","backend_modelscope.py",".py",6603,"2026-08-25 16:22","mag"
"E:\0mcp-agv\.agents\skills\ppt-master\scripts\image_backends\backend_openai.py","backend_openai.py",".py",28916,"2026-08-25 16:22","mag"
"E:\0mcp-agv\.agents\skills\ppt-master\scripts\image_backends\backend_openrouter.py","backend_openrouter.py",".py",8423,"2026-08-25 16:22","mag"
"E:\0mcp-agv\.agents\skills\ppt-master\scripts\image_backends\backend_qwen.py","backend_qwen.py",".py",7558,"2026-08-25 16:22","mag"
"E:\0mcp-agv\.agents\skills\ppt-master\scripts\image_backends\backend_replicate.py","backend_replicate.py",".py",7326,"2026-08-25 16:22","mag"
"E:\0mcp-agv\.agents\skills\ppt-master\scripts\image_backends\backend_siliconflow.py","backend_siliconflow.py",".py",6256,"2026-08-25 16:22","mag"
"E:\0mcp-agv\.agents\skills\ppt-master\scripts\image_backends\backend_stability.py","backend_stability.py",".py",6010,"2026-08-25 16:22","mag"
"E:\0mcp-agv\.agents\skills\ppt-master\scripts\image_backends\backend_volcengine.py","backend_volcengine.py",".py",6930,"2026-08-25 16:22","mag"
"E:\0mcp-agv\.agents\skills\ppt-master\scripts\image_backends\backend_zhipu.py","backend_zhipu.py",".py",6656,"2026-08-25 16:22","mag"
"E:\0mcp-agv\.agents\skills\ppt-master\scripts\image_backends\__init__.py","__init__.py",".py",58,"2026-08-25 16:22","mag"
"E:\0mcp-agv\.agents\skills\ppt-master\scripts\image_sources\provider_common.py","provider_common.py",".py",21856,"2026-08-25 16:22","mag"
"E:\0mcp-agv\.agents\skills\ppt-master\scripts\image_sources\provider_openverse.py","provider_openverse.py",".py",5077,"2026-08-25 16:22","mag"
"E:\0mcp-agv\.agents\skills\ppt-master\scripts\image_sources\provider_pexels.py","provider_pexels.py",".py",4366,"2026-08-25 16:22","mag"
"E:\0mcp-agv\.agents\skills\ppt-master\scripts\image_sources\provider_pixabay.py","provider_pixabay.py",".py",4541,"2026-08-25 16:22","mag"
"E:\0mcp-agv\.agents\skills\ppt-master\scripts\image_sources\provider_wikimedia.py","provider_wikimedia.py",".py",7009,"2026-08-25 16:22","mag"
"E:\0mcp-agv\.agents\skills\ppt-master\scripts\image_sources\__init__.py","__init__.py",".py",332,"2026-08-25 16:22","mag"
"E:\0mcp-agv\.agents\skills\ppt-master\scripts\svg_finalize\align_embed_images.py","align_embed_images.py",".py",24877,"2026-08-25 16:22","mag"
"E:\0mcp-agv\.agents\skills\ppt-master\scripts\svg_finalize\crop_images.py","crop_images.py",".py",12603,"2026-08-25 16:22","mag"
"E:\0mcp-agv\.agents\skills\ppt-master\scripts\svg_finalize\embed_images.py","embed_images.py",".py",11237,"2026-08-25 16:22","mag"
"E:\0mcp-agv\.agents\skills\ppt-master\scripts\svg_finalize\fix_image_aspect.py","fix_image_aspect.py",".py",14263,"2026-08-25 16:22","mag"
"E:\0mcp-agv\.agents\skills\ppt-master\templates\decks\umami-peptide-ml\templates\design_spec.md","design_spec.md",".md",4439,"2026-08-29 09:26","peptide"
"E:\0mcp-agv\.agents\skills\ppt-master\workflows\profiles\image-to-pptx.md","image-to-pptx.md",".md",19975,"2026-08-25 16:22","mag"
"E:\0mcp-agv\.agents\skills\ppt-master\workflows\stages\web-image-review.md","web-image-review.md",".md",4136,"2026-08-25 16:22","mag"
"E:\0mcp-agv\.agents\skills\pymol-mcp\template_sci_docking.py","template_sci_docking.py",".py",15664,"2026-08-25 16:15","dock"
"E:\0mcp-agv\.agents\skills\swiss-pptx\examples\generate_swiss_pptx.py","generate_swiss_pptx.py",".py",32639,"2026-08-25 17:44","amp"
"E:\0mcp-agv\agents\academic_thesis_agent\pipeline_umami_peptides.py","pipeline_umami_peptides.py",".py",64260,"2026-09-10 15:25","peptide"
"E:\0mcp-agv\agents\academic_thesis_agent\run_deep_learning_amp_agent.py","run_deep_learning_amp_agent.py",".py",26299,"2026-08-30 14:54","amp"
"E:\0mcp-agv\agents\hybrid_agent\examples\outline.collagen_example.json","outline.collagen_example.json",".json",25408,"2026-09-11 16:18","amp"
"E:\0mcp-agv\ARTA_Agent_Output\AChE_Neurotoxic_Peptide_MD_Review\AChE_Neurotoxic_Peptide_MD_Review_SCI_Monograph.docx","AChE_Neurotoxic_Peptide_MD_Review_SCI_Monograph.docx",".docx",177384,"2026-09-11 09:01","peptide"
"E:\0mcp-agv\ARTA_Agent_Output\AChE_Neurotoxic_Peptide_MD_Review\manifest.json","manifest.json",".json",3570,"2026-09-11 08:58","peptide"
"E:\0mcp-agv\ARTA_Agent_Output\AChE_Neurotoxic_Peptide_MD_Review\zotero_items.json","zotero_items.json",".json",1452,"2026-09-11 08:58","peptide"
"E:\0mcp-agv\ARTA_Agent_Output\AMP_Metagenomics_English_Review\AMP_Metagenomics_English_Review_SCI_Review_Monograph.docx","AMP_Metagenomics_English_Review_SCI_Review_Monograph.docx",".docx",179209,"2026-09-11 09:02","amp"
"E:\0mcp-agv\ARTA_Agent_Output\AMP_Metagenomics_English_Review\manifest.json","manifest.json",".json",4637,"2026-09-11 08:40","amp"
"E:\0mcp-agv\ARTA_Agent_Output\AMP_Metagenomics_English_Review\zotero_items.json","zotero_items.json",".json",1315,"2026-09-11 08:40","amp"
"E:\0mcp-agv\ARTA_Agent_Output\Collagen_Stability_MD_Docking_Hybrid_Review\Collagen_Stability_MD_Docking_Hybrid_Review_学术专著论文.docx","Collagen_Stability_MD_Docking_Hybrid_Review_学术专著论文.docx",".docx",180544,"2026-09-11 09:38","dock"
"E:\0mcp-agv\ARTA_Agent_Output\Collagen_Stability_MD_Docking_Hybrid_Review\manifest.json","manifest.json",".json",7864,"2026-09-11 09:37","dock"
"E:\0mcp-agv\ARTA_Agent_Output\深度学习筛选抗菌肽\deep_extracted_amp_corpus.json","deep_extracted_amp_corpus.json",".json",35213,"2026-09-10 17:21","amp"
"E:\0mcp-agv\banana-slides\docker-compose.allinone.yml","docker-compose.allinone.yml",".yml",715,"2026-08-25 19:17","dock"
"E:\0mcp-agv\banana-slides\docker-compose.prod.yml","docker-compose.prod.yml",".yml",1716,"2026-08-25 19:17","dock"
"E:\0mcp-agv\banana-slides\docker-compose.yml","docker-compose.yml",".yml",1986,"2026-08-25 19:17","dock"
"E:\0mcp-agv\banana-slides\.github\workflows\build-sha-image.yml","build-sha-image.yml",".yml",7010,"2026-08-25 19:17","mag"
"E:\0mcp-agv\banana-slides\.github\workflows\docker-publish.yml","docker-publish.yml",".yml",10560,"2026-08-25 19:17","dock"
"E:\0mcp-agv\banana-slides\.venv\Lib\site-packages\adodbapi\examples\db_print.py","db_print.py",".py",2288,"2026-08-25 19:25","amp"
"E:\0mcp-agv\banana-slides\.venv\Lib\site-packages\adodbapi\examples\db_table_names.py","db_table_names.py",".py",526,"2026-08-25 19:25","amp"
"E:\0mcp-agv\banana-slides\.venv\Lib\site-packages\adodbapi\examples\xls_read.py","xls_read.py",".py",1131,"2026-08-25 19:25","amp"
"E:\0mcp-agv\banana-slides\.venv\Lib\site-packages\adodbapi\examples\xls_write.py","xls_write.py",".py",1463,"2026-08-25 19:25","amp"
"E:\0mcp-agv\banana-slides\.venv\Lib\site-packages\anthropic\types\base64_image_source_param.py","base64_image_source_param.py",".py",725,"2026-08-25 19:26","mag"
"E:\0mcp-agv\banana-slides\.venv\Lib\site-packages\anthropic\types\image_block_param.py","image_block_param.py",".py",770,"2026-08-25 19:26","mag"
"E:\0mcp-agv\banana-slides\.venv\Lib\site-packages\anthropic\types\url_image_source_param.py","url_image_source_param.py",".py",329,"2026-08-25 19:26","mag"
"E:\0mcp-agv\banana-slides\.venv\Lib\site-packages\anthropic\types\beta\beta_base64_image_source_param.py","beta_base64_image_source_param.py",".py",740,"2026-08-25 19:26","mag"
"E:\0mcp-agv\banana-slides\.venv\Lib\site-packages\anthropic\types\beta\beta_file_image_source_param.py","beta_file_image_source_param.py",".py",344,"2026-08-25 19:26","mag"
"E:\0mcp-agv\banana-slides\.venv\Lib\site-packages\anthropic\types\beta\beta_image_block_param.py","beta_image_block_param.py",".py",910,"2026-08-25 19:26","mag"
"E:\0mcp-agv\banana-slides\.venv\Lib\site-packages\anthropic\types\beta\beta_url_image_source_param.py","beta_url_image_source_param.py",".py",337,"2026-08-25 19:26","mag"
"E:\0mcp-agv\banana-slides\.venv\Lib\site-packages\cachetools\_cachedmethod.py","_cachedmethod.py",".py",3413,"2026-08-25 19:25","method"
"E:\0mcp-agv\banana-slides\.venv\Lib\site-packages\dashscope\aigc\image_generation.py","image_generation.py",".py",23025,"2026-08-25 19:25","mag"
"E:\0mcp-agv\banana-slides\.venv\Lib\site-packages\dashscope\aigc\image_synthesis.py","image_synthesis.py",".py",30351,"2026-08-25 19:25","mag"
"E:\0mcp-agv\banana-slides\.venv\Lib\site-packages\elevenlabs\samples\client.py","client.py",".py",3749,"2026-08-25 19:26","amp"
"E:\0mcp-agv\banana-slides\.venv\Lib\site-packages\elevenlabs\samples\raw_client.py","raw_client.py",".py",5330,"2026-08-25 19:26","amp"
"E:\0mcp-agv\banana-slides\.venv\Lib\site-packages\elevenlabs\samples\__init__.py","__init__.py",".py",85,"2026-08-25 19:26","amp"
"E:\0mcp-agv\banana-slides\.venv\Lib\site-packages\elevenlabs\speech_to_text\types\speech_to_text_convert_request_timestamps_granularity.py","speech_to_text_convert_request_timestamps_granularity.py",".py",200,"2026-08-25 19:26","amp"
"E:\0mcp-agv\banana-slides\.venv\Lib\site-packages\elevenlabs\text_to_dialogue\types\body_text_to_dialogue_full_with_timestamps_apply_text_normalization.py","body_text_to_dialogue_full_with_timestamps_apply_text_normalization.py",".py",209,"2026-08-25 19:26","amp"
"E:\0mcp-agv\banana-slides\.venv\Lib\site-packages\elevenlabs\text_to_dialogue\types\body_text_to_dialogue_stream_with_timestamps_apply_text_normalization.py","body_text_to_dialogue_stream_with_timestamps_apply_text_normalization.py",".py",211,"2026-08-25 19:26","amp"
"E:\0mcp-agv\banana-slides\.venv\Lib\site-packages\elevenlabs\text_to_dialogue\types\text_to_dialogue_convert_with_timestamps_request_output_format.py","text_to_dialogue_convert_with_timestamps_request_output_format.py",".py",827,"2026-08-25 19:26","amp"
"E:\0mcp-agv\banana-slides\.venv\Lib\site-packages\elevenlabs\text_to_speech\types\body_text_to_speech_full_with_timestamps_apply_text_normalization.py","body_text_to_speech_full_with_timestamps_apply_text_normalization.py",".py",201,"2026-08-25 19:26","amp"
"E:\0mcp-agv\banana-slides\.venv\Lib\site-packages\elevenlabs\text_to_speech\types\body_text_to_speech_stream_with_timestamps_apply_text_normalization.py","body_text_to_speech_stream_with_timestamps_apply_text_normalization.py",".py",209,"2026-08-25 19:26","amp"
"E:\0mcp-agv\banana-slides\.venv\Lib\site-packages\elevenlabs\text_to_speech\types\text_to_speech_convert_with_timestamps_request_output_format.py","text_to_speech_convert_with_timestamps_request_output_format.py",".py",825,"2026-08-25 19:26","amp"
"E:\0mcp-agv\banana-slides\.venv\Lib\site-packages\elevenlabs\text_to_speech\types\text_to_speech_stream_with_timestamps_request_output_format.py","text_to_speech_stream_with_timestamps_request_output_format.py",".py",678,"2026-08-25 19:26","amp"
"E:\0mcp-agv\banana-slides\.venv\Lib\site-packages\elevenlabs\types\agent_failure_response_example.py","agent_failure_response_example.py",".py",625,"2026-08-25 19:26","amp"
"E:\0mcp-agv\banana-slides\.venv\Lib\site-packages\elevenlabs\types\agent_successful_response_example.py","agent_successful_response_example.py",".py",628,"2026-08-25 19:26","amp"
"E:\0mcp-agv\banana-slides\.venv\Lib\site-packages\elevenlabs\types\audio_with_timestamps_and_voice_segments_response_model.py","audio_with_timestamps_and_voice_segments_response_model.py",".py",1410,"2026-08-25 19:26","amp"
"E:\0mcp-agv\banana-slides\.venv\Lib\site-packages\elevenlabs\types\audio_with_timestamps_response.py","audio_with_timestamps_response.py",".py",1234,"2026-08-25 19:26","amp"
"E:\0mcp-agv\banana-slides\.venv\Lib\site-packages\elevenlabs\types\authorization_method.py","authorization_method.py",".py",383,"2026-08-25 19:26","method"
"E:\0mcp-agv\banana-slides\.venv\Lib\site-packages\elevenlabs\types\committed_transcript_with_timestamps_payload.py","committed_transcript_with_timestamps_payload.py",".py",1280,"2026-08-25 19:26","amp"
"E:\0mcp-agv\banana-slides\.venv\Lib\site-packages\elevenlabs\types\delete_sample_response.py","delete_sample_response.py",".py",767,"2026-08-25 19:26","amp"
"E:\0mcp-agv\banana-slides\.venv\Lib\site-packages\elevenlabs\types\delete_voice_sample_response_model.py","delete_voice_sample_response_model.py",".py",783,"2026-08-25 19:26","amp"
"E:\0mcp-agv\banana-slides\.venv\Lib\site-packages\elevenlabs\types\image_avatar.py","image_avatar.py",".py",646,"2026-08-25 19:26","mag"
"E:\0mcp-agv\banana-slides\.venv\Lib\site-packages\elevenlabs\types\project_image_response_model.py","project_image_response_model.py",".py",1227,"2026-08-25 19:26","mag"
"E:\0mcp-agv\banana-slides\.venv\Lib\site-packages\elevenlabs\types\sample_config_db_model.py","sample_config_db_model.py",".py",845,"2026-08-25 19:26","amp"
"E:\0mcp-agv\banana-slides\.venv\Lib\site-packages\elevenlabs\types\sample_config_db_model_parent_type.py","sample_config_db_model_parent_type.py",".py",175,"2026-08-25 19:26","amp"
"E:\0mcp-agv\banana-slides\.venv\Lib\site-packages\elevenlabs\types\streaming_audio_chunk_with_timestamps_and_voice_segments_response_model.py","streaming_audio_chunk_with_timestamps_and_voice_segments_response_model.py",".py",1424,"2026-08-25 19:26","amp"
"E:\0mcp-agv\banana-slides\.venv\Lib\site-packages\elevenlabs\types\streaming_audio_chunk_with_timestamps_response.py","streaming_audio_chunk_with_timestamps_response.py",".py",1248,"2026-08-25 19:26","amp"
"E:\0mcp-agv\banana-slides\.venv\Lib\site-packages\elevenlabs\types\text_to_speech_stream_with_timestamps_request.py","text_to_speech_stream_with_timestamps_request.py",".py",133,"2026-08-25 19:26","amp"
"E:\0mcp-agv\banana-slides\.venv\Lib\site-packages\elevenlabs\types\text_to_speech_with_timestamps_request.py","text_to_speech_with_timestamps_request.py",".py",127,"2026-08-25 19:26","amp"
"E:\0mcp-agv\banana-slides\.venv\Lib\site-packages\elevenlabs\types\voice_sample.py","voice_sample.py",".py",1595,"2026-08-25 19:26","amp"
"E:\0mcp-agv\banana-slides\.venv\Lib\site-packages\elevenlabs\types\voice_sample_preview_response_model.py","voice_sample_preview_response_model.py",".py",1032,"2026-08-25 19:26","amp"
"E:\0mcp-agv\banana-slides\.venv\Lib\site-packages\elevenlabs\types\voice_sample_visual_waveform_response_model.py","voice_sample_visual_waveform_response_model.py",".py",798,"2026-08-25 19:26","amp"
"E:\0mcp-agv\banana-slides\.venv\Lib\site-packages\elevenlabs\types\webhook_auth_method_type.py","webhook_auth_method_type.py",".py",171,"2026-08-25 19:26","method"
"E:\0mcp-agv\banana-slides\.venv\Lib\site-packages\elevenlabs\types\webhook_tool_api_schema_config_input_method.py","webhook_tool_api_schema_config_input_method.py",".py",208,"2026-08-25 19:26","method"
"E:\0mcp-agv\banana-slides\.venv\Lib\site-packages\elevenlabs\types\webhook_tool_api_schema_config_output_method.py","webhook_tool_api_schema_config_output_method.py",".py",209,"2026-08-25 19:26","method"
"E:\0mcp-agv\banana-slides\.venv\Lib\site-packages\elevenlabs\types\whats_app_template_image_param.py","whats_app_template_image_param.py",".py",689,"2026-08-25 19:26","mag"
"E:\0mcp-agv\banana-slides\.venv\Lib\site-packages\elevenlabs\types\whats_app_template_image_param_details.py","whats_app_template_image_param_details.py",".py",579,"2026-08-25 19:26","mag"
"E:\0mcp-agv\banana-slides\.venv\Lib\site-packages\elevenlabs\types\word_timestamp.py","word_timestamp.py",".py",593,"2026-08-25 19:26","amp"
"E:\0mcp-agv\banana-slides\.venv\Lib\site-packages\elevenlabs\voices\pvc\samples\client.py","client.py",".py",14578,"2026-08-25 19:26","amp"
"E:\0mcp-agv\banana-slides\.venv\Lib\site-packages\elevenlabs\voices\pvc\samples\raw_client.py","raw_client.py",".py",18363,"2026-08-25 19:26","amp"
"E:\0mcp-agv\banana-slides\.venv\Lib\site-packages\elevenlabs\voices\pvc\samples\__init__.py","__init__.py",".py",1124,"2026-08-25 19:26","amp"
"E:\0mcp-agv\banana-slides\.venv\Lib\site-packages\elevenlabs\voices\pvc\samples\audio\client.py","client.py",".py",4522,"2026-08-25 19:26","amp"
"E:\0mcp-agv\banana-slides\.venv\Lib\site-packages\elevenlabs\voices\pvc\samples\audio\raw_client.py","raw_client.py",".py",6148,"2026-08-25 19:26","amp"
"E:\0mcp-agv\banana-slides\.venv\Lib\site-packages\elevenlabs\voices\pvc\samples\audio\__init__.py","__init__.py",".py",85,"2026-08-25 19:26","amp"
"E:\0mcp-agv\banana-slides\.venv\Lib\site-packages\elevenlabs\voices\pvc\samples\speakers\client.py","client.py",".py",7003,"2026-08-25 19:26","amp"
"E:\0mcp-agv\banana-slides\.venv\Lib\site-packages\elevenlabs\voices\pvc\samples\speakers\raw_client.py","raw_client.py",".py",9777,"2026-08-25 19:26","amp"
"E:\0mcp-agv\banana-slides\.venv\Lib\site-packages\elevenlabs\voices\pvc\samples\speakers\__init__.py","__init__.py",".py",1030,"2026-08-25 19:26","amp"
"E:\0mcp-agv\banana-slides\.venv\Lib\site-packages\elevenlabs\voices\pvc\samples\speakers\audio\client.py","client.py",".py",4114,"2026-08-25 19:26","amp"
"E:\0mcp-agv\banana-slides\.venv\Lib\site-packages\elevenlabs\voices\pvc\samples\speakers\audio\raw_client.py","raw_client.py",".py",5683,"2026-08-25 19:26","amp"
"E:\0mcp-agv\banana-slides\.venv\Lib\site-packages\elevenlabs\voices\pvc\samples\speakers\audio\__init__.py","__init__.py",".py",85,"2026-08-25 19:26","amp"
"E:\0mcp-agv\banana-slides\.venv\Lib\site-packages\elevenlabs\voices\pvc\samples\waveform\client.py","client.py",".py",3639,"2026-08-25 19:26","amp"
"E:\0mcp-agv\banana-slides\.venv\Lib\site-packages\elevenlabs\voices\pvc\samples\waveform\raw_client.py","raw_client.py",".py",5291,"2026-08-25 19:26","amp"
"E:\0mcp-agv\banana-slides\.venv\Lib\site-packages\elevenlabs\voices\pvc\samples\waveform\__init__.py","__init__.py",".py",85,"2026-08-25 19:26","amp"
"E:\0mcp-agv\banana-slides\.venv\Lib\site-packages\elevenlabs\voices\samples\client.py","client.py",".py",1899,"2026-08-25 19:26","amp"
"E:\0mcp-agv\banana-slides\.venv\Lib\site-packages\elevenlabs\voices\samples\raw_client.py","raw_client.py",".py",412,"2026-08-25 19:26","amp"
"E:\0mcp-agv\banana-slides\.venv\Lib\site-packages\elevenlabs\voices\samples\__init__.py","__init__.py",".py",1030,"2026-08-25 19:26","amp"
"E:\0mcp-agv\banana-slides\.venv\Lib\site-packages\elevenlabs\voices\samples\audio\client.py","client.py",".py",3960,"2026-08-25 19:26","amp"
"E:\0mcp-agv\banana-slides\.venv\Lib\site-packages\elevenlabs\voices\samples\audio\raw_client.py","raw_client.py",".py",6378,"2026-08-25 19:26","amp"
"E:\0mcp-agv\banana-slides\.venv\Lib\site-packages\elevenlabs\voices\samples\audio\__init__.py","__init__.py",".py",85,"2026-08-25 19:26","amp"
"E:\0mcp-agv\banana-slides\.venv\Lib\site-packages\google\protobuf\timestamp.py","timestamp.py",".py",3133,"2026-08-25 19:25","amp"
"E:\0mcp-agv\banana-slides\.venv\Lib\site-packages\google\protobuf\timestamp_pb2.py","timestamp_pb2.py",".py",1815,"2026-08-25 19:25","amp"
"E:\0mcp-agv\banana-slides\.venv\Lib\site-packages\isapi\samples\advanced.py","advanced.py",".py",8124,"2026-08-25 19:25","amp"
"E:\0mcp-agv\banana-slides\.venv\Lib\site-packages\isapi\samples\README.txt","README.txt",".txt",1023,"2026-08-25 19:25","amp"
"E:\0mcp-agv\banana-slides\.venv\Lib\site-packages\isapi\samples\redirector.py","redirector.py",".py",4587,"2026-08-25 19:25","amp"
"E:\0mcp-agv\banana-slides\.venv\Lib\site-packages\isapi\samples\redirector_asynch.py","redirector_asynch.py",".py",2812,"2026-08-25 19:25","amp"
"E:\0mcp-agv\banana-slides\.venv\Lib\site-packages\isapi\samples\redirector_with_filter.py","redirector_with_filter.py",".py",6574,"2026-08-25 19:25","amp"
"E:\0mcp-agv\banana-slides\.venv\Lib\site-packages\isapi\samples\test.py","test.py",".py",6513,"2026-08-25 19:25","amp"
"E:\0mcp-agv\banana-slides\.venv\Lib\site-packages\lazyllm\tools\rag\readers\imageReader.py","imageReader.py",".py",5393,"2026-08-25 19:25","mag"
"E:\0mcp-agv\banana-slides\.venv\Lib\site-packages\magika\colors.py","colors.py",".py",1119,"2026-08-25 19:25","mag"
"E:\0mcp-agv\banana-slides\.venv\Lib\site-packages\magika\logger.py","logger.py",".py",3106,"2026-08-25 19:25","mag"
"E:\0mcp-agv\banana-slides\.venv\Lib\site-packages\magika\magika.py","magika.py",".py",33926,"2026-08-25 19:25","mag"
"E:\0mcp-agv\banana-slides\.venv\Lib\site-packages\magika\__init__.py","__init__.py",".py",1388,"2026-08-25 19:25","mag"
"E:\0mcp-agv\banana-slides\.venv\Lib\site-packages\magika\cli\magika_client.py","magika_client.py",".py",12427,"2026-08-25 19:25","mag"
"E:\0mcp-agv\banana-slides\.venv\Lib\site-packages\magika\cli\magika_rust_client_not_found_warning.py","magika_rust_client_not_found_warning.py",".py",1761,"2026-08-25 19:25","mag"
"E:\0mcp-agv\banana-slides\.venv\Lib\site-packages\magika\config\content_types_kb.min.json","content_types_kb.min.json",".json",44768,"2026-08-25 19:25","mag"
"E:\0mcp-agv\banana-slides\.venv\Lib\site-packages\magika\models\standard_v3_3\config.min.json","config.min.json",".json",2142,"2026-08-25 19:25","mag"
"E:\0mcp-agv\banana-slides\.venv\Lib\site-packages\magika\models\standard_v3_3\metadata.json","metadata.json",".json",20,"2026-08-25 19:25","mag"
"E:\0mcp-agv\banana-slides\.venv\Lib\site-packages\magika\models\standard_v3_3\README.md","README.md",".md",16899,"2026-08-25 19:25","mag"
"E:\0mcp-agv\banana-slides\.venv\Lib\site-packages\magika\types\content_type_info.py","content_type_info.py",".py",3169,"2026-08-25 19:25","mag"
"E:\0mcp-agv\banana-slides\.venv\Lib\site-packages\magika\types\content_type_label.py","content_type_label.py",".py",8340,"2026-08-25 19:25","mag"
"E:\0mcp-agv\banana-slides\.venv\Lib\site-packages\magika\types\magika_error.py","magika_error.py",".py",660,"2026-08-25 19:25","mag"
"E:\0mcp-agv\banana-slides\.venv\Lib\site-packages\magika\types\magika_prediction.py","magika_prediction.py",".py",1665,"2026-08-25 19:25","mag"
"E:\0mcp-agv\banana-slides\.venv\Lib\site-packages\magika\types\magika_result.py","magika_result.py",".py",5517,"2026-08-25 19:25","mag"
"E:\0mcp-agv\banana-slides\.venv\Lib\site-packages\magika\types\model.py","model.py",".py",1564,"2026-08-25 19:25","mag"
"E:\0mcp-agv\banana-slides\.venv\Lib\site-packages\magika\types\overwrite_reason.py","overwrite_reason.py",".py",966,"2026-08-25 19:25","mag"
"E:\0mcp-agv\banana-slides\.venv\Lib\site-packages\magika\types\prediction_mode.py","prediction_mode.py",".py",1184,"2026-08-25 19:25","mag"
"E:\0mcp-agv\banana-slides\.venv\Lib\site-packages\magika\types\seekable.py","seekable.py",".py",1149,"2026-08-25 19:25","mag"
"E:\0mcp-agv\banana-slides\.venv\Lib\site-packages\magika\types\status.py","status.py",".py",1141,"2026-08-25 19:25","mag"
"E:\0mcp-agv\banana-slides\.venv\Lib\site-packages\magika\types\strenum.py","strenum.py",".py",1952,"2026-08-25 19:25","mag"
"E:\0mcp-agv\banana-slides\.venv\Lib\site-packages\magika\types\__init__.py","__init__.py",".py",1607,"2026-08-25 19:25","mag"
"E:\0mcp-agv\banana-slides\.venv\Lib\site-packages\mammoth\images.py","images.py",".py",638,"2026-08-25 19:25","mag"
"E:\0mcp-agv\banana-slides\.venv\Lib\site-packages\markdown_it\rules_inline\image.py","image.py",".py",4141,"2026-08-25 19:25","mag"
"E:\0mcp-agv\banana-slides\.venv\Lib\site-packages\markitdown\converters\_image_converter.py","_image_converter.py",".py",4073,"2026-08-25 19:25","mag"
"E:\0mcp-agv\banana-slides\.venv\Lib\site-packages\numpy\random\_examples\cffi\extending.py","extending.py",".py",928,"2026-08-25 19:26","amp"
"E:\0mcp-agv\banana-slides\.venv\Lib\site-packages\numpy\random\_examples\cffi\parse.py","parse.py",".py",1803,"2026-08-25 19:26","amp"
"E:\0mcp-agv\banana-slides\.venv\Lib\site-packages\numpy\random\_examples\numba\extending.py","extending.py",".py",2045,"2026-08-25 19:26","amp"
"E:\0mcp-agv\banana-slides\.venv\Lib\site-packages\numpy\random\_examples\numba\extending_distributions.py","extending_distributions.py",".py",2103,"2026-08-25 19:26","amp"
"E:\0mcp-agv\banana-slides\.venv\Lib\site-packages\numpy\_core\_methods.py","_methods.py",".py",9685,"2026-08-25 19:26","method"
"E:\0mcp-agv\banana-slides\.venv\Lib\site-packages\numpy\_core\tests\test_arraymethod.py","test_arraymethod.py",".py",3307,"2026-08-25 19:26","method"
"E:\0mcp-agv\banana-slides\.venv\Lib\site-packages\numpy\_core\tests\test_scalar_methods.py","test_scalar_methods.py",".py",9363,"2026-08-25 19:26","method"
"E:\0mcp-agv\banana-slides\.venv\Lib\site-packages\numpy\_core\tests\examples\cython\setup.py","setup.py",".py",898,"2026-08-25 19:26","amp"
"E:\0mcp-agv\banana-slides\.venv\Lib\site-packages\numpy\_core\tests\examples\limited_api\setup.py","setup.py",".py",461,"2026-08-25 19:26","amp"
"E:\0mcp-agv\banana-slides\.venv\Lib\site-packages\onnxruntime\transformers\models\phi2\inference_example.py","inference_example.py",".py",17700,"2026-08-25 19:25","amp"
"E:\0mcp-agv\banana-slides\.venv\Lib\site-packages\onnxruntime\transformers\models\sam2\image_decoder.py","image_decoder.py",".py",11074,"2026-08-25 19:25","mag"
"E:\0mcp-agv\banana-slides\.venv\Lib\site-packages\onnxruntime\transformers\models\sam2\image_encoder.py","image_encoder.py",".py",7583,"2026-08-25 19:25","mag"
"E:\0mcp-agv\banana-slides\.venv\Lib\site-packages\onnxruntime\transformers\models\sam2\sam2_image_onnx_predictor.py","sam2_image_onnx_predictor.py",".py",12775,"2026-08-25 19:25","mag"
"E:\0mcp-agv\banana-slides\.venv\Lib\site-packages\openai\cli\_api\image.py","image.py",".py",5014,"2026-08-25 19:25","mag"
"E:\0mcp-agv\banana-slides\.venv\Lib\site-packages\openai\resources\images.py","images.py",".py",95649,"2026-08-25 19:25","mag"
"E:\0mcp-agv\banana-slides\.venv\Lib\site-packages\openai\types\image.py","image.py",".py",766,"2026-08-25 19:25","mag"
"E:\0mcp-agv\banana-slides\.venv\Lib\site-packages\openai\types\images_response.py","images_response.py",".py",1905,"2026-08-25 19:25","mag"
"E:\0mcp-agv\banana-slides\.venv\Lib\site-packages\openai\types\image_create_variation_params.py","image_create_variation_params.py",".py",1426,"2026-08-25 19:25","mag"
"E:\0mcp-agv\banana-slides\.venv\Lib\site-packages\openai\types\image_edit_completed_event.py","image_edit_completed_event.py",".py",1736,"2026-08-25 19:25","mag"
"E:\0mcp-agv\banana-slides\.venv\Lib\site-packages\openai\types\image_edit_params.py","image_edit_params.py",".py",5374,"2026-08-25 19:25","mag"
"E:\0mcp-agv\banana-slides\.venv\Lib\site-packages\openai\types\image_edit_partial_image_event.py","image_edit_partial_image_event.py",".py",1095,"2026-08-25 19:25","mag"
"E:\0mcp-agv\banana-slides\.venv\Lib\site-packages\openai\types\image_edit_stream_event.py","image_edit_stream_event.py",".py",516,"2026-08-25 19:25","mag"
"E:\0mcp-agv\banana-slides\.venv\Lib\site-packages\openai\types\image_generate_params.py","image_generate_params.py",".py",5327,"2026-08-25 19:25","mag"
"E:\0mcp-agv\banana-slides\.venv\Lib\site-packages\openai\types\image_gen_completed_event.py","image_gen_completed_event.py",".py",1745,"2026-08-25 19:25","mag"
"E:\0mcp-agv\banana-slides\.venv\Lib\site-packages\openai\types\image_gen_partial_image_event.py","image_gen_partial_image_event.py",".py",1077,"2026-08-25 19:25","mag"
"E:\0mcp-agv\banana-slides\.venv\Lib\site-packages\openai\types\image_gen_stream_event.py","image_gen_stream_event.py",".py",508,"2026-08-25 19:25","mag"
"E:\0mcp-agv\banana-slides\.venv\Lib\site-packages\openai\types\image_model.py","image_model.py",".py",254,"2026-08-25 19:25","mag"
"E:\0mcp-agv\banana-slides\.venv\Lib\site-packages\openai\types\moderation_image_url_input_param.py","moderation_image_url_input_param.py",".py",622,"2026-08-25 19:25","mag"
"E:\0mcp-agv\banana-slides\.venv\Lib\site-packages\openai\types\beta\threads\image_file.py","image_file.py",".py",707,"2026-08-25 19:25","mag"
"E:\0mcp-agv\banana-slides\.venv\Lib\site-packages\openai\types\beta\threads\image_file_content_block.py","image_file_content_block.py",".py",363,"2026-08-25 19:25","mag"
"E:\0mcp-agv\banana-slides\.venv\Lib\site-packages\openai\types\beta\threads\image_file_content_block_param.py","image_file_content_block_param.py",".py",445,"2026-08-25 19:25","mag"
"E:\0mcp-agv\banana-slides\.venv\Lib\site-packages\openai\types\beta\threads\image_file_delta.py","image_file_delta.py",".py",734,"2026-08-25 19:25","mag"
"E:\0mcp-agv\banana-slides\.venv\Lib\site-packages\openai\types\beta\threads\image_file_delta_block.py","image_file_delta_block.py",".py",492,"2026-08-25 19:25","mag"
"E:\0mcp-agv\banana-slides\.venv\Lib\site-packages\openai\types\beta\threads\image_file_param.py","image_file_param.py",".py",717,"2026-08-25 19:25","mag"
"E:\0mcp-agv\banana-slides\.venv\Lib\site-packages\openai\types\beta\threads\image_url.py","image_url.py",".py",592,"2026-08-25 19:25","mag"
"E:\0mcp-agv\banana-slides\.venv\Lib\site-packages\openai\types\beta\threads\image_url_content_block.py","image_url_content_block.py",".py",365,"2026-08-25 19:25","mag"
"E:\0mcp-agv\banana-slides\.venv\Lib\site-packages\openai\types\beta\threads\image_url_content_block_param.py","image_url_content_block_param.py",".py",447,"2026-08-25 19:25","mag"
"E:\0mcp-agv\banana-slides\.venv\Lib\site-packages\openai\types\beta\threads\image_url_delta.py","image_url_delta.py",".py",582,"2026-08-25 19:25","mag"
"E:\0mcp-agv\banana-slides\.venv\Lib\site-packages\openai\types\beta\threads\image_url_delta_block.py","image_url_delta_block.py",".py",484,"2026-08-25 19:25","mag"
"E:\0mcp-agv\banana-slides\.venv\Lib\site-packages\openai\types\beta\threads\image_url_param.py","image_url_param.py",".py",602,"2026-08-25 19:25","mag"
"E:\0mcp-agv\banana-slides\.venv\Lib\site-packages\openai\types\beta\threads\runs\code_interpreter_output_image.py","code_interpreter_output_image.py",".py",613,"2026-08-25 19:25","mag"
"E:\0mcp-agv\banana-slides\.venv\Lib\site-packages\openai\types\chat\chat_completion_content_part_image.py","chat_completion_content_part_image.py",".py",753,"2026-08-25 19:25","mag"
"E:\0mcp-agv\banana-slides\.venv\Lib\site-packages\openai\types\chat\chat_completion_content_part_image_param.py","chat_completion_content_part_image_param.py",".py",797,"2026-08-25 19:25","mag"
"E:\0mcp-agv\banana-slides\.venv\Lib\site-packages\openai\types\conversations\input_image_content.py","input_image_content.py",".py",224,"2026-08-25 19:25","mag"
"E:\0mcp-agv\banana-slides\.venv\Lib\site-packages\openai\types\conversations\input_image_content_param.py","input_image_content_param.py",".py",248,"2026-08-25 19:25","mag"
"E:\0mcp-agv\banana-slides\.venv\Lib\site-packages\openai\types\fine_tuning\dpo_method.py","dpo_method.py",".py",377,"2026-08-25 19:25","method"
"E:\0mcp-agv\banana-slides\.venv\Lib\site-packages\openai\types\fine_tuning\dpo_method_param.py","dpo_method_param.py",".py",414,"2026-08-25 19:25","method"
"E:\0mcp-agv\banana-slides\.venv\Lib\site-packages\openai\types\fine_tuning\reinforcement_method.py","reinforcement_method.py",".py",958,"2026-08-25 19:25","method"
"E:\0mcp-agv\banana-slides\.venv\Lib\site-packages\openai\types\fine_tuning\reinforcement_method_param.py","reinforcement_method_param.py",".py",1090,"2026-08-25 19:25","method"
"E:\0mcp-agv\banana-slides\.venv\Lib\site-packages\openai\types\fine_tuning\supervised_method.py","supervised_method.py",".py",408,"2026-08-25 19:25","method"
"E:\0mcp-agv\banana-slides\.venv\Lib\site-packages\openai\types\fine_tuning\supervised_method_param.py","supervised_method_param.py",".py",445,"2026-08-25 19:25","method"
"E:\0mcp-agv\banana-slides\.venv\Lib\site-packages\openai\types\responses\response_image_gen_call_completed_event.py","response_image_gen_call_completed_event.py",".py",671,"2026-08-25 19:25","mag"
"E:\0mcp-agv\banana-slides\.venv\Lib\site-packages\openai\types\responses\response_image_gen_call_generating_event.py","response_image_gen_call_generating_event.py",".py",706,"2026-08-25 19:25","mag"
"E:\0mcp-agv\banana-slides\.venv\Lib\site-packages\openai\types\responses\response_image_gen_call_in_progress_event.py","response_image_gen_call_in_progress_event.py",".py",708,"2026-08-25 19:25","mag"
"E:\0mcp-agv\banana-slides\.venv\Lib\site-packages\openai\types\responses\response_image_gen_call_partial_image_event.py","response_image_gen_call_partial_image_event.py",".py",971,"2026-08-25 19:25","mag"
"E:\0mcp-agv\banana-slides\.venv\Lib\site-packages\openai\types\responses\response_input_image.py","response_input_image.py",".py",778,"2026-08-25 19:25","mag"
"E:\0mcp-agv\banana-slides\.venv\Lib\site-packages\openai\types\responses\response_input_image_content.py","response_input_image_content.py",".py",809,"2026-08-25 19:25","mag"
"E:\0mcp-agv\banana-slides\.venv\Lib\site-packages\openai\types\responses\response_input_image_content_param.py","response_input_image_content_param.py",".py",844,"2026-08-25 19:25","mag"
"E:\0mcp-agv\banana-slides\.venv\Lib\site-packages\openai\types\responses\response_input_image_param.py","response_input_image_param.py",".py",830,"2026-08-25 19:25","mag"
"E:\0mcp-agv\banana-slides\.venv\Lib\site-packages\openpyxl\drawing\image.py","image.py",".py",1455,"2026-08-25 19:25","mag"
"E:\0mcp-agv\banana-slides\.venv\Lib\site-packages\pandas\core\resample.py","resample.py",".py",95014,"2026-08-25 19:25","amp"
"E:\0mcp-agv\banana-slides\.venv\Lib\site-packages\pandas\core\sample.py","sample.py",".py",4626,"2026-08-25 19:25","amp"
"E:\0mcp-agv\banana-slides\.venv\Lib\site-packages\pandas\core\methods\describe.py","describe.py",".py",11961,"2026-08-25 19:25","method"
"E:\0mcp-agv\banana-slides\.venv\Lib\site-packages\pandas\core\methods\selectn.py","selectn.py",".py",7696,"2026-08-25 19:25","method"
"E:\0mcp-agv\banana-slides\.venv\Lib\site-packages\pandas\core\methods\to_dict.py","to_dict.py",".py",8649,"2026-08-25 19:25","method"
"E:\0mcp-agv\banana-slides\.venv\Lib\site-packages\pandas\core\methods\__init__.py","__init__.py",".py",0,"2026-08-25 19:25","method"
"E:\0mcp-agv\banana-slides\.venv\Lib\site-packages\pandas\tests\copy_view\test_methods.py","test_methods.py",".py",72187,"2026-08-25 19:25","method"
"E:\0mcp-agv\banana-slides\.venv\Lib\site-packages\pandas\tests\extension\base\methods.py","methods.py",".py",26742,"2026-08-25 19:25","method"
"E:\0mcp-agv\banana-slides\.venv\Lib\site-packages\pandas\tests\frame\methods\test_add_prefix_suffix.py","test_add_prefix_suffix.py",".py",1910,"2026-08-25 19:25","method"
"E:\0mcp-agv\banana-slides\.venv\Lib\site-packages\pandas\tests\frame\methods\test_align.py","test_align.py",".py",17941,"2026-08-25 19:25","method"
"E:\0mcp-agv\banana-slides\.venv\Lib\site-packages\pandas\tests\frame\methods\test_asfreq.py","test_asfreq.py",".py",9341,"2026-08-25 19:25","method"
"E:\0mcp-agv\banana-slides\.venv\Lib\site-packages\pandas\tests\frame\methods\test_asof.py","test_asof.py",".py",6732,"2026-08-25 19:25","method"
"E:\0mcp-agv\banana-slides\.venv\Lib\site-packages\pandas\tests\frame\methods\test_assign.py","test_assign.py",".py",2982,"2026-08-25 19:25","method"
"E:\0mcp-agv\banana-slides\.venv\Lib\site-packages\pandas\tests\frame\methods\test_astype.py","test_astype.py",".py",32711,"2026-08-25 19:25","method"
"E:\0mcp-agv\banana-slides\.venv\Lib\site-packages\pandas\tests\frame\methods\test_at_time.py","test_at_time.py",".py",4708,"2026-08-25 19:25","method"
"E:\0mcp-agv\banana-slides\.venv\Lib\site-packages\pandas\tests\frame\methods\test_between_time.py","test_between_time.py",".py",8083,"2026-08-25 19:25","method"
"E:\0mcp-agv\banana-slides\.venv\Lib\site-packages\pandas\tests\frame\methods\test_clip.py","test_clip.py",".py",7554,"2026-08-25 19:25","method"
"E:\0mcp-agv\banana-slides\.venv\Lib\site-packages\pandas\tests\frame\methods\test_combine.py","test_combine.py",".py",1359,"2026-08-25 19:25","method"
"E:\0mcp-agv\banana-slides\.venv\Lib\site-packages\pandas\tests\frame\methods\test_combine_first.py","test_combine_first.py",".py",19726,"2026-08-25 19:25","method"
"E:\0mcp-agv\banana-slides\.venv\Lib\site-packages\pandas\tests\frame\methods\test_compare.py","test_compare.py",".py",9615,"2026-08-25 19:25","method"
"E:\0mcp-agv\banana-slides\.venv\Lib\site-packages\pandas\tests\frame\methods\test_convert_dtypes.py","test_convert_dtypes.py",".py",7848,"2026-08-25 19:25","method"
"E:\0mcp-agv\banana-slides\.venv\Lib\site-packages\pandas\tests\frame\methods\test_copy.py","test_copy.py",".py",1873,"2026-08-25 19:25","method"
"E:\0mcp-agv\banana-slides\.venv\Lib\site-packages\pandas\tests\frame\methods\test_count.py","test_count.py",".py",1083,"2026-08-25 19:25","method"
"E:\0mcp-agv\banana-slides\.venv\Lib\site-packages\pandas\tests\frame\methods\test_cov_corr.py","test_cov_corr.py",".py",17875,"2026-08-25 19:25","method"
"E:\0mcp-agv\banana-slides\.venv\Lib\site-packages\pandas\tests\frame\methods\test_describe.py","test_describe.py",".py",14500,"2026-08-25 19:25","method"
"E:\0mcp-agv\banana-slides\.venv\Lib\site-packages\pandas\tests\frame\methods\test_diff.py","test_diff.py",".py",10099,"2026-08-25 19:25","method"
"E:\0mcp-agv\banana-slides\.venv\Lib\site-packages\pandas\tests\frame\methods\test_dot.py","test_dot.py",".py",4623,"2026-08-25 19:25","method"
"E:\0mcp-agv\banana-slides\.venv\Lib\site-packages\pandas\tests\frame\methods\test_drop.py","test_drop.py",".py",20362,"2026-08-25 19:25","method"
"E:\0mcp-agv\banana-slides\.venv\Lib\site-packages\pandas\tests\frame\methods\test_droplevel.py","test_droplevel.py",".py",1253,"2026-08-25 19:25","method"
"E:\0mcp-agv\banana-slides\.venv\Lib\site-packages\pandas\tests\frame\methods\test_dropna.py","test_dropna.py",".py",10315,"2026-08-25 19:25","method"
"E:\0mcp-agv\banana-slides\.venv\Lib\site-packages\pandas\tests\frame\methods\test_drop_duplicates.py","test_drop_duplicates.py",".py",14503,"2026-08-25 19:25","method"
"E:\0mcp-agv\banana-slides\.venv\Lib\site-packages\pandas\tests\frame\methods\test_dtypes.py","test_dtypes.py",".py",5001,"2026-08-25 19:25","method"
"E:\0mcp-agv\banana-slides\.venv\Lib\site-packages\pandas\tests\frame\methods\test_duplicated.py","test_duplicated.py",".py",3305,"2026-08-25 19:25","method"
"E:\0mcp-agv\banana-slides\.venv\Lib\site-packages\pandas\tests\frame\methods\test_equals.py","test_equals.py",".py",2996,"2026-08-25 19:25","method"
"E:\0mcp-agv\banana-slides\.venv\Lib\site-packages\pandas\tests\frame\methods\test_explode.py","test_explode.py",".py",9058,"2026-08-25 19:25","method"
"E:\0mcp-agv\banana-slides\.venv\Lib\site-packages\pandas\tests\frame\methods\test_fillna.py","test_fillna.py",".py",33417,"2026-08-25 19:25","method"
"E:\0mcp-agv\banana-slides\.venv\Lib\site-packages\pandas\tests\frame\methods\test_filter.py","test_filter.py",".py",5422,"2026-08-25 19:25","method"
"E:\0mcp-agv\banana-slides\.venv\Lib\site-packages\pandas\tests\frame\methods\test_first_and_last.py","test_first_and_last.py",".py",5349,"2026-08-25 19:25","method"
"E:\0mcp-agv\banana-slides\.venv\Lib\site-packages\pandas\tests\frame\methods\test_first_valid_index.py","test_first_valid_index.py",".py",2574,"2026-08-25 19:25","method"
"E:\0mcp-agv\banana-slides\.venv\Lib\site-packages\pandas\tests\frame\methods\test_get_numeric_data.py","test_get_numeric_data.py",".py",3368,"2026-08-25 19:25","method"
"E:\0mcp-agv\banana-slides\.venv\Lib\site-packages\pandas\tests\frame\methods\test_head_tail.py","test_head_tail.py",".py",1935,"2026-08-25 19:25","method"
"E:\0mcp-agv\banana-slides\.venv\Lib\site-packages\pandas\tests\frame\methods\test_infer_objects.py","test_infer_objects.py",".py",1241,"2026-08-25 19:25","method"
"E:\0mcp-agv\banana-slides\.venv\Lib\site-packages\pandas\tests\frame\methods\test_info.py","test_info.py",".py",17923,"2026-08-25 19:25","method"
"E:\0mcp-agv\banana-slides\.venv\Lib\site-packages\pandas\tests\frame\methods\test_interpolate.py","test_interpolate.py",".py",20409,"2026-08-25 19:25","method"
"E:\0mcp-agv\banana-slides\.venv\Lib\site-packages\pandas\tests\frame\methods\test_isetitem.py","test_isetitem.py",".py",1428,"2026-08-25 19:25","method"
"E:\0mcp-agv\banana-slides\.venv\Lib\site-packages\pandas\tests\frame\methods\test_isin.py","test_isin.py",".py",7599,"2026-08-25 19:25","method"
"E:\0mcp-agv\banana-slides\.venv\Lib\site-packages\pandas\tests\frame\methods\test_is_homogeneous_dtype.py","test_is_homogeneous_dtype.py",".py",1455,"2026-08-25 19:25","method"
"E:\0mcp-agv\banana-slides\.venv\Lib\site-packages\pandas\tests\frame\methods\test_iterrows.py","test_iterrows.py",".py",338,"2026-08-25 19:25","method"
"E:\0mcp-agv\banana-slides\.venv\Lib\site-packages\pandas\tests\frame\methods\test_join.py","test_join.py",".py",17523,"2026-08-25 19:25","method"
"E:\0mcp-agv\banana-slides\.venv\Lib\site-packages\pandas\tests\frame\methods\test_map.py","test_map.py",".py",5994,"2026-08-25 19:25","method"
"E:\0mcp-agv\banana-slides\.venv\Lib\site-packages\pandas\tests\frame\methods\test_matmul.py","test_matmul.py",".py",3137,"2026-08-25 19:25","method"
"E:\0mcp-agv\banana-slides\.venv\Lib\site-packages\pandas\tests\frame\methods\test_nlargest.py","test_nlargest.py",".py",8192,"2026-08-25 19:25","method"
"E:\0mcp-agv\banana-slides\.venv\Lib\site-packages\pandas\tests\frame\methods\test_pct_change.py","test_pct_change.py",".py",6530,"2026-08-25 19:25","method"
"E:\0mcp-agv\banana-slides\.venv\Lib\site-packages\pandas\tests\frame\methods\test_pipe.py","test_pipe.py",".py",1023,"2026-08-25 19:25","method"
"E:\0mcp-agv\banana-slides\.venv\Lib\site-packages\pandas\tests\frame\methods\test_pop.py","test_pop.py",".py",2223,"2026-08-25 19:25","method"
"E:\0mcp-agv\banana-slides\.venv\Lib\site-packages\pandas\tests\frame\methods\test_quantile.py","test_quantile.py",".py",36591,"2026-08-25 19:25","method"
"E:\0mcp-agv\banana-slides\.venv\Lib\site-packages\pandas\tests\frame\methods\test_rank.py","test_rank.py",".py",17548,"2026-08-25 19:25","method"
"E:\0mcp-agv\banana-slides\.venv\Lib\site-packages\pandas\tests\frame\methods\test_reindex.py","test_reindex.py",".py",48343,"2026-08-25 19:25","method"
"E:\0mcp-agv\banana-slides\.venv\Lib\site-packages\pandas\tests\frame\methods\test_reindex_like.py","test_reindex_like.py",".py",1187,"2026-08-25 19:25","method"
"E:\0mcp-agv\banana-slides\.venv\Lib\site-packages\pandas\tests\frame\methods\test_rename.py","test_rename.py",".py",15354,"2026-08-25 19:25","method"
"E:\0mcp-agv\banana-slides\.venv\Lib\site-packages\pandas\tests\frame\methods\test_rename_axis.py","test_rename_axis.py",".py",4091,"2026-08-25 19:25","method"
"E:\0mcp-agv\banana-slides\.venv\Lib\site-packages\pandas\tests\frame\methods\test_reorder_levels.py","test_reorder_levels.py",".py",2729,"2026-08-25 19:25","method"
"E:\0mcp-agv\banana-slides\.venv\Lib\site-packages\pandas\tests\frame\methods\test_replace.py","test_replace.py",".py",62755,"2026-08-25 19:25","method"
"E:\0mcp-agv\banana-slides\.venv\Lib\site-packages\pandas\tests\frame\methods\test_reset_index.py","test_reset_index.py",".py",29156,"2026-08-25 19:25","method"
"E:\0mcp-agv\banana-slides\.venv\Lib\site-packages\pandas\tests\frame\methods\test_round.py","test_round.py",".py",7978,"2026-08-25 19:25","method"
"E:\0mcp-agv\banana-slides\.venv\Lib\site-packages\pandas\tests\frame\methods\test_sample.py","test_sample.py",".py",13431,"2026-08-25 19:25","amp|method"
"E:\0mcp-agv\banana-slides\.venv\Lib\site-packages\pandas\tests\frame\methods\test_select_dtypes.py","test_select_dtypes.py",".py",18181,"2026-08-25 19:25","method"
"E:\0mcp-agv\banana-slides\.venv\Lib\site-packages\pandas\tests\frame\methods\test_set_axis.py","test_set_axis.py",".py",4608,"2026-08-25 19:25","method"
"E:\0mcp-agv\banana-slides\.venv\Lib\site-packages\pandas\tests\frame\methods\test_set_index.py","test_set_index.py",".py",26570,"2026-08-25 19:25","method"
"E:\0mcp-agv\banana-slides\.venv\Lib\site-packages\pandas\tests\frame\methods\test_shift.py","test_shift.py",".py",27731,"2026-08-25 19:25","method"
"E:\0mcp-agv\banana-slides\.venv\Lib\site-packages\pandas\tests\frame\methods\test_size.py","test_size.py",".py",571,"2026-08-25 19:25","method"
"E:\0mcp-agv\banana-slides\.venv\Lib\site-packages\pandas\tests\frame\methods\test_sort_index.py","test_sort_index.py",".py",34826,"2026-08-25 19:25","method"
"E:\0mcp-agv\banana-slides\.venv\Lib\site-packages\pandas\tests\frame\methods\test_sort_values.py","test_sort_values.py",".py",32982,"2026-08-25 19:25","method"
"E:\0mcp-agv\banana-slides\.venv\Lib\site-packages\pandas\tests\frame\methods\test_swapaxes.py","test_swapaxes.py",".py",1466,"2026-08-25 19:25","method"
"E:\0mcp-agv\banana-slides\.venv\Lib\site-packages\pandas\tests\frame\methods\test_swaplevel.py","test_swaplevel.py",".py",1277,"2026-08-25 19:25","method"
"E:\0mcp-agv\banana-slides\.venv\Lib\site-packages\pandas\tests\frame\methods\test_to_csv.py","test_to_csv.py",".py",51560,"2026-08-25 19:25","method"
"E:\0mcp-agv\banana-slides\.venv\Lib\site-packages\pandas\tests\frame\methods\test_to_dict.py","test_to_dict.py",".py",18640,"2026-08-25 19:25","method"
"E:\0mcp-agv\banana-slides\.venv\Lib\site-packages\pandas\tests\frame\methods\test_to_dict_of_blocks.py","test_to_dict_of_blocks.py",".py",2641,"2026-08-25 19:25","method"
"E:\0mcp-agv\banana-slides\.venv\Lib\site-packages\pandas\tests\frame\methods\test_to_numpy.py","test_to_numpy.py",".py",1914,"2026-08-25 19:25","method"
"E:\0mcp-agv\banana-slides\.venv\Lib\site-packages\pandas\tests\frame\methods\test_to_period.py","test_to_period.py",".py",2863,"2026-08-25 19:25","method"
"E:\0mcp-agv\banana-slides\.venv\Lib\site-packages\pandas\tests\frame\methods\test_to_records.py","test_to_records.py",".py",18553,"2026-08-25 19:25","method"
"E:\0mcp-agv\banana-slides\.venv\Lib\site-packages\pandas\tests\frame\methods\test_to_timestamp.py","test_to_timestamp.py",".py",5866,"2026-08-25 19:25","amp|method"
"E:\0mcp-agv\banana-slides\.venv\Lib\site-packages\pandas\tests\frame\methods\test_transpose.py","test_transpose.py",".py",6830,"2026-08-25 19:25","method"
"E:\0mcp-agv\banana-slides\.venv\Lib\site-packages\pandas\tests\frame\methods\test_truncate.py","test_truncate.py",".py",5216,"2026-08-25 19:25","method"
"E:\0mcp-agv\banana-slides\.venv\Lib\site-packages\pandas\tests\frame\methods\test_tz_convert.py","test_tz_convert.py",".py",4707,"2026-08-25 19:25","method"
"E:\0mcp-agv\banana-slides\.venv\Lib\site-packages\pandas\tests\frame\methods\test_tz_localize.py","test_tz_localize.py",".py",2084,"2026-08-25 19:25","method"
"E:\0mcp-agv\banana-slides\.venv\Lib\site-packages\pandas\tests\frame\methods\test_update.py","test_update.py",".py",6888,"2026-08-25 19:25","method"
"E:\0mcp-agv\banana-slides\.venv\Lib\site-packages\pandas\tests\frame\methods\test_values.py","test_values.py",".py",9406,"2026-08-25 19:25","method"
"E:\0mcp-agv\banana-slides\.venv\Lib\site-packages\pandas\tests\frame\methods\test_value_counts.py","test_value_counts.py",".py",5556,"2026-08-25 19:25","method"
"E:\0mcp-agv\banana-slides\.venv\Lib\site-packages\pandas\tests\frame\methods\__init__.py","__init__.py",".py",229,"2026-08-25 19:25","method"
"E:\0mcp-agv\banana-slides\.venv\Lib\site-packages\pandas\tests\groupby\test_all_methods.py","test_all_methods.py",".py",3077,"2026-08-25 19:25","method"
"E:\0mcp-agv\banana-slides\.venv\Lib\site-packages\pandas\tests\groupby\methods\test_corrwith.py","test_corrwith.py",".py",615,"2026-08-25 19:25","method"
"E:\0mcp-agv\banana-slides\.venv\Lib\site-packages\pandas\tests\groupby\methods\test_describe.py","test_describe.py",".py",9884,"2026-08-25 19:25","method"
"E:\0mcp-agv\banana-slides\.venv\Lib\site-packages\pandas\tests\groupby\methods\test_groupby_shift_diff.py","test_groupby_shift_diff.py",".py",7925,"2026-08-25 19:25","method"
"E:\0mcp-agv\banana-slides\.venv\Lib\site-packages\pandas\tests\groupby\methods\test_is_monotonic.py","test_is_monotonic.py",".py",2566,"2026-08-25 19:25","method"
"E:\0mcp-agv\banana-slides\.venv\Lib\site-packages\pandas\tests\groupby\methods\test_nlargest_nsmallest.py","test_nlargest_nsmallest.py",".py",3401,"2026-08-25 19:25","method"
"E:\0mcp-agv\banana-slides\.venv\Lib\site-packages\pandas\tests\groupby\methods\test_nth.py","test_nth.py",".py",28225,"2026-08-25 19:25","method"
"E:\0mcp-agv\banana-slides\.venv\Lib\site-packages\pandas\tests\groupby\methods\test_quantile.py","test_quantile.py",".py",16372,"2026-08-25 19:25","method"
"E:\0mcp-agv\banana-slides\.venv\Lib\site-packages\pandas\tests\groupby\methods\test_rank.py","test_rank.py",".py",24263,"2026-08-25 19:25","method"
"E:\0mcp-agv\banana-slides\.venv\Lib\site-packages\pandas\tests\groupby\methods\test_sample.py","test_sample.py",".py",5155,"2026-08-25 19:25","amp|method"
"E:\0mcp-agv\banana-slides\.venv\Lib\site-packages\pandas\tests\groupby\methods\test_size.py","test_size.py",".py",4138,"2026-08-25 19:25","method"
"E:\0mcp-agv\banana-slides\.venv\Lib\site-packages\pandas\tests\groupby\methods\test_skew.py","test_skew.py",".py",841,"2026-08-25 19:25","method"
"E:\0mcp-agv\banana-slides\.venv\Lib\site-packages\pandas\tests\groupby\methods\test_value_counts.py","test_value_counts.py",".py",40439,"2026-08-25 19:25","method"
"E:\0mcp-agv\banana-slides\.venv\Lib\site-packages\pandas\tests\groupby\methods\__init__.py","__init__.py",".py",0,"2026-08-25 19:25","method"
"E:\0mcp-agv\banana-slides\.venv\Lib\site-packages\pandas\tests\indexes\datetimes\methods\test_asof.py","test_asof.py",".py",738,"2026-08-25 19:25","method"
"E:\0mcp-agv\banana-slides\.venv\Lib\site-packages\pandas\tests\indexes\datetimes\methods\test_astype.py","test_astype.py",".py",12342,"2026-08-25 19:25","method"
"E:\0mcp-agv\banana-slides\.venv\Lib\site-packages\pandas\tests\indexes\datetimes\methods\test_delete.py","test_delete.py",".py",4441,"2026-08-25 19:25","method"
"E:\0mcp-agv\banana-slides\.venv\Lib\site-packages\pandas\tests\indexes\datetimes\methods\test_factorize.py","test_factorize.py",".py",4468,"2026-08-25 19:25","method"
"E:\0mcp-agv\banana-slides\.venv\Lib\site-packages\pandas\tests\indexes\datetimes\methods\test_fillna.py","test_fillna.py",".py",2004,"2026-08-25 19:25","method"
"E:\0mcp-agv\banana-slides\.venv\Lib\site-packages\pandas\tests\indexes\datetimes\methods\test_insert.py","test_insert.py",".py",9343,"2026-08-25 19:25","method"
"E:\0mcp-agv\banana-slides\.venv\Lib\site-packages\pandas\tests\indexes\datetimes\methods\test_isocalendar.py","test_isocalendar.py",".py",908,"2026-08-25 19:25","method"
"E:\0mcp-agv\banana-slides\.venv\Lib\site-packages\pandas\tests\indexes\datetimes\methods\test_map.py","test_map.py",".py",1358,"2026-08-25 19:25","method"
"E:\0mcp-agv\banana-slides\.venv\Lib\site-packages\pandas\tests\indexes\datetimes\methods\test_normalize.py","test_normalize.py",".py",3041,"2026-08-25 19:25","method"
"E:\0mcp-agv\banana-slides\.venv\Lib\site-packages\pandas\tests\indexes\datetimes\methods\test_repeat.py","test_repeat.py",".py",2740,"2026-08-25 19:25","method"
"E:\0mcp-agv\banana-slides\.venv\Lib\site-packages\pandas\tests\indexes\datetimes\methods\test_resolution.py","test_resolution.py",".py",785,"2026-08-25 19:25","method"
"E:\0mcp-agv\banana-slides\.venv\Lib\site-packages\pandas\tests\indexes\datetimes\methods\test_round.py","test_round.py",".py",7822,"2026-08-25 19:25","method"
"E:\0mcp-agv\banana-slides\.venv\Lib\site-packages\pandas\tests\indexes\datetimes\methods\test_shift.py","test_shift.py",".py",5933,"2026-08-25 19:25","method"
"E:\0mcp-agv\banana-slides\.venv\Lib\site-packages\pandas\tests\indexes\datetimes\methods\test_snap.py","test_snap.py",".py",1305,"2026-08-25 19:25","method"
"E:\0mcp-agv\banana-slides\.venv\Lib\site-packages\pandas\tests\indexes\datetimes\methods\test_to_frame.py","test_to_frame.py",".py",998,"2026-08-25 19:25","method"
"E:\0mcp-agv\banana-slides\.venv\Lib\site-packages\pandas\tests\indexes\datetimes\methods\test_to_julian_date.py","test_to_julian_date.py",".py",1608,"2026-08-25 19:25","method"
"E:\0mcp-agv\banana-slides\.venv\Lib\site-packages\pandas\tests\indexes\datetimes\methods\test_to_period.py","test_to_period.py",".py",7986,"2026-08-25 19:25","method"
"E:\0mcp-agv\banana-slides\.venv\Lib\site-packages\pandas\tests\indexes\datetimes\methods\test_to_pydatetime.py","test_to_pydatetime.py",".py",1345,"2026-08-25 19:25","method"
"E:\0mcp-agv\banana-slides\.venv\Lib\site-packages\pandas\tests\indexes\datetimes\methods\test_to_series.py","test_to_series.py",".py",493,"2026-08-25 19:25","method"
"E:\0mcp-agv\banana-slides\.venv\Lib\site-packages\pandas\tests\indexes\datetimes\methods\test_tz_convert.py","test_tz_convert.py",".py",11295,"2026-08-25 19:25","method"
"E:\0mcp-agv\banana-slides\.venv\Lib\site-packages\pandas\tests\indexes\datetimes\methods\test_tz_localize.py","test_tz_localize.py",".py",14830,"2026-08-25 19:25","method"
"E:\0mcp-agv\banana-slides\.venv\Lib\site-packages\pandas\tests\indexes\datetimes\methods\test_unique.py","test_unique.py",".py",2096,"2026-08-25 19:25","method"
"E:\0mcp-agv\banana-slides\.venv\Lib\site-packages\pandas\tests\indexes\datetimes\methods\__init__.py","__init__.py",".py",0,"2026-08-25 19:25","method"
"E:\0mcp-agv\banana-slides\.venv\Lib\site-packages\pandas\tests\indexes\period\methods\test_asfreq.py","test_asfreq.py",".py",7080,"2026-08-25 19:25","method"
"E:\0mcp-agv\banana-slides\.venv\Lib\site-packages\pandas\tests\indexes\period\methods\test_astype.py","test_astype.py",".py",5671,"2026-08-25 19:25","method"
"E:\0mcp-agv\banana-slides\.venv\Lib\site-packages\pandas\tests\indexes\period\methods\test_factorize.py","test_factorize.py",".py",1425,"2026-08-25 19:25","method"
"E:\0mcp-agv\banana-slides\.venv\Lib\site-packages\pandas\tests\indexes\period\methods\test_fillna.py","test_fillna.py",".py",1125,"2026-08-25 19:25","method"
"E:\0mcp-agv\banana-slides\.venv\Lib\site-packages\pandas\tests\indexes\period\methods\test_insert.py","test_insert.py",".py",482,"2026-08-25 19:25","method"
"E:\0mcp-agv\banana-slides\.venv\Lib\site-packages\pandas\tests\indexes\period\methods\test_is_full.py","test_is_full.py",".py",570,"2026-08-25 19:25","method"
"E:\0mcp-agv\banana-slides\.venv\Lib\site-packages\pandas\tests\indexes\period\methods\test_repeat.py","test_repeat.py",".py",772,"2026-08-25 19:25","method"
"E:\0mcp-agv\banana-slides\.venv\Lib\site-packages\pandas\tests\indexes\period\methods\test_shift.py","test_shift.py",".py",4405,"2026-08-25 19:25","method"
"E:\0mcp-agv\banana-slides\.venv\Lib\site-packages\pandas\tests\indexes\period\methods\test_to_timestamp.py","test_to_timestamp.py",".py",4888,"2026-08-25 19:25","amp|method"
"E:\0mcp-agv\banana-slides\.venv\Lib\site-packages\pandas\tests\indexes\period\methods\__init__.py","__init__.py",".py",0,"2026-08-25 19:25","method"
"E:\0mcp-agv\banana-slides\.venv\Lib\site-packages\pandas\tests\indexes\timedeltas\methods\test_astype.py","test_astype.py",".py",6331,"2026-08-25 19:25","method"
"E:\0mcp-agv\banana-slides\.venv\Lib\site-packages\pandas\tests\indexes\timedeltas\methods\test_factorize.py","test_factorize.py",".py",1292,"2026-08-25 19:25","method"
"E:\0mcp-agv\banana-slides\.venv\Lib\site-packages\pandas\tests\indexes\timedeltas\methods\test_fillna.py","test_fillna.py",".py",597,"2026-08-25 19:25","method"
"E:\0mcp-agv\banana-slides\.venv\Lib\site-packages\pandas\tests\indexes\timedeltas\methods\test_insert.py","test_insert.py",".py",4713,"2026-08-25 19:25","method"
"E:\0mcp-agv\banana-slides\.venv\Lib\site-packages\pandas\tests\indexes\timedeltas\methods\test_repeat.py","test_repeat.py",".py",926,"2026-08-25 19:25","method"
"E:\0mcp-agv\banana-slides\.venv\Lib\site-packages\pandas\tests\indexes\timedeltas\methods\test_shift.py","test_shift.py",".py",2756,"2026-08-25 19:25","method"
"E:\0mcp-agv\banana-slides\.venv\Lib\site-packages\pandas\tests\indexes\timedeltas\methods\__init__.py","__init__.py",".py",0,"2026-08-25 19:25","method"
"E:\0mcp-agv\banana-slides\.venv\Lib\site-packages\pandas\tests\plotting\test_boxplot_method.py","test_boxplot_method.py",".py",30159,"2026-08-25 19:25","method"
"E:\0mcp-agv\banana-slides\.venv\Lib\site-packages\pandas\tests\plotting\test_hist_method.py","test_hist_method.py",".py",34972,"2026-08-25 19:25","method"
"E:\0mcp-agv\banana-slides\.venv\Lib\site-packages\pandas\tests\resample\conftest.py","conftest.py",".py",3355,"2026-08-25 19:25","amp"
"E:\0mcp-agv\banana-slides\.venv\Lib\site-packages\pandas\tests\resample\test_base.py","test_base.py",".py",13762,"2026-08-25 19:25","amp"
"E:\0mcp-agv\banana-slides\.venv\Lib\site-packages\pandas\tests\resample\test_datetime_index.py","test_datetime_index.py",".py",74234,"2026-08-25 19:25","amp"
"E:\0mcp-agv\banana-slides\.venv\Lib\site-packages\pandas\tests\resample\test_period_index.py","test_period_index.py",".py",41199,"2026-08-25 19:25","amp"
"E:\0mcp-agv\banana-slides\.venv\Lib\site-packages\pandas\tests\resample\test_resampler_grouper.py","test_resampler_grouper.py",".py",23938,"2026-08-25 19:25","amp"
"E:\0mcp-agv\banana-slides\.venv\Lib\site-packages\pandas\tests\resample\test_resample_api.py","test_resample_api.py",".py",34616,"2026-08-25 19:25","amp"
"E:\0mcp-agv\banana-slides\.venv\Lib\site-packages\pandas\tests\resample\test_timedelta.py","test_timedelta.py",".py",7469,"2026-08-25 19:25","amp"
"E:\0mcp-agv\banana-slides\.venv\Lib\site-packages\pandas\tests\resample\test_time_grouper.py","test_time_grouper.py",".py",11832,"2026-08-25 19:25","amp"
"E:\0mcp-agv\banana-slides\.venv\Lib\site-packages\pandas\tests\resample\__init__.py","__init__.py",".py",0,"2026-08-25 19:25","amp"
"E:\0mcp-agv\banana-slides\.venv\Lib\site-packages\pandas\tests\scalar\timedelta\methods\test_as_unit.py","test_as_unit.py",".py",2518,"2026-08-25 19:25","method"
"E:\0mcp-agv\banana-slides\.venv\Lib\site-packages\pandas\tests\scalar\timedelta\methods\test_round.py","test_round.py",".py",6338,"2026-08-25 19:25","method"
"E:\0mcp-agv\banana-slides\.venv\Lib\site-packages\pandas\tests\scalar\timedelta\methods\__init__.py","__init__.py",".py",0,"2026-08-25 19:25","method"
"E:\0mcp-agv\banana-slides\.venv\Lib\site-packages\pandas\tests\scalar\timestamp\test_arithmetic.py","test_arithmetic.py",".py",10852,"2026-08-25 19:25","amp"
"E:\0mcp-agv\banana-slides\.venv\Lib\site-packages\pandas\tests\scalar\timestamp\test_comparisons.py","test_comparisons.py",".py",10059,"2026-08-25 19:25","amp"
"E:\0mcp-agv\banana-slides\.venv\Lib\site-packages\pandas\tests\scalar\timestamp\test_constructors.py","test_constructors.py",".py",39714,"2026-08-25 19:25","amp"
"E:\0mcp-agv\banana-slides\.venv\Lib\site-packages\pandas\tests\scalar\timestamp\test_formats.py","test_formats.py",".py",6864,"2026-08-25 19:25","amp"
"E:\0mcp-agv\banana-slides\.venv\Lib\site-packages\pandas\tests\scalar\timestamp\test_timestamp.py","test_timestamp.py",".py",31042,"2026-08-25 19:25","amp"
"E:\0mcp-agv\banana-slides\.venv\Lib\site-packages\pandas\tests\scalar\timestamp\test_timezones.py","test_timezones.py",".py",666,"2026-08-25 19:25","amp"
"E:\0mcp-agv\banana-slides\.venv\Lib\site-packages\pandas\tests\scalar\timestamp\__init__.py","__init__.py",".py",0,"2026-08-25 19:25","amp"
"E:\0mcp-agv\banana-slides\.venv\Lib\site-packages\pandas\tests\scalar\timestamp\methods\test_as_unit.py","test_as_unit.py",".py",2706,"2026-08-25 19:25","amp|method"
"E:\0mcp-agv\banana-slides\.venv\Lib\site-packages\pandas\tests\scalar\timestamp\methods\test_normalize.py","test_normalize.py",".py",831,"2026-08-25 19:25","amp|method"
"E:\0mcp-agv\banana-slides\.venv\Lib\site-packages\pandas\tests\scalar\timestamp\methods\test_replace.py","test_replace.py",".py",7055,"2026-08-25 19:25","amp|method"
"E:\0mcp-agv\banana-slides\.venv\Lib\site-packages\pandas\tests\scalar\timestamp\methods\test_round.py","test_round.py",".py",13027,"2026-08-25 19:25","amp|method"
"E:\0mcp-agv\banana-slides\.venv\Lib\site-packages\pandas\tests\scalar\timestamp\methods\test_timestamp_method.py","test_timestamp_method.py",".py",1017,"2026-08-25 19:25","amp|method"
"E:\0mcp-agv\banana-slides\.venv\Lib\site-packages\pandas\tests\scalar\timestamp\methods\test_to_julian_date.py","test_to_julian_date.py",".py",810,"2026-08-25 19:25","amp|method"
"E:\0mcp-agv\banana-slides\.venv\Lib\site-packages\pandas\tests\scalar\timestamp\methods\test_to_pydatetime.py","test_to_pydatetime.py",".py",2871,"2026-08-25 19:25","amp|method"
"E:\0mcp-agv\banana-slides\.venv\Lib\site-packages\pandas\tests\scalar\timestamp\methods\test_tz_convert.py","test_tz_convert.py",".py",1710,"2026-08-25 19:25","amp|method"
"E:\0mcp-agv\banana-slides\.venv\Lib\site-packages\pandas\tests\scalar\timestamp\methods\test_tz_localize.py","test_tz_localize.py",".py",12774,"2026-08-25 19:25","amp|method"
"E:\0mcp-agv\banana-slides\.venv\Lib\site-packages\pandas\tests\scalar\timestamp\methods\__init__.py","__init__.py",".py",0,"2026-08-25 19:25","amp|method"
"E:\0mcp-agv\banana-slides\.venv\Lib\site-packages\pandas\tests\series\methods\test_add_prefix_suffix.py","test_add_prefix_suffix.py",".py",1556,"2026-08-25 19:25","method"
"E:\0mcp-agv\banana-slides\.venv\Lib\site-packages\pandas\tests\series\methods\test_align.py","test_align.py",".py",8290,"2026-08-25 19:25","method"
"E:\0mcp-agv\banana-slides\.venv\Lib\site-packages\pandas\tests\series\methods\test_argsort.py","test_argsort.py",".py",2871,"2026-08-25 19:25","method"
"E:\0mcp-agv\banana-slides\.venv\Lib\site-packages\pandas\tests\series\methods\test_asof.py","test_asof.py",".py",6324,"2026-08-25 19:25","method"
"E:\0mcp-agv\banana-slides\.venv\Lib\site-packages\pandas\tests\series\methods\test_astype.py","test_astype.py",".py",25745,"2026-08-25 19:25","method"
"E:\0mcp-agv\banana-slides\.venv\Lib\site-packages\pandas\tests\series\methods\test_autocorr.py","test_autocorr.py",".py",1015,"2026-08-25 19:25","method"
"E:\0mcp-agv\banana-slides\.venv\Lib\site-packages\pandas\tests\series\methods\test_between.py","test_between.py",".py",2584,"2026-08-25 19:25","method"
"E:\0mcp-agv\banana-slides\.venv\Lib\site-packages\pandas\tests\series\methods\test_case_when.py","test_case_when.py",".py",4223,"2026-08-25 19:25","method"
"E:\0mcp-agv\banana-slides\.venv\Lib\site-packages\pandas\tests\series\methods\test_clip.py","test_clip.py",".py",5220,"2026-08-25 19:25","method"
"E:\0mcp-agv\banana-slides\.venv\Lib\site-packages\pandas\tests\series\methods\test_combine.py","test_combine.py",".py",627,"2026-08-25 19:25","method"
"E:\0mcp-agv\banana-slides\.venv\Lib\site-packages\pandas\tests\series\methods\test_combine_first.py","test_combine_first.py",".py",5479,"2026-08-25 19:25","method"
"E:\0mcp-agv\banana-slides\.venv\Lib\site-packages\pandas\tests\series\methods\test_compare.py","test_compare.py",".py",4658,"2026-08-25 19:25","method"
"E:\0mcp-agv\banana-slides\.venv\Lib\site-packages\pandas\tests\series\methods\test_convert_dtypes.py","test_convert_dtypes.py",".py",9915,"2026-08-25 19:25","method"
"E:\0mcp-agv\banana-slides\.venv\Lib\site-packages\pandas\tests\series\methods\test_copy.py","test_copy.py",".py",3164,"2026-08-25 19:25","method"
"E:\0mcp-agv\banana-slides\.venv\Lib\site-packages\pandas\tests\series\methods\test_count.py","test_count.py",".py",938,"2026-08-25 19:25","method"
"E:\0mcp-agv\banana-slides\.venv\Lib\site-packages\pandas\tests\series\methods\test_cov_corr.py","test_cov_corr.py",".py",5709,"2026-08-25 19:25","method"
"E:\0mcp-agv\banana-slides\.venv\Lib\site-packages\pandas\tests\series\methods\test_describe.py","test_describe.py",".py",6646,"2026-08-25 19:25","method"
"E:\0mcp-agv\banana-slides\.venv\Lib\site-packages\pandas\tests\series\methods\test_diff.py","test_diff.py",".py",2538,"2026-08-25 19:25","method"
"E:\0mcp-agv\banana-slides\.venv\Lib\site-packages\pandas\tests\series\methods\test_drop.py","test_drop.py",".py",3394,"2026-08-25 19:25","method"
"E:\0mcp-agv\banana-slides\.venv\Lib\site-packages\pandas\tests\series\methods\test_dropna.py","test_dropna.py",".py",3577,"2026-08-25 19:25","method"
"E:\0mcp-agv\banana-slides\.venv\Lib\site-packages\pandas\tests\series\methods\test_drop_duplicates.py","test_drop_duplicates.py",".py",9235,"2026-08-25 19:25","method"
"E:\0mcp-agv\banana-slides\.venv\Lib\site-packages\pandas\tests\series\methods\test_dtypes.py","test_dtypes.py",".py",209,"2026-08-25 19:25","method"
"E:\0mcp-agv\banana-slides\.venv\Lib\site-packages\pandas\tests\series\methods\test_duplicated.py","test_duplicated.py",".py",2059,"2026-08-25 19:25","method"
"E:\0mcp-agv\banana-slides\.venv\Lib\site-packages\pandas\tests\series\methods\test_equals.py","test_equals.py",".py",4182,"2026-08-25 19:25","method"
"E:\0mcp-agv\banana-slides\.venv\Lib\site-packages\pandas\tests\series\methods\test_explode.py","test_explode.py",".py",5329,"2026-08-25 19:25","method"
"E:\0mcp-agv\banana-slides\.venv\Lib\site-packages\pandas\tests\series\methods\test_fillna.py","test_fillna.py",".py",39985,"2026-08-25 19:25","method"
"E:\0mcp-agv\banana-slides\.venv\Lib\site-packages\pandas\tests\series\methods\test_get_numeric_data.py","test_get_numeric_data.py",".py",1178,"2026-08-25 19:25","method"
"E:\0mcp-agv\banana-slides\.venv\Lib\site-packages\pandas\tests\series\methods\test_head_tail.py","test_head_tail.py",".py",343,"2026-08-25 19:25","method"
"E:\0mcp-agv\banana-slides\.venv\Lib\site-packages\pandas\tests\series\methods\test_infer_objects.py","test_infer_objects.py",".py",1903,"2026-08-25 19:25","method"
"E:\0mcp-agv\banana-slides\.venv\Lib\site-packages\pandas\tests\series\methods\test_info.py","test_info.py",".py",5205,"2026-08-25 19:25","method"
"E:\0mcp-agv\banana-slides\.venv\Lib\site-packages\pandas\tests\series\methods\test_interpolate.py","test_interpolate.py",".py",34267,"2026-08-25 19:25","method"
"E:\0mcp-agv\banana-slides\.venv\Lib\site-packages\pandas\tests\series\methods\test_isin.py","test_isin.py",".py",8343,"2026-08-25 19:25","method"
"E:\0mcp-agv\banana-slides\.venv\Lib\site-packages\pandas\tests\series\methods\test_isna.py","test_isna.py",".py",940,"2026-08-25 19:25","method"
"E:\0mcp-agv\banana-slides\.venv\Lib\site-packages\pandas\tests\series\methods\test_is_monotonic.py","test_is_monotonic.py",".py",838,"2026-08-25 19:25","method"
"E:\0mcp-agv\banana-slides\.venv\Lib\site-packages\pandas\tests\series\methods\test_is_unique.py","test_is_unique.py",".py",953,"2026-08-25 19:25","method"
"E:\0mcp-agv\banana-slides\.venv\Lib\site-packages\pandas\tests\series\methods\test_item.py","test_item.py",".py",1627,"2026-08-25 19:25","method"
"E:\0mcp-agv\banana-slides\.venv\Lib\site-packages\pandas\tests\series\methods\test_map.py","test_map.py",".py",18550,"2026-08-25 19:25","method"
"E:\0mcp-agv\banana-slides\.venv\Lib\site-packages\pandas\tests\series\methods\test_matmul.py","test_matmul.py",".py",2767,"2026-08-25 19:25","method"
"E:\0mcp-agv\banana-slides\.venv\Lib\site-packages\pandas\tests\series\methods\test_nlargest.py","test_nlargest.py",".py",8442,"2026-08-25 19:25","method"
"E:\0mcp-agv\banana-slides\.venv\Lib\site-packages\pandas\tests\series\methods\test_nunique.py","test_nunique.py",".py",481,"2026-08-25 19:25","method"
"E:\0mcp-agv\banana-slides\.venv\Lib\site-packages\pandas\tests\series\methods\test_pct_change.py","test_pct_change.py",".py",4523,"2026-08-25 19:25","method"
"E:\0mcp-agv\banana-slides\.venv\Lib\site-packages\pandas\tests\series\methods\test_pop.py","test_pop.py",".py",295,"2026-08-25 19:25","method"
"E:\0mcp-agv\banana-slides\.venv\Lib\site-packages\pandas\tests\series\methods\test_quantile.py","test_quantile.py",".py",8284,"2026-08-25 19:25","method"
"E:\0mcp-agv\banana-slides\.venv\Lib\site-packages\pandas\tests\series\methods\test_rank.py","test_rank.py",".py",19937,"2026-08-25 19:25","method"
"E:\0mcp-agv\banana-slides\.venv\Lib\site-packages\pandas\tests\series\methods\test_reindex.py","test_reindex.py",".py",14417,"2026-08-25 19:25","method"
"E:\0mcp-agv\banana-slides\.venv\Lib\site-packages\pandas\tests\series\methods\test_reindex_like.py","test_reindex_like.py",".py",1245,"2026-08-25 19:25","method"
"E:\0mcp-agv\banana-slides\.venv\Lib\site-packages\pandas\tests\series\methods\test_rename.py","test_rename.py",".py",6303,"2026-08-25 19:25","method"
"E:\0mcp-agv\banana-slides\.venv\Lib\site-packages\pandas\tests\series\methods\test_rename_axis.py","test_rename_axis.py",".py",1520,"2026-08-25 19:25","method"
"E:\0mcp-agv\banana-slides\.venv\Lib\site-packages\pandas\tests\series\methods\test_repeat.py","test_repeat.py",".py",1274,"2026-08-25 19:25","method"
"E:\0mcp-agv\banana-slides\.venv\Lib\site-packages\pandas\tests\series\methods\test_replace.py","test_replace.py",".py",32110,"2026-08-25 19:25","method"
"E:\0mcp-agv\banana-slides\.venv\Lib\site-packages\pandas\tests\series\methods\test_reset_index.py","test_reset_index.py",".py",7845,"2026-08-25 19:25","method"
"E:\0mcp-agv\banana-slides\.venv\Lib\site-packages\pandas\tests\series\methods\test_round.py","test_round.py",".py",2888,"2026-08-25 19:25","method"
"E:\0mcp-agv\banana-slides\.venv\Lib\site-packages\pandas\tests\series\methods\test_searchsorted.py","test_searchsorted.py",".py",2493,"2026-08-25 19:25","method"
"E:\0mcp-agv\banana-slides\.venv\Lib\site-packages\pandas\tests\series\methods\test_set_name.py","test_set_name.py",".py",595,"2026-08-25 19:25","method"
"E:\0mcp-agv\banana-slides\.venv\Lib\site-packages\pandas\tests\series\methods\test_size.py","test_size.py",".py",566,"2026-08-25 19:25","method"
"E:\0mcp-agv\banana-slides\.venv\Lib\site-packages\pandas\tests\series\methods\test_sort_index.py","test_sort_index.py",".py",12634,"2026-08-25 19:25","method"
"E:\0mcp-agv\banana-slides\.venv\Lib\site-packages\pandas\tests\series\methods\test_sort_values.py","test_sort_values.py",".py",9372,"2026-08-25 19:25","method"
"E:\0mcp-agv\banana-slides\.venv\Lib\site-packages\pandas\tests\series\methods\test_tolist.py","test_tolist.py",".py",1115,"2026-08-25 19:25","method"
"E:\0mcp-agv\banana-slides\.venv\Lib\site-packages\pandas\tests\series\methods\test_to_csv.py","test_to_csv.py",".py",6346,"2026-08-25 19:25","method"
"E:\0mcp-agv\banana-slides\.venv\Lib\site-packages\pandas\tests\series\methods\test_to_dict.py","test_to_dict.py",".py",1178,"2026-08-25 19:25","method"
"E:\0mcp-agv\banana-slides\.venv\Lib\site-packages\pandas\tests\series\methods\test_to_frame.py","test_to_frame.py",".py",1992,"2026-08-25 19:25","method"
"E:\0mcp-agv\banana-slides\.venv\Lib\site-packages\pandas\tests\series\methods\test_to_numpy.py","test_to_numpy.py",".py",1321,"2026-08-25 19:25","method"
"E:\0mcp-agv\banana-slides\.venv\Lib\site-packages\pandas\tests\series\methods\test_truncate.py","test_truncate.py",".py",2307,"2026-08-25 19:25","method"
"E:\0mcp-agv\banana-slides\.venv\Lib\site-packages\pandas\tests\series\methods\test_tz_localize.py","test_tz_localize.py",".py",4336,"2026-08-25 19:25","method"
"E:\0mcp-agv\banana-slides\.venv\Lib\site-packages\pandas\tests\series\methods\test_unique.py","test_unique.py",".py",2219,"2026-08-25 19:25","method"
"E:\0mcp-agv\banana-slides\.venv\Lib\site-packages\pandas\tests\series\methods\test_unstack.py","test_unstack.py",".py",5102,"2026-08-25 19:25","method"
"E:\0mcp-agv\banana-slides\.venv\Lib\site-packages\pandas\tests\series\methods\test_update.py","test_update.py",".py",5475,"2026-08-25 19:25","method"
"E:\0mcp-agv\banana-slides\.venv\Lib\site-packages\pandas\tests\series\methods\test_values.py","test_values.py",".py",747,"2026-08-25 19:25","method"
"E:\0mcp-agv\banana-slides\.venv\Lib\site-packages\pandas\tests\series\methods\test_value_counts.py","test_value_counts.py",".py",10109,"2026-08-25 19:25","method"
"E:\0mcp-agv\banana-slides\.venv\Lib\site-packages\pandas\tests\series\methods\test_view.py","test_view.py",".py",1851,"2026-08-25 19:25","method"
"E:\0mcp-agv\banana-slides\.venv\Lib\site-packages\pandas\tests\series\methods\__init__.py","__init__.py",".py",225,"2026-08-25 19:25","method"
"E:\0mcp-agv\banana-slides\.venv\Lib\site-packages\pdfminer\image.py","image.py",".py",9444,"2026-08-25 19:25","mag"
"E:\0mcp-agv\banana-slides\.venv\Lib\site-packages\pikepdf\_methods.py","_methods.py",".py",32870,"2026-08-25 19:25","method"
"E:\0mcp-agv\banana-slides\.venv\Lib\site-packages\pikepdf\models\image.py","image.py",".py",39697,"2026-08-25 19:25","mag"
"E:\0mcp-agv\banana-slides\.venv\Lib\site-packages\PIL\AvifImagePlugin.py","AvifImagePlugin.py",".py",9285,"2026-08-25 19:25","mag"
"E:\0mcp-agv\banana-slides\.venv\Lib\site-packages\PIL\BlpImagePlugin.py","BlpImagePlugin.py",".py",17030,"2026-08-25 19:25","mag"
"E:\0mcp-agv\banana-slides\.venv\Lib\site-packages\PIL\BmpImagePlugin.py","BmpImagePlugin.py",".py",20370,"2026-08-25 19:25","mag"
"E:\0mcp-agv\banana-slides\.venv\Lib\site-packages\PIL\BufrStubImagePlugin.py","BufrStubImagePlugin.py",".py",1805,"2026-08-25 19:25","mag"
"E:\0mcp-agv\banana-slides\.venv\Lib\site-packages\PIL\CurImagePlugin.py","CurImagePlugin.py",".py",1866,"2026-08-25 19:25","mag"
"E:\0mcp-agv\banana-slides\.venv\Lib\site-packages\PIL\DcxImagePlugin.py","DcxImagePlugin.py",".py",2228,"2026-08-25 19:25","mag"
"E:\0mcp-agv\banana-slides\.venv\Lib\site-packages\PIL\DdsImagePlugin.py","DdsImagePlugin.py",".py",19530,"2026-08-25 19:25","mag"
"E:\0mcp-agv\banana-slides\.venv\Lib\site-packages\PIL\EpsImagePlugin.py","EpsImagePlugin.py",".py",17031,"2026-08-25 19:25","mag"
"E:\0mcp-agv\banana-slides\.venv\Lib\site-packages\PIL\FitsImagePlugin.py","FitsImagePlugin.py",".py",4796,"2026-08-25 19:25","mag"
"E:\0mcp-agv\banana-slides\.venv\Lib\site-packages\PIL\FliImagePlugin.py","FliImagePlugin.py",".py",5113,"2026-08-25 19:25","mag"
"E:\0mcp-agv\banana-slides\.venv\Lib\site-packages\PIL\FpxImagePlugin.py","FpxImagePlugin.py",".py",7550,"2026-08-25 19:25","mag"
"E:\0mcp-agv\banana-slides\.venv\Lib\site-packages\PIL\FtexImagePlugin.py","FtexImagePlugin.py",".py",3649,"2026-08-25 19:25","mag"
"E:\0mcp-agv\banana-slides\.venv\Lib\site-packages\PIL\GbrImagePlugin.py","GbrImagePlugin.py",".py",3080,"2026-08-25 19:25","mag"
"E:\0mcp-agv\banana-slides\.venv\Lib\site-packages\PIL\GdImageFile.py","GdImageFile.py",".py",2890,"2026-08-25 19:25","mag"
"E:\0mcp-agv\banana-slides\.venv\Lib\site-packages\PIL\GifImagePlugin.py","GifImagePlugin.py",".py",43428,"2026-08-25 19:25","mag"
"E:\0mcp-agv\banana-slides\.venv\Lib\site-packages\PIL\GribStubImagePlugin.py","GribStubImagePlugin.py",".py",1834,"2026-08-25 19:25","mag"
"E:\0mcp-agv\banana-slides\.venv\Lib\site-packages\PIL\Hdf5StubImagePlugin.py","Hdf5StubImagePlugin.py",".py",1816,"2026-08-25 19:25","mag"
"E:\0mcp-agv\banana-slides\.venv\Lib\site-packages\PIL\IcnsImagePlugin.py","IcnsImagePlugin.py",".py",12806,"2026-08-25 19:25","mag"
"E:\0mcp-agv\banana-slides\.venv\Lib\site-packages\PIL\IcoImagePlugin.py","IcoImagePlugin.py",".py",12872,"2026-08-25 19:25","mag"
"E:\0mcp-agv\banana-slides\.venv\Lib\site-packages\PIL\Image.py","Image.py",".py",152312,"2026-08-25 19:25","mag"
"E:\0mcp-agv\banana-slides\.venv\Lib\site-packages\PIL\ImageChops.py","ImageChops.py",".py",8257,"2026-08-25 19:25","mag"
"E:\0mcp-agv\banana-slides\.venv\Lib\site-packages\PIL\ImageCms.py","ImageCms.py",".py",41752,"2026-08-25 19:25","mag"
"E:\0mcp-agv\banana-slides\.venv\Lib\site-packages\PIL\ImageColor.py","ImageColor.py",".py",9761,"2026-08-25 19:25","mag"
"E:\0mcp-agv\banana-slides\.venv\Lib\site-packages\PIL\ImageDraw.py","ImageDraw.py",".py",37323,"2026-08-25 19:25","mag"
"E:\0mcp-agv\banana-slides\.venv\Lib\site-packages\PIL\ImageDraw2.py","ImageDraw2.py",".py",7470,"2026-08-25 19:25","mag"
"E:\0mcp-agv\banana-slides\.venv\Lib\site-packages\PIL\ImageEnhance.py","ImageEnhance.py",".py",3740,"2026-08-25 19:25","mag"
"E:\0mcp-agv\banana-slides\.venv\Lib\site-packages\PIL\ImageFile.py","ImageFile.py",".py",30526,"2026-08-25 19:25","mag"
"E:\0mcp-agv\banana-slides\.venv\Lib\site-packages\PIL\ImageFilter.py","ImageFilter.py",".py",19336,"2026-08-25 19:25","mag"
"E:\0mcp-agv\banana-slides\.venv\Lib\site-packages\PIL\ImageFont.py","ImageFont.py",".py",64413,"2026-08-25 19:25","mag"
"E:\0mcp-agv\banana-slides\.venv\Lib\site-packages\PIL\ImageGrab.py","ImageGrab.py",".py",6667,"2026-08-25 19:25","mag"
"E:\0mcp-agv\banana-slides\.venv\Lib\site-packages\PIL\ImageMath.py","ImageMath.py",".py",10683,"2026-08-25 19:25","mag"
"E:\0mcp-agv\banana-slides\.venv\Lib\site-packages\PIL\ImageMode.py","ImageMode.py",".py",2480,"2026-08-25 19:25","mag"
"E:\0mcp-agv\banana-slides\.venv\Lib\site-packages\PIL\ImageMorph.py","ImageMorph.py",".py",8827,"2026-08-25 19:25","mag"
"E:\0mcp-agv\banana-slides\.venv\Lib\site-packages\PIL\ImageOps.py","ImageOps.py",".py",26313,"2026-08-25 19:25","mag"
"E:\0mcp-agv\banana-slides\.venv\Lib\site-packages\PIL\ImagePalette.py","ImagePalette.py",".py",9295,"2026-08-25 19:25","mag"
"E:\0mcp-agv\banana-slides\.venv\Lib\site-packages\PIL\ImagePath.py","ImagePath.py",".py",391,"2026-08-25 19:25","mag"
"E:\0mcp-agv\banana-slides\.venv\Lib\site-packages\PIL\ImageQt.py","ImageQt.py",".py",6903,"2026-08-25 19:25","mag"
"E:\0mcp-agv\banana-slides\.venv\Lib\site-packages\PIL\ImageSequence.py","ImageSequence.py",".py",2341,"2026-08-25 19:25","mag"
"E:\0mcp-agv\banana-slides\.venv\Lib\site-packages\PIL\ImageShow.py","ImageShow.py",".py",10468,"2026-08-25 19:25","mag"
"E:\0mcp-agv\banana-slides\.venv\Lib\site-packages\PIL\ImageStat.py","ImageStat.py",".py",5662,"2026-08-25 19:25","mag"
"E:\0mcp-agv\banana-slides\.venv\Lib\site-packages\PIL\ImageText.py","ImageText.py",".py",12421,"2026-08-25 19:25","mag"
"E:\0mcp-agv\banana-slides\.venv\Lib\site-packages\PIL\ImageTk.py","ImageTk.py",".py",8398,"2026-08-25 19:25","mag"
"E:\0mcp-agv\banana-slides\.venv\Lib\site-packages\PIL\ImageTransform.py","ImageTransform.py",".py",4052,"2026-08-25 19:25","mag"
"E:\0mcp-agv\banana-slides\.venv\Lib\site-packages\PIL\ImageWin.py","ImageWin.py",".py",8332,"2026-08-25 19:25","mag"
"E:\0mcp-agv\banana-slides\.venv\Lib\site-packages\PIL\ImImagePlugin.py","ImImagePlugin.py",".py",11956,"2026-08-25 19:25","mag"
"E:\0mcp-agv\banana-slides\.venv\Lib\site-packages\PIL\ImtImagePlugin.py","ImtImagePlugin.py",".py",2768,"2026-08-25 19:25","mag"
"E:\0mcp-agv\banana-slides\.venv\Lib\site-packages\PIL\IptcImagePlugin.py","IptcImagePlugin.py",".py",6673,"2026-08-25 19:25","mag"
"E:\0mcp-agv\banana-slides\.venv\Lib\site-packages\PIL\Jpeg2KImagePlugin.py","Jpeg2KImagePlugin.py",".py",14378,"2026-08-25 19:25","mag"
"E:\0mcp-agv\banana-slides\.venv\Lib\site-packages\PIL\JpegImagePlugin.py","JpegImagePlugin.py",".py",32206,"2026-08-25 19:25","mag"
"E:\0mcp-agv\banana-slides\.venv\Lib\site-packages\PIL\McIdasImagePlugin.py","McIdasImagePlugin.py",".py",1955,"2026-08-25 19:25","mag"
"E:\0mcp-agv\banana-slides\.venv\Lib\site-packages\PIL\MicImagePlugin.py","MicImagePlugin.py",".py",2666,"2026-08-25 19:25","mag"
"E:\0mcp-agv\banana-slides\.venv\Lib\site-packages\PIL\MpegImagePlugin.py","MpegImagePlugin.py",".py",2094,"2026-08-25 19:25","mag"
"E:\0mcp-agv\banana-slides\.venv\Lib\site-packages\PIL\MpoImagePlugin.py","MpoImagePlugin.py",".py",6924,"2026-08-25 19:25","mag"
"E:\0mcp-agv\banana-slides\.venv\Lib\site-packages\PIL\MspImagePlugin.py","MspImagePlugin.py",".py",6092,"2026-08-25 19:25","mag"
"E:\0mcp-agv\banana-slides\.venv\Lib\site-packages\PIL\PalmImagePlugin.py","PalmImagePlugin.py",".py",8965,"2026-08-25 19:25","mag"
"E:\0mcp-agv\banana-slides\.venv\Lib\site-packages\PIL\PcdImagePlugin.py","PcdImagePlugin.py",".py",1842,"2026-08-25 19:25","mag"
"E:\0mcp-agv\banana-slides\.venv\Lib\site-packages\PIL\PcxImagePlugin.py","PcxImagePlugin.py",".py",6473,"2026-08-25 19:25","mag"
"E:\0mcp-agv\banana-slides\.venv\Lib\site-packages\PIL\PdfImagePlugin.py","PdfImagePlugin.py",".py",9632,"2026-08-25 19:25","mag"
"E:\0mcp-agv\banana-slides\.venv\Lib\site-packages\PIL\PixarImagePlugin.py","PixarImagePlugin.py",".py",1830,"2026-08-25 19:25","mag"
"E:\0mcp-agv\banana-slides\.venv\Lib\site-packages\PIL\PngImagePlugin.py","PngImagePlugin.py",".py",52697,"2026-08-25 19:25","mag"
"E:\0mcp-agv\banana-slides\.venv\Lib\site-packages\PIL\PpmImagePlugin.py","PpmImagePlugin.py",".py",12766,"2026-08-25 19:25","mag"
"E:\0mcp-agv\banana-slides\.venv\Lib\site-packages\PIL\PsdImagePlugin.py","PsdImagePlugin.py",".py",9018,"2026-08-25 19:25","mag"
"E:\0mcp-agv\banana-slides\.venv\Lib\site-packages\PIL\QoiImagePlugin.py","QoiImagePlugin.py",".py",8806,"2026-08-25 19:25","mag"
"E:\0mcp-agv\banana-slides\.venv\Lib\site-packages\PIL\SgiImagePlugin.py","SgiImagePlugin.py",".py",6620,"2026-08-25 19:25","mag"
"E:\0mcp-agv\banana-slides\.venv\Lib\site-packages\PIL\SpiderImagePlugin.py","SpiderImagePlugin.py",".py",10580,"2026-08-25 19:25","mag"
"E:\0mcp-agv\banana-slides\.venv\Lib\site-packages\PIL\SunImagePlugin.py","SunImagePlugin.py",".py",4734,"2026-08-25 19:25","mag"
"E:\0mcp-agv\banana-slides\.venv\Lib\site-packages\PIL\TgaImagePlugin.py","TgaImagePlugin.py",".py",7244,"2026-08-25 19:25","mag"
"E:\0mcp-agv\banana-slides\.venv\Lib\site-packages\PIL\TiffImagePlugin.py","TiffImagePlugin.py",".py",87340,"2026-08-25 19:25","mag"
"E:\0mcp-agv\banana-slides\.venv\Lib\site-packages\PIL\WalImageFile.py","WalImageFile.py",".py",5813,"2026-08-25 19:25","mag"
"E:\0mcp-agv\banana-slides\.venv\Lib\site-packages\PIL\WebPImagePlugin.py","WebPImagePlugin.py",".py",10376,"2026-08-25 19:25","mag"
"E:\0mcp-agv\banana-slides\.venv\Lib\site-packages\PIL\WmfImagePlugin.py","WmfImagePlugin.py",".py",5430,"2026-08-25 19:25","mag"
"E:\0mcp-agv\banana-slides\.venv\Lib\site-packages\PIL\XbmImagePlugin.py","XbmImagePlugin.py",".py",2767,"2026-08-25 19:25","mag"
"E:\0mcp-agv\banana-slides\.venv\Lib\site-packages\PIL\XpmImagePlugin.py","XpmImagePlugin.py",".py",4557,"2026-08-25 19:25","mag"
"E:\0mcp-agv\banana-slides\.venv\Lib\site-packages\PIL\XVThumbImagePlugin.py","XVThumbImagePlugin.py",".py",2198,"2026-08-25 19:25","mag"
"E:\0mcp-agv\banana-slides\.venv\Lib\site-packages\pptx\parts\image.py","image.py",".py",9617,"2026-08-25 19:25","mag"
"E:\0mcp-agv\banana-slides\.venv\Lib\site-packages\pygments\lexers\ampl.py","ampl.py",".py",4176,"2026-08-25 19:25","amp"
"E:\0mcp-agv\banana-slides\.venv\Lib\site-packages\pythonwin\pywin\docking\DockingBar.py","DockingBar.py",".py",24001,"2026-08-25 19:25","dock"
"E:\0mcp-agv\banana-slides\.venv\Lib\site-packages\pythonwin\pywin\docking\__init__.py","__init__.py",".py",0,"2026-08-25 19:25","dock"
"E:\0mcp-agv\banana-slides\.venv\Lib\site-packages\reportlab\graphics\samples\bubble.py","bubble.py",".py",3584,"2026-08-25 19:25","amp"
"E:\0mcp-agv\banana-slides\.venv\Lib\site-packages\reportlab\graphics\samples\clustered_bar.py","clustered_bar.py",".py",4241,"2026-08-25 19:25","amp"
"E:\0mcp-agv\banana-slides\.venv\Lib\site-packages\reportlab\graphics\samples\clustered_column.py","clustered_column.py",".py",4188,"2026-08-25 19:25","amp"
"E:\0mcp-agv\banana-slides\.venv\Lib\site-packages\reportlab\graphics\samples\excelcolors.py","excelcolors.py",".py",1947,"2026-08-25 19:25","amp"
"E:\0mcp-agv\banana-slides\.venv\Lib\site-packages\reportlab\graphics\samples\exploded_pie.py","exploded_pie.py",".py",3126,"2026-08-25 19:25","amp"
"E:\0mcp-agv\banana-slides\.venv\Lib\site-packages\reportlab\graphics\samples\filled_radar.py","filled_radar.py",".py",2691,"2026-08-25 19:25","amp"
"E:\0mcp-agv\banana-slides\.venv\Lib\site-packages\reportlab\graphics\samples\linechart_with_markers.py","linechart_with_markers.py",".py",5007,"2026-08-25 19:25","amp"
"E:\0mcp-agv\banana-slides\.venv\Lib\site-packages\reportlab\graphics\samples\line_chart.py","line_chart.py",".py",4267,"2026-08-25 19:25","amp"
"E:\0mcp-agv\banana-slides\.venv\Lib\site-packages\reportlab\graphics\samples\radar.py","radar.py",".py",3244,"2026-08-25 19:25","amp"
"E:\0mcp-agv\banana-slides\.venv\Lib\site-packages\reportlab\graphics\samples\runall.py","runall.py",".py",1957,"2026-08-25 19:25","amp"
"E:\0mcp-agv\banana-slides\.venv\Lib\site-packages\reportlab\graphics\samples\scatter.py","scatter.py",".py",3566,"2026-08-25 19:25","amp"
"E:\0mcp-agv\banana-slides\.venv\Lib\site-packages\reportlab\graphics\samples\scatter_lines.py","scatter_lines.py",".py",4164,"2026-08-25 19:25","amp"
"E:\0mcp-agv\banana-slides\.venv\Lib\site-packages\reportlab\graphics\samples\scatter_lines_markers.py","scatter_lines_markers.py",".py",3766,"2026-08-25 19:25","amp"
"E:\0mcp-agv\banana-slides\.venv\Lib\site-packages\reportlab\graphics\samples\simple_pie.py","simple_pie.py",".py",2933,"2026-08-25 19:25","amp"
"E:\0mcp-agv\banana-slides\.venv\Lib\site-packages\reportlab\graphics\samples\stacked_bar.py","stacked_bar.py",".py",4284,"2026-08-25 19:25","amp"
"E:\0mcp-agv\banana-slides\.venv\Lib\site-packages\reportlab\graphics\samples\stacked_column.py","stacked_column.py",".py",4230,"2026-08-25 19:25","amp"
"E:\0mcp-agv\banana-slides\.venv\Lib\site-packages\reportlab\graphics\samples\__init__.py","__init__.py",".py",69,"2026-08-25 19:25","amp"
"E:\0mcp-agv\banana-slides\.venv\Lib\site-packages\reportlab\pdfgen\pdfimages.py","pdfimages.py",".py",8422,"2026-08-25 19:25","mag"
"E:\0mcp-agv\banana-slides\.venv\Lib\site-packages\sympy\parsing\autolev\test-examples\README.txt","README.txt",".txt",528,"2026-08-25 19:25","amp"
"E:\0mcp-agv\banana-slides\.venv\Lib\site-packages\sympy\parsing\autolev\test-examples\ruletest1.py","ruletest1.py",".py",555,"2026-08-25 19:25","amp"
"E:\0mcp-agv\banana-slides\.venv\Lib\site-packages\sympy\parsing\autolev\test-examples\ruletest10.py","ruletest10.py",".py",2726,"2026-08-25 19:25","amp"
"E:\0mcp-agv\banana-slides\.venv\Lib\site-packages\sympy\parsing\autolev\test-examples\ruletest11.py","ruletest11.py",".py",475,"2026-08-25 19:25","amp"
"E:\0mcp-agv\banana-slides\.venv\Lib\site-packages\sympy\parsing\autolev\test-examples\ruletest12.py","ruletest12.py",".py",472,"2026-08-25 19:25","amp"
"E:\0mcp-agv\banana-slides\.venv\Lib\site-packages\sympy\parsing\autolev\test-examples\ruletest2.py","ruletest2.py",".py",820,"2026-08-25 19:25","amp"
"E:\0mcp-agv\banana-slides\.venv\Lib\site-packages\sympy\parsing\autolev\test-examples\ruletest3.py","ruletest3.py",".py",1574,"2026-08-25 19:25","amp"
"E:\0mcp-agv\banana-slides\.venv\Lib\site-packages\sympy\parsing\autolev\test-examples\ruletest4.py","ruletest4.py",".py",682,"2026-08-25 19:25","amp"
"E:\0mcp-agv\banana-slides\.venv\Lib\site-packages\sympy\parsing\autolev\test-examples\ruletest5.py","ruletest5.py",".py",1991,"2026-08-25 19:25","amp"
"E:\0mcp-agv\banana-slides\.venv\Lib\site-packages\sympy\parsing\autolev\test-examples\ruletest6.py","ruletest6.py",".py",1473,"2026-08-25 19:25","amp"
"E:\0mcp-agv\banana-slides\.venv\Lib\site-packages\sympy\parsing\autolev\test-examples\ruletest7.py","ruletest7.py",".py",1696,"2026-08-25 19:25","amp"
"E:\0mcp-agv\banana-slides\.venv\Lib\site-packages\sympy\parsing\autolev\test-examples\ruletest8.py","ruletest8.py",".py",2690,"2026-08-25 19:25","amp"
"E:\0mcp-agv\banana-slides\.venv\Lib\site-packages\sympy\parsing\autolev\test-examples\ruletest9.py","ruletest9.py",".py",1965,"2026-08-25 19:25","amp"
"E:\0mcp-agv\banana-slides\.venv\Lib\site-packages\sympy\parsing\autolev\test-examples\pydy-example-repo\chaos_pendulum.py","chaos_pendulum.py",".py",2274,"2026-08-25 19:25","amp"
"E:\0mcp-agv\banana-slides\.venv\Lib\site-packages\sympy\parsing\autolev\test-examples\pydy-example-repo\double_pendulum.py","double_pendulum.py",".py",1583,"2026-08-25 19:25","amp"
"E:\0mcp-agv\banana-slides\.venv\Lib\site-packages\sympy\parsing\autolev\test-examples\pydy-example-repo\mass_spring_damper.py","mass_spring_damper.py",".py",1366,"2026-08-25 19:25","amp"
"E:\0mcp-agv\banana-slides\.venv\Lib\site-packages\sympy\parsing\autolev\test-examples\pydy-example-repo\non_min_pendulum.py","non_min_pendulum.py",".py",1503,"2026-08-25 19:25","amp"
"E:\0mcp-agv\banana-slides\.venv\Lib\site-packages\sympy\physics\mechanics\jointsmethod.py","jointsmethod.py",".py",10415,"2026-08-25 19:25","method"
"E:\0mcp-agv\banana-slides\.venv\Lib\site-packages\sympy\physics\mechanics\method.py","method.py",".py",660,"2026-08-25 19:25","method"
"E:\0mcp-agv\banana-slides\.venv\Lib\site-packages\sympy\physics\mechanics\tests\test_jointsmethod.py","test_jointsmethod.py",".py",10226,"2026-08-25 19:25","method"
"E:\0mcp-agv\banana-slides\.venv\Lib\site-packages\sympy\physics\mechanics\tests\test_method.py","test_method.py",".py",154,"2026-08-25 19:25","method"
"E:\0mcp-agv\banana-slides\.venv\Lib\site-packages\sympy\printing\tensorflow.py","tensorflow.py",".py",8161,"2026-08-25 19:25","sorf"
"E:\0mcp-agv\banana-slides\.venv\Lib\site-packages\sympy\printing\tests\test_tensorflow.py","test_tensorflow.py",".py",17100,"2026-08-25 19:25","sorf"
"E:\0mcp-agv\banana-slides\.venv\Lib\site-packages\sympy\stats\sampling\sample_numpy.py","sample_numpy.py",".py",4229,"2026-08-25 19:25","amp"
"E:\0mcp-agv\banana-slides\.venv\Lib\site-packages\sympy\stats\sampling\sample_pymc.py","sample_pymc.py",".py",2995,"2026-08-25 19:25","amp"
"E:\0mcp-agv\banana-slides\.venv\Lib\site-packages\sympy\stats\sampling\sample_scipy.py","sample_scipy.py",".py",6329,"2026-08-25 19:25","amp"
"E:\0mcp-agv\banana-slides\.venv\Lib\site-packages\sympy\stats\sampling\__init__.py","__init__.py",".py",0,"2026-08-25 19:25","amp"
"E:\0mcp-agv\banana-slides\.venv\Lib\site-packages\sympy\stats\sampling\tests\test_sample_continuous_rv.py","test_sample_continuous_rv.py",".py",5708,"2026-08-25 19:25","amp"
"E:\0mcp-agv\banana-slides\.venv\Lib\site-packages\sympy\stats\sampling\tests\test_sample_discrete_rv.py","test_sample_discrete_rv.py",".py",3360,"2026-08-25 19:25","amp"
"E:\0mcp-agv\banana-slides\.venv\Lib\site-packages\sympy\stats\sampling\tests\test_sample_finite_rv.py","test_sample_finite_rv.py",".py",3061,"2026-08-25 19:25","amp"
"E:\0mcp-agv\banana-slides\.venv\Lib\site-packages\sympy\stats\sampling\tests\__init__.py","__init__.py",".py",0,"2026-08-25 19:25","amp"
"E:\0mcp-agv\banana-slides\.venv\Lib\site-packages\sympy\tensor\index_methods.py","index_methods.py",".py",15434,"2026-08-25 19:25","method"
"E:\0mcp-agv\banana-slides\.venv\Lib\site-packages\sympy\tensor\tests\test_index_methods.py","test_index_methods.py",".py",7112,"2026-08-25 19:25","method"
"E:\0mcp-agv\banana-slides\.venv\Lib\site-packages\sympy\utilities\magic.py","magic.py",".py",400,"2026-08-25 19:25","mag"
"E:\0mcp-agv\banana-slides\.venv\Lib\site-packages\urllib3\_request_methods.py","_request_methods.py",".py",9931,"2026-08-25 19:25","method"
"E:\0mcp-agv\banana-slides\.venv\Lib\site-packages\volcenginesdkacep\models\build_aosp_image_request.py","build_aosp_image_request.py",".py",7050,"2026-08-25 19:26","mag"
"E:\0mcp-agv\banana-slides\.venv\Lib\site-packages\volcenginesdkacep\models\build_aosp_image_response.py","build_aosp_image_response.py",".py",3488,"2026-08-25 19:26","mag"
"E:\0mcp-agv\banana-slides\.venv\Lib\site-packages\volcenginesdkacep\models\convert_system_img_for_build_aosp_image_input.py","convert_system_img_for_build_aosp_image_input.py",".py",4194,"2026-08-25 19:26","mag"
"E:\0mcp-agv\banana-slides\.venv\Lib\site-packages\volcenginesdkacep\models\convert_vendor_img_for_build_aosp_image_input.py","convert_vendor_img_for_build_aosp_image_input.py",".py",4194,"2026-08-25 19:26","mag"
"E:\0mcp-agv\banana-slides\.venv\Lib\site-packages\volcenginesdkacep\models\create_image_one_step_request.py","create_image_one_step_request.py",".py",6857,"2026-08-25 19:26","mag"
"E:\0mcp-agv\banana-slides\.venv\Lib\site-packages\volcenginesdkacep\models\create_image_one_step_response.py","create_image_one_step_response.py",".py",4276,"2026-08-25 19:26","mag"
"E:\0mcp-agv\banana-slides\.venv\Lib\site-packages\volcenginesdkacep\models\delete_aosp_image_request.py","delete_aosp_image_request.py",".py",3605,"2026-08-25 19:26","mag"
"E:\0mcp-agv\banana-slides\.venv\Lib\site-packages\volcenginesdkacep\models\delete_aosp_image_response.py","delete_aosp_image_response.py",".py",3531,"2026-08-25 19:26","mag"
"E:\0mcp-agv\banana-slides\.venv\Lib\site-packages\volcenginesdkacep\models\get_image_preheating_request.py","get_image_preheating_request.py",".py",5285,"2026-08-25 19:26","mag"
"E:\0mcp-agv\banana-slides\.venv\Lib\site-packages\volcenginesdkacep\models\get_image_preheating_response.py","get_image_preheating_response.py",".py",3524,"2026-08-25 19:26","mag"
"E:\0mcp-agv\banana-slides\.venv\Lib\site-packages\volcenginesdkacep\models\image_tos_info_for_build_aosp_image_input.py","image_tos_info_for_build_aosp_image_input.py",".py",6743,"2026-08-25 19:26","mag"
"E:\0mcp-agv\banana-slides\.venv\Lib\site-packages\volcenginesdkacep\models\image_url_info_for_build_aosp_image_input.py","image_url_info_for_build_aosp_image_input.py",".py",4630,"2026-08-25 19:26","mag"
"E:\0mcp-agv\banana-slides\.venv\Lib\site-packages\volcenginesdkacep\models\item_for_delete_aosp_image_output.py","item_for_delete_aosp_image_output.py",".py",5002,"2026-08-25 19:26","mag"
"E:\0mcp-agv\banana-slides\.venv\Lib\site-packages\volcenginesdkacep\models\list_aosp_image_request.py","list_aosp_image_request.py",".py",9673,"2026-08-25 19:26","mag"
"E:\0mcp-agv\banana-slides\.venv\Lib\site-packages\volcenginesdkacep\models\list_aosp_image_response.py","list_aosp_image_response.py",".py",4196,"2026-08-25 19:26","mag"
"E:\0mcp-agv\banana-slides\.venv\Lib\site-packages\volcenginesdkacep\models\list_image_resource_request.py","list_image_resource_request.py",".py",5795,"2026-08-25 19:26","mag"
"E:\0mcp-agv\banana-slides\.venv\Lib\site-packages\volcenginesdkacep\models\list_image_resource_response.py","list_image_resource_response.py",".py",4161,"2026-08-25 19:26","mag"
"E:\0mcp-agv\banana-slides\.venv\Lib\site-packages\volcenginesdkacep\models\row_for_get_image_preheating_output.py","row_for_get_image_preheating_output.py",".py",5634,"2026-08-25 19:26","mag"
"E:\0mcp-agv\banana-slides\.venv\Lib\site-packages\volcenginesdkacep\models\row_for_list_aosp_image_output.py","row_for_list_aosp_image_output.py",".py",13287,"2026-08-25 19:26","mag"
"E:\0mcp-agv\banana-slides\.venv\Lib\site-packages\volcenginesdkacep\models\row_for_list_image_resource_output.py","row_for_list_image_resource_output.py",".py",4255,"2026-08-25 19:26","mag"
"E:\0mcp-agv\banana-slides\.venv\Lib\site-packages\volcenginesdkacep\models\system_img_for_build_aosp_image_input.py","system_img_for_build_aosp_image_input.py",".py",4222,"2026-08-25 19:26","mag"
"E:\0mcp-agv\banana-slides\.venv\Lib\site-packages\volcenginesdkacep\models\update_aosp_image_request.py","update_aosp_image_request.py",".py",5214,"2026-08-25 19:26","mag"
"E:\0mcp-agv\banana-slides\.venv\Lib\site-packages\volcenginesdkacep\models\update_aosp_image_response.py","update_aosp_image_response.py",".py",2797,"2026-08-25 19:26","mag"
"E:\0mcp-agv\banana-slides\.venv\Lib\site-packages\volcenginesdkacep\models\vendor_img_for_build_aosp_image_input.py","vendor_img_for_build_aosp_image_input.py",".py",4222,"2026-08-25 19:26","mag"
"E:\0mcp-agv\banana-slides\.venv\Lib\site-packages\volcenginesdkalb\models\method_config_for_create_rules_input.py","method_config_for_create_rules_input.py",".py",3547,"2026-08-25 19:26","method"
"E:\0mcp-agv\banana-slides\.venv\Lib\site-packages\volcenginesdkalb\models\method_config_for_describe_rules_output.py","method_config_for_describe_rules_output.py",".py",3574,"2026-08-25 19:26","method"
"E:\0mcp-agv\banana-slides\.venv\Lib\site-packages\volcenginesdkalb\models\method_config_for_modify_rules_input.py","method_config_for_modify_rules_input.py",".py",3547,"2026-08-25 19:26","method"
"E:\0mcp-agv\banana-slides\.venv\Lib\site-packages\volcenginesdkark\models\sample_for_get_model_customization_job_metric_data_output.py","sample_for_get_model_customization_job_metric_data_output.py",".py",4402,"2026-08-25 19:26","amp"
"E:\0mcp-agv\banana-slides\.venv\Lib\site-packages\volcenginesdkarkruntime\resources\images\images.py","images.py",".py",11547,"2026-08-25 19:26","mag"
"E:\0mcp-agv\banana-slides\.venv\Lib\site-packages\volcenginesdkarkruntime\resources\images\__init__.py","__init__.py",".py",574,"2026-08-25 19:26","mag"
"E:\0mcp-agv\banana-slides\.venv\Lib\site-packages\volcenginesdkarkruntime\types\chat\chat_completion_content_part_image_param.py","chat_completion_content_part_image_param.py",".py",1017,"2026-08-25 19:26","mag"
"E:\0mcp-agv\banana-slides\.venv\Lib\site-packages\volcenginesdkarkruntime\types\images\images.py","images.py",".py",1829,"2026-08-25 19:26","mag"
"E:\0mcp-agv\banana-slides\.venv\Lib\site-packages\volcenginesdkarkruntime\types\images\image_gen_completed_event.py","image_gen_completed_event.py",".py",1301,"2026-08-25 19:26","mag"
"E:\0mcp-agv\banana-slides\.venv\Lib\site-packages\volcenginesdkarkruntime\types\images\image_gen_generating_event.py","image_gen_generating_event.py",".py",1273,"2026-08-25 19:26","mag"
"E:\0mcp-agv\banana-slides\.venv\Lib\site-packages\volcenginesdkarkruntime\types\images\image_gen_stream_event.py","image_gen_stream_event.py",".py",885,"2026-08-25 19:26","mag"
"E:\0mcp-agv\banana-slides\.venv\Lib\site-packages\volcenginesdkarkruntime\types\images\__init__.py","__init__.py",".py",660,"2026-08-25 19:26","mag"
"E:\0mcp-agv\banana-slides\.venv\Lib\site-packages\volcenginesdkarkruntime\types\multimodal_embedding\embedding_content_part_image_param.py","embedding_content_part_image_param.py",".py",932,"2026-08-25 19:26","mag"
"E:\0mcp-agv\banana-slides\.venv\Lib\site-packages\volcenginesdkarkruntime\types\responses\image_process_grounding_options.py","image_process_grounding_options.py",".py",701,"2026-08-25 19:26","mag"
"E:\0mcp-agv\banana-slides\.venv\Lib\site-packages\volcenginesdkarkruntime\types\responses\image_process_grounding_options_param.py","image_process_grounding_options_param.py",".py",724,"2026-08-25 19:26","mag"
"E:\0mcp-agv\banana-slides\.venv\Lib\site-packages\volcenginesdkarkruntime\types\responses\image_process_point_options.py","image_process_point_options.py",".py",693,"2026-08-25 19:26","mag"
"E:\0mcp-agv\banana-slides\.venv\Lib\site-packages\volcenginesdkarkruntime\types\responses\image_process_point_options_param.py","image_process_point_options_param.py",".py",716,"2026-08-25 19:26","mag"
"E:\0mcp-agv\banana-slides\.venv\Lib\site-packages\volcenginesdkarkruntime\types\responses\image_process_rotate_options.py","image_process_rotate_options.py",".py",695,"2026-08-25 19:26","mag"
"E:\0mcp-agv\banana-slides\.venv\Lib\site-packages\volcenginesdkarkruntime\types\responses\image_process_rotate_options_param.py","image_process_rotate_options_param.py",".py",718,"2026-08-25 19:26","mag"
"E:\0mcp-agv\banana-slides\.venv\Lib\site-packages\volcenginesdkarkruntime\types\responses\image_process_tool.py","image_process_tool.py",".py",1398,"2026-08-25 19:26","mag"
"E:\0mcp-agv\banana-slides\.venv\Lib\site-packages\volcenginesdkarkruntime\types\responses\image_process_tool_param.py","image_process_tool_param.py",".py",1455,"2026-08-25 19:26","mag"
"E:\0mcp-agv\banana-slides\.venv\Lib\site-packages\volcenginesdkarkruntime\types\responses\image_process_zoom_options.py","image_process_zoom_options.py",".py",691,"2026-08-25 19:26","mag"
"E:\0mcp-agv\banana-slides\.venv\Lib\site-packages\volcenginesdkarkruntime\types\responses\image_process_zoom_options_param.py","image_process_zoom_options_param.py",".py",714,"2026-08-25 19:26","mag"
"E:\0mcp-agv\banana-slides\.venv\Lib\site-packages\volcenginesdkarkruntime\types\responses\item_function_image_process.py","item_function_image_process.py",".py",1140,"2026-08-25 19:26","mag"
"E:\0mcp-agv\banana-slides\.venv\Lib\site-packages\volcenginesdkarkruntime\types\responses\responses_output_text_annotation_cover_image.py","responses_output_text_annotation_cover_image.py",".py",835,"2026-08-25 19:26","mag"
"E:\0mcp-agv\banana-slides\.venv\Lib\site-packages\volcenginesdkarkruntime\types\responses\response_image_process_action.py","response_image_process_action.py",".py",689,"2026-08-25 19:26","mag"
"E:\0mcp-agv\banana-slides\.venv\Lib\site-packages\volcenginesdkarkruntime\types\responses\response_image_process_args.py","response_image_process_args.py",".py",1095,"2026-08-25 19:26","mag"
"E:\0mcp-agv\banana-slides\.venv\Lib\site-packages\volcenginesdkarkruntime\types\responses\response_image_process_call_completed_event.py","response_image_process_call_completed_event.py",".py",1111,"2026-08-25 19:26","mag"
"E:\0mcp-agv\banana-slides\.venv\Lib\site-packages\volcenginesdkarkruntime\types\responses\response_image_process_call_in_progress_event.py","response_image_process_call_in_progress_event.py",".py",746,"2026-08-25 19:26","mag"
"E:\0mcp-agv\banana-slides\.venv\Lib\site-packages\volcenginesdkarkruntime\types\responses\response_image_process_call_processing_event.py","response_image_process_call_processing_event.py",".py",963,"2026-08-25 19:26","mag"
"E:\0mcp-agv\banana-slides\.venv\Lib\site-packages\volcenginesdkarkruntime\types\responses\response_image_process_error.py","response_image_process_error.py",".py",617,"2026-08-25 19:26","mag"
"E:\0mcp-agv\banana-slides\.venv\Lib\site-packages\volcenginesdkarkruntime\types\responses\response_image_process_grounding_args.py","response_image_process_grounding_args.py",".py",672,"2026-08-25 19:26","mag"
"E:\0mcp-agv\banana-slides\.venv\Lib\site-packages\volcenginesdkarkruntime\types\responses\response_image_process_point_args.py","response_image_process_point_args.py",".py",666,"2026-08-25 19:26","mag"
"E:\0mcp-agv\banana-slides\.venv\Lib\site-packages\volcenginesdkarkruntime\types\responses\response_image_process_rotate_args.py","response_image_process_rotate_args.py",".py",648,"2026-08-25 19:26","mag"
"E:\0mcp-agv\banana-slides\.venv\Lib\site-packages\volcenginesdkarkruntime\types\responses\response_image_process_zoom_args.py","response_image_process_zoom_args.py",".py",664,"2026-08-25 19:26","mag"
"E:\0mcp-agv\banana-slides\.venv\Lib\site-packages\volcenginesdkarkruntime\types\responses\response_input_image.py","response_input_image.py",".py",1135,"2026-08-25 19:26","mag"
"E:\0mcp-agv\banana-slides\.venv\Lib\site-packages\volcenginesdkarkruntime\types\responses\response_input_image_param.py","response_input_image_param.py",".py",1466,"2026-08-25 19:26","mag"
"E:\0mcp-agv\banana-slides\.venv\Lib\site-packages\volcenginesdkarkruntime\types\responses\response_input_image_pixel_limit_param.py","response_input_image_pixel_limit_param.py",".py",793,"2026-08-25 19:26","mag"
"E:\0mcp-agv\banana-slides\.venv\Lib\site-packages\volcenginesdkbio\models\commit_ies_image_request.py","commit_ies_image_request.py",".py",7319,"2026-08-25 19:26","mag"
"E:\0mcp-agv\banana-slides\.venv\Lib\site-packages\volcenginesdkbio\models\commit_ies_image_response.py","commit_ies_image_response.py",".py",3368,"2026-08-25 19:26","mag"
"E:\0mcp-agv\banana-slides\.venv\Lib\site-packages\volcenginesdkcdn\models\method_denied_rule_for_add_cdn_domain_input.py","method_denied_rule_for_add_cdn_domain_input.py",".py",4310,"2026-08-25 19:26","method"
"E:\0mcp-agv\banana-slides\.venv\Lib\site-packages\volcenginesdkcdn\models\method_denied_rule_for_batch_update_cdn_config_input.py","method_denied_rule_for_batch_update_cdn_config_input.py",".py",4414,"2026-08-25 19:26","method"
"E:\0mcp-agv\banana-slides\.venv\Lib\site-packages\volcenginesdkcdn\models\method_denied_rule_for_describe_cdn_config_output.py","method_denied_rule_for_describe_cdn_config_output.py",".py",4388,"2026-08-25 19:26","method"
"E:\0mcp-agv\banana-slides\.venv\Lib\site-packages\volcenginesdkcdn\models\method_denied_rule_for_update_cdn_config_input.py","method_denied_rule_for_update_cdn_config_input.py",".py",4349,"2026-08-25 19:26","method"
"E:\0mcp-agv\banana-slides\.venv\Lib\site-packages\volcenginesdkcdn\models\timestamp_point_for_describe_billing_detail_output.py","timestamp_point_for_describe_billing_detail_output.py",".py",5161,"2026-08-25 19:26","amp"
"E:\0mcp-agv\banana-slides\.venv\Lib\site-packages\volcenginesdkcr\models\image_attribute_for_list_tags_output.py","image_attribute_for_list_tags_output.py",".py",6300,"2026-08-25 19:27","mag"
"E:\0mcp-agv\banana-slides\.venv\Lib\site-packages\volcenginesdkcv20240606\models\aigc_stylize_image_request.py","aigc_stylize_image_request.py",".py",7608,"2026-08-25 19:27","mag"
"E:\0mcp-agv\banana-slides\.venv\Lib\site-packages\volcenginesdkcv20240606\models\aigc_stylize_image_response.py","aigc_stylize_image_response.py",".py",7016,"2026-08-25 19:27","mag"
"E:\0mcp-agv\banana-slides\.venv\Lib\site-packages\volcenginesdkcv20240606\models\aigc_stylize_image_usage_request.py","aigc_stylize_image_usage_request.py",".py",7768,"2026-08-25 19:27","mag"
"E:\0mcp-agv\banana-slides\.venv\Lib\site-packages\volcenginesdkcv20240606\models\aigc_stylize_image_usage_response.py","aigc_stylize_image_usage_response.py",".py",7176,"2026-08-25 19:27","mag"
"E:\0mcp-agv\banana-slides\.venv\Lib\site-packages\volcenginesdkcv20240606\models\algorithm_base_resp_for_aigc_stylize_image_output.py","algorithm_base_resp_for_aigc_stylize_image_output.py",".py",4632,"2026-08-25 19:27","mag"
"E:\0mcp-agv\banana-slides\.venv\Lib\site-packages\volcenginesdkcv20240606\models\algorithm_base_resp_for_aigc_stylize_image_usage_output.py","algorithm_base_resp_for_aigc_stylize_image_usage_output.py",".py",4697,"2026-08-25 19:27","mag"
"E:\0mcp-agv\banana-slides\.venv\Lib\site-packages\volcenginesdkcv20240606\models\data_for_aigc_stylize_image_output.py","data_for_aigc_stylize_image_output.py",".py",8581,"2026-08-25 19:27","mag"
"E:\0mcp-agv\banana-slides\.venv\Lib\site-packages\volcenginesdkcv20240606\models\data_for_aigc_stylize_image_usage_output.py","data_for_aigc_stylize_image_usage_output.py",".py",8761,"2026-08-25 19:27","mag"
"E:\0mcp-agv\banana-slides\.venv\Lib\site-packages\volcenginesdkcv20240606\models\logo_info_for_aigc_stylize_image_input.py","logo_info_for_aigc_stylize_image_input.py",".py",5979,"2026-08-25 19:27","mag"
"E:\0mcp-agv\banana-slides\.venv\Lib\site-packages\volcenginesdkcv20240606\models\logo_info_for_aigc_stylize_image_usage_input.py","logo_info_for_aigc_stylize_image_usage_input.py",".py",6084,"2026-08-25 19:27","mag"
"E:\0mcp-agv\banana-slides\.venv\Lib\site-packages\volcenginesdkecs\models\account_for_describe_image_share_permission_output.py","account_for_describe_image_share_permission_output.py",".py",3725,"2026-08-25 19:27","mag"
"E:\0mcp-agv\banana-slides\.venv\Lib\site-packages\volcenginesdkecs\models\copy_image_request.py","copy_image_request.py",".py",8392,"2026-08-25 19:27","mag"
"E:\0mcp-agv\banana-slides\.venv\Lib\site-packages\volcenginesdkecs\models\copy_image_response.py","copy_image_response.py",".py",3442,"2026-08-25 19:27","mag"
"E:\0mcp-agv\banana-slides\.venv\Lib\site-packages\volcenginesdkecs\models\create_image_request.py","create_image_request.py",".py",9828,"2026-08-25 19:27","mag"
"E:\0mcp-agv\banana-slides\.venv\Lib\site-packages\volcenginesdkecs\models\create_image_response.py","create_image_response.py",".py",3460,"2026-08-25 19:27","mag"
"E:\0mcp-agv\banana-slides\.venv\Lib\site-packages\volcenginesdkecs\models\delete_images_request.py","delete_images_request.py",".py",4484,"2026-08-25 19:27","mag"
"E:\0mcp-agv\banana-slides\.venv\Lib\site-packages\volcenginesdkecs\models\delete_images_response.py","delete_images_response.py",".py",3766,"2026-08-25 19:27","mag"
"E:\0mcp-agv\banana-slides\.venv\Lib\site-packages\volcenginesdkecs\models\describe_images_request.py","describe_images_request.py",".py",13358,"2026-08-25 19:27","mag"
"E:\0mcp-agv\banana-slides\.venv\Lib\site-packages\volcenginesdkecs\models\describe_images_response.py","describe_images_response.py",".py",5033,"2026-08-25 19:27","mag"
"E:\0mcp-agv\banana-slides\.venv\Lib\site-packages\volcenginesdkecs\models\describe_image_share_permission_request.py","describe_image_share_permission_request.py",".py",5334,"2026-08-25 19:27","mag"
"E:\0mcp-agv\banana-slides\.venv\Lib\site-packages\volcenginesdkecs\models\describe_image_share_permission_response.py","describe_image_share_permission_response.py",".py",6111,"2026-08-25 19:27","mag"
"E:\0mcp-agv\banana-slides\.venv\Lib\site-packages\volcenginesdkecs\models\detection_results_for_describe_images_output.py","detection_results_for_describe_images_output.py",".py",4595,"2026-08-25 19:27","mag"
"E:\0mcp-agv\banana-slides\.venv\Lib\site-packages\volcenginesdkecs\models\detect_image_request.py","detect_image_request.py",".py",3585,"2026-08-25 19:27","mag"
"E:\0mcp-agv\banana-slides\.venv\Lib\site-packages\volcenginesdkecs\models\detect_image_response.py","detect_image_response.py",".py",2776,"2026-08-25 19:27","mag"
"E:\0mcp-agv\banana-slides\.venv\Lib\site-packages\volcenginesdkecs\models\error_for_delete_images_output.py","error_for_delete_images_output.py",".py",4137,"2026-08-25 19:27","mag"
"E:\0mcp-agv\banana-slides\.venv\Lib\site-packages\volcenginesdkecs\models\export_image_request.py","export_image_request.py",".py",5297,"2026-08-25 19:27","mag"
"E:\0mcp-agv\banana-slides\.venv\Lib\site-packages\volcenginesdkecs\models\export_image_response.py","export_image_response.py",".py",3440,"2026-08-25 19:27","mag"
"E:\0mcp-agv\banana-slides\.venv\Lib\site-packages\volcenginesdkecs\models\image_for_describe_images_output.py","image_for_describe_images_output.py",".py",24110,"2026-08-25 19:27","mag"
"E:\0mcp-agv\banana-slides\.venv\Lib\site-packages\volcenginesdkecs\models\import_data_volume_for_import_image_input.py","import_data_volume_for_import_image_input.py",".py",3743,"2026-08-25 19:27","mag"
"E:\0mcp-agv\banana-slides\.venv\Lib\site-packages\volcenginesdkecs\models\import_image_request.py","import_image_request.py",".py",12866,"2026-08-25 19:27","mag"
"E:\0mcp-agv\banana-slides\.venv\Lib\site-packages\volcenginesdkecs\models\import_image_response.py","import_image_response.py",".py",3460,"2026-08-25 19:27","mag"
"E:\0mcp-agv\banana-slides\.venv\Lib\site-packages\volcenginesdkecs\models\item_for_describe_images_output.py","item_for_describe_images_output.py",".py",5622,"2026-08-25 19:27","mag"
"E:\0mcp-agv\banana-slides\.venv\Lib\site-packages\volcenginesdkecs\models\modify_image_attribute_request.py","modify_image_attribute_request.py",".py",5935,"2026-08-25 19:27","mag"
"E:\0mcp-agv\banana-slides\.venv\Lib\site-packages\volcenginesdkecs\models\modify_image_attribute_response.py","modify_image_attribute_response.py",".py",2821,"2026-08-25 19:27","mag"
"E:\0mcp-agv\banana-slides\.venv\Lib\site-packages\volcenginesdkecs\models\modify_image_share_permission_request.py","modify_image_share_permission_request.py",".py",5456,"2026-08-25 19:27","mag"
"E:\0mcp-agv\banana-slides\.venv\Lib\site-packages\volcenginesdkecs\models\modify_image_share_permission_response.py","modify_image_share_permission_response.py",".py",2851,"2026-08-25 19:27","mag"
"E:\0mcp-agv\banana-slides\.venv\Lib\site-packages\volcenginesdkecs\models\operation_detail_for_delete_images_output.py","operation_detail_for_delete_images_output.py",".py",4375,"2026-08-25 19:27","mag"
"E:\0mcp-agv\banana-slides\.venv\Lib\site-packages\volcenginesdkecs\models\repair_image_request.py","repair_image_request.py",".py",3585,"2026-08-25 19:27","mag"
"E:\0mcp-agv\banana-slides\.venv\Lib\site-packages\volcenginesdkecs\models\repair_image_response.py","repair_image_response.py",".py",2776,"2026-08-25 19:27","mag"
"E:\0mcp-agv\banana-slides\.venv\Lib\site-packages\volcenginesdkecs\models\snapshot_for_describe_images_output.py","snapshot_for_describe_images_output.py",".py",5073,"2026-08-25 19:27","mag"
"E:\0mcp-agv\banana-slides\.venv\Lib\site-packages\volcenginesdkecs\models\tag_filter_for_describe_images_input.py","tag_filter_for_describe_images_input.py",".py",4180,"2026-08-25 19:27","mag"
"E:\0mcp-agv\banana-slides\.venv\Lib\site-packages\volcenginesdkecs\models\tag_for_copy_image_input.py","tag_for_copy_image_input.py",".py",3999,"2026-08-25 19:27","mag"
"E:\0mcp-agv\banana-slides\.venv\Lib\site-packages\volcenginesdkecs\models\tag_for_create_image_input.py","tag_for_create_image_input.py",".py",4025,"2026-08-25 19:27","mag"
"E:\0mcp-agv\banana-slides\.venv\Lib\site-packages\volcenginesdkecs\models\tag_for_describe_images_output.py","tag_for_describe_images_output.py",".py",4077,"2026-08-25 19:27","mag"
"E:\0mcp-agv\banana-slides\.venv\Lib\site-packages\volcenginesdkecs\models\tag_for_import_image_input.py","tag_for_import_image_input.py",".py",4025,"2026-08-25 19:27","mag"
"E:\0mcp-agv\banana-slides\.venv\Lib\site-packages\volcenginesdkgraph\models\image_info_for_create_instance_input.py","image_info_for_create_instance_input.py",".py",7333,"2026-08-25 19:27","mag"
"E:\0mcp-agv\banana-slides\.venv\Lib\site-packages\volcenginesdkgraph\models\image_info_for_describe_instance_output.py","image_info_for_describe_instance_output.py",".py",7408,"2026-08-25 19:27","mag"
"E:\0mcp-agv\banana-slides\.venv\Lib\site-packages\volcenginesdkgraph\models\image_info_for_list_graph_rag_service_output.py","image_info_for_list_graph_rag_service_output.py",".py",7483,"2026-08-25 19:27","mag"
"E:\0mcp-agv\banana-slides\.venv\Lib\site-packages\volcenginesdkgraph\models\image_info_for_list_instance_output.py","image_info_for_list_instance_output.py",".py",7308,"2026-08-25 19:27","mag"
"E:\0mcp-agv\banana-slides\.venv\Lib\site-packages\volcenginesdkkafka\models\message_list_for_query_message_by_timestamp_output.py","message_list_for_query_message_by_timestamp_output.py",".py",8620,"2026-08-25 19:27","amp"
"E:\0mcp-agv\banana-slides\.venv\Lib\site-packages\volcenginesdkkafka\models\query_message_by_timestamp_request.py","query_message_by_timestamp_request.py",".py",11122,"2026-08-25 19:27","amp"
"E:\0mcp-agv\banana-slides\.venv\Lib\site-packages\volcenginesdkkafka\models\query_message_by_timestamp_response.py","query_message_by_timestamp_response.py",".py",4682,"2026-08-25 19:27","amp"
"E:\0mcp-agv\banana-slides\.venv\Lib\site-packages\volcenginesdkllmscan\models\data_for_list_attack_success_example_output.py","data_for_list_attack_success_example_output.py",".py",8381,"2026-08-25 19:27","amp"
"E:\0mcp-agv\banana-slides\.venv\Lib\site-packages\volcenginesdkllmscan\models\list_attack_success_example_request.py","list_attack_success_example_request.py",".py",3685,"2026-08-25 19:27","amp"
"E:\0mcp-agv\banana-slides\.venv\Lib\site-packages\volcenginesdkllmscan\models\list_attack_success_example_response.py","list_attack_success_example_response.py",".py",3622,"2026-08-25 19:27","amp"
"E:\0mcp-agv\banana-slides\.venv\Lib\site-packages\volcenginesdkmlplatform20240701\models\image_for_create_deployment_input.py","image_for_create_deployment_input.py",".py",4991,"2026-08-25 19:27","mag"
"E:\0mcp-agv\banana-slides\.venv\Lib\site-packages\volcenginesdkmlplatform20240701\models\image_for_create_dev_instance_input.py","image_for_create_dev_instance_input.py",".py",5011,"2026-08-25 19:27","mag"
"E:\0mcp-agv\banana-slides\.venv\Lib\site-packages\volcenginesdkmlplatform20240701\models\image_for_create_job_input.py","image_for_create_job_input.py",".py",4830,"2026-08-25 19:27","mag"
"E:\0mcp-agv\banana-slides\.venv\Lib\site-packages\volcenginesdkmlplatform20240701\models\image_for_get_deployment_output.py","image_for_get_deployment_output.py",".py",4951,"2026-08-25 19:27","mag"
"E:\0mcp-agv\banana-slides\.venv\Lib\site-packages\volcenginesdkmlplatform20240701\models\image_for_get_dev_instance_output.py","image_for_get_dev_instance_output.py",".py",4971,"2026-08-25 19:27","mag"
"E:\0mcp-agv\banana-slides\.venv\Lib\site-packages\volcenginesdkmlplatform20240701\models\image_for_get_job_output.py","image_for_get_job_output.py",".py",4790,"2026-08-25 19:27","mag"
"E:\0mcp-agv\banana-slides\.venv\Lib\site-packages\volcenginesdkmlplatform20240701\models\image_for_list_dev_instances_output.py","image_for_list_dev_instances_output.py",".py",5011,"2026-08-25 19:27","mag"
"E:\0mcp-agv\banana-slides\.venv\Lib\site-packages\volcenginesdkmlplatform20240701\models\image_for_rebuild_dev_instance_input.py","image_for_rebuild_dev_instance_input.py",".py",5010,"2026-08-25 19:27","mag"
"E:\0mcp-agv\banana-slides\.venv\Lib\site-packages\volcenginesdkmlplatform20240701\models\image_for_update_deployment_input.py","image_for_update_deployment_input.py",".py",4991,"2026-08-25 19:27","mag"
"E:\0mcp-agv\banana-slides\.venv\Lib\site-packages\volcenginesdkmlplatform20240701\models\item_for_list_public_image_repos_output.py","item_for_list_public_image_repos_output.py",".py",6636,"2026-08-25 19:27","mag"
"E:\0mcp-agv\banana-slides\.venv\Lib\site-packages\volcenginesdkmlplatform20240701\models\item_for_list_public_image_tags_output.py","item_for_list_public_image_tags_output.py",".py",6519,"2026-08-25 19:27","mag"
"E:\0mcp-agv\banana-slides\.venv\Lib\site-packages\volcenginesdkmlplatform20240701\models\label_for_list_public_image_repos_input.py","label_for_list_public_image_repos_input.py",".py",4222,"2026-08-25 19:27","mag"
"E:\0mcp-agv\banana-slides\.venv\Lib\site-packages\volcenginesdkmlplatform20240701\models\label_for_list_public_image_repos_output.py","label_for_list_public_image_repos_output.py",".py",4235,"2026-08-25 19:27","mag"
"E:\0mcp-agv\banana-slides\.venv\Lib\site-packages\volcenginesdkmlplatform20240701\models\list_public_image_repos_request.py","list_public_image_repos_request.py",".py",8602,"2026-08-25 19:27","mag"
"E:\0mcp-agv\banana-slides\.venv\Lib\site-packages\volcenginesdkmlplatform20240701\models\list_public_image_repos_response.py","list_public_image_repos_response.py",".py",5906,"2026-08-25 19:27","mag"
"E:\0mcp-agv\banana-slides\.venv\Lib\site-packages\volcenginesdkmlplatform20240701\models\list_public_image_tags_request.py","list_public_image_tags_request.py",".py",8659,"2026-08-25 19:27","mag"
"E:\0mcp-agv\banana-slides\.venv\Lib\site-packages\volcenginesdkmlplatform20240701\models\list_public_image_tags_response.py","list_public_image_tags_response.py",".py",5882,"2026-08-25 19:27","mag"
"E:\0mcp-agv\banana-slides\.venv\Lib\site-packages\volcenginesdkrocketmq\models\message_list_for_query_message_by_timestamp_output.py","message_list_for_query_message_by_timestamp_output.py",".py",11146,"2026-08-25 19:27","amp"
"E:\0mcp-agv\banana-slides\.venv\Lib\site-packages\volcenginesdkrocketmq\models\query_message_by_timestamp_request.py","query_message_by_timestamp_request.py",".py",7816,"2026-08-25 19:27","amp"
"E:\0mcp-agv\banana-slides\.venv\Lib\site-packages\volcenginesdkrocketmq\models\query_message_by_timestamp_response.py","query_message_by_timestamp_response.py",".py",4685,"2026-08-25 19:27","amp"
"E:\0mcp-agv\banana-slides\.venv\Lib\site-packages\volcenginesdkseccenter20240508\models\arch_for_get_registry_image_detail_output.py","arch_for_get_registry_image_detail_output.py",".py",4877,"2026-08-25 19:27","mag"
"E:\0mcp-agv\banana-slides\.venv\Lib\site-packages\volcenginesdkseccenter20240508\models\calculate_repo_image_scan_quota_request.py","calculate_repo_image_scan_quota_request.py",".py",4567,"2026-08-25 19:27","mag"
"E:\0mcp-agv\banana-slides\.venv\Lib\site-packages\volcenginesdkseccenter20240508\models\calculate_repo_image_scan_quota_response.py","calculate_repo_image_scan_quota_response.py",".py",3650,"2026-08-25 19:27","mag"
"E:\0mcp-agv\banana-slides\.venv\Lib\site-packages\volcenginesdkseccenter20240508\models\compl_distr_for_get_registry_image_detail_output.py","compl_distr_for_get_registry_image_detail_output.py",".py",5772,"2026-08-25 19:27","mag"
"E:\0mcp-agv\banana-slides\.venv\Lib\site-packages\volcenginesdkseccenter20240508\models\compl_distr_for_list_registry_images_output.py","compl_distr_for_list_registry_images_output.py",".py",5688,"2026-08-25 19:27","mag"
"E:\0mcp-agv\banana-slides\.venv\Lib\site-packages\volcenginesdkseccenter20240508\models\data_for_calculate_repo_image_scan_quota_output.py","data_for_calculate_repo_image_scan_quota_output.py",".py",5497,"2026-08-25 19:27","mag"
"E:\0mcp-agv\banana-slides\.venv\Lib\site-packages\volcenginesdkseccenter20240508\models\data_for_get_registry_images_sync_status_output.py","data_for_get_registry_images_sync_status_output.py",".py",5561,"2026-08-25 19:27","mag"
"E:\0mcp-agv\banana-slides\.venv\Lib\site-packages\volcenginesdkseccenter20240508\models\data_for_get_registry_image_detail_output.py","data_for_get_registry_image_detail_output.py",".py",14028,"2026-08-25 19:27","mag"
"E:\0mcp-agv\banana-slides\.venv\Lib\site-packages\volcenginesdkseccenter20240508\models\data_for_get_repo_image_risk_cnt_output.py","data_for_get_repo_image_risk_cnt_output.py",".py",3532,"2026-08-25 19:27","mag"
"E:\0mcp-agv\banana-slides\.venv\Lib\site-packages\volcenginesdkseccenter20240508\models\data_for_get_repo_image_scan_cron_output.py","data_for_get_repo_image_scan_cron_output.py",".py",5101,"2026-08-25 19:27","mag"
"E:\0mcp-agv\banana-slides\.venv\Lib\site-packages\volcenginesdkseccenter20240508\models\data_for_get_repo_image_scan_scope_output.py","data_for_get_repo_image_scan_scope_output.py",".py",6961,"2026-08-25 19:27","mag"
"E:\0mcp-agv\banana-slides\.venv\Lib\site-packages\volcenginesdkseccenter20240508\models\data_for_list_registry_images_output.py","data_for_list_registry_images_output.py",".py",13682,"2026-08-25 19:27","mag"
"E:\0mcp-agv\banana-slides\.venv\Lib\site-packages\volcenginesdkseccenter20240508\models\data_for_list_repo_image_compl_output.py","data_for_list_repo_image_compl_output.py",".py",8788,"2026-08-25 19:27","mag"
"E:\0mcp-agv\banana-slides\.venv\Lib\site-packages\volcenginesdkseccenter20240508\models\data_for_list_repo_image_layer_output.py","data_for_list_repo_image_layer_output.py",".py",10519,"2026-08-25 19:27","mag"
"E:\0mcp-agv\banana-slides\.venv\Lib\site-packages\volcenginesdkseccenter20240508\models\data_for_list_repo_image_layer_senfile_output.py","data_for_list_repo_image_layer_senfile_output.py",".py",6647,"2026-08-25 19:27","mag"
"E:\0mcp-agv\banana-slides\.venv\Lib\site-packages\volcenginesdkseccenter20240508\models\data_for_list_repo_image_layer_virus_output.py","data_for_list_repo_image_layer_virus_output.py",".py",5745,"2026-08-25 19:27","mag"
"E:\0mcp-agv\banana-slides\.venv\Lib\site-packages\volcenginesdkseccenter20240508\models\data_for_list_repo_image_layer_vuln_output.py","data_for_list_repo_image_layer_vuln_output.py",".py",7948,"2026-08-25 19:27","mag"
"E:\0mcp-agv\banana-slides\.venv\Lib\site-packages\volcenginesdkseccenter20240508\models\data_for_list_repo_image_package_output.py","data_for_list_repo_image_package_output.py",".py",7160,"2026-08-25 19:27","mag"
"E:\0mcp-agv\banana-slides\.venv\Lib\site-packages\volcenginesdkseccenter20240508\models\data_for_list_repo_image_senfile_output.py","data_for_list_repo_image_senfile_output.py",".py",6522,"2026-08-25 19:27","mag"
"E:\0mcp-agv\banana-slides\.venv\Lib\site-packages\volcenginesdkseccenter20240508\models\data_for_list_repo_image_virus_output.py","data_for_list_repo_image_virus_output.py",".py",6273,"2026-08-25 19:27","mag"
"E:\0mcp-agv\banana-slides\.venv\Lib\site-packages\volcenginesdkseccenter20240508\models\data_for_list_repo_image_vuln_output.py","data_for_list_repo_image_vuln_output.py",".py",10638,"2026-08-25 19:27","mag"
"E:\0mcp-agv\banana-slides\.venv\Lib\site-packages\volcenginesdkseccenter20240508\models\data_for_list_risk_compl_affect_repo_image_output.py","data_for_list_risk_compl_affect_repo_image_output.py",".py",9040,"2026-08-25 19:27","mag"
"E:\0mcp-agv\banana-slides\.venv\Lib\site-packages\volcenginesdkseccenter20240508\models\data_for_list_risk_vuln_affect_repo_image_output.py","data_for_list_risk_vuln_affect_repo_image_output.py",".py",9003,"2026-08-25 19:27","mag"
"E:\0mcp-agv\banana-slides\.venv\Lib\site-packages\volcenginesdkseccenter20240508\models\data_for_save_repo_image_scan_cron_output.py","data_for_save_repo_image_scan_cron_output.py",".py",2865,"2026-08-25 19:27","mag"
"E:\0mcp-agv\banana-slides\.venv\Lib\site-packages\volcenginesdkseccenter20240508\models\data_for_save_repo_image_scan_scope_output.py","data_for_save_repo_image_scan_scope_output.py",".py",2870,"2026-08-25 19:27","mag"
"E:\0mcp-agv\banana-slides\.venv\Lib\site-packages\volcenginesdkseccenter20240508\models\export_repo_image_asset_request.py","export_repo_image_asset_request.py",".py",4376,"2026-08-25 19:27","mag"
"E:\0mcp-agv\banana-slides\.venv\Lib\site-packages\volcenginesdkseccenter20240508\models\export_repo_image_asset_response.py","export_repo_image_asset_response.py",".py",3476,"2026-08-25 19:27","mag"
"E:\0mcp-agv\banana-slides\.venv\Lib\site-packages\volcenginesdkseccenter20240508\models\filter_for_export_repo_image_asset_input.py","filter_for_export_repo_image_asset_input.py",".py",13830,"2026-08-25 19:27","mag"
"E:\0mcp-agv\banana-slides\.venv\Lib\site-packages\volcenginesdkseccenter20240508\models\filter_for_list_registry_images_input.py","filter_for_list_registry_images_input.py",".py",12928,"2026-08-25 19:27","mag"
"E:\0mcp-agv\banana-slides\.venv\Lib\site-packages\volcenginesdkseccenter20240508\models\filter_for_list_repo_image_compl_input.py","filter_for_list_repo_image_compl_input.py",".py",5261,"2026-08-25 19:27","mag"
"E:\0mcp-agv\banana-slides\.venv\Lib\site-packages\volcenginesdkseccenter20240508\models\filter_for_list_repo_image_layer_input.py","filter_for_list_repo_image_layer_input.py",".py",4307,"2026-08-25 19:27","mag"
"E:\0mcp-agv\banana-slides\.venv\Lib\site-packages\volcenginesdkseccenter20240508\models\filter_for_list_repo_image_layer_vuln_input.py","filter_for_list_repo_image_layer_vuln_input.py",".py",3607,"2026-08-25 19:27","mag"
"E:\0mcp-agv\banana-slides\.venv\Lib\site-packages\volcenginesdkseccenter20240508\models\filter_for_list_repo_image_package_input.py","filter_for_list_repo_image_package_input.py",".py",5195,"2026-08-25 19:27","mag"
"E:\0mcp-agv\banana-slides\.venv\Lib\site-packages\volcenginesdkseccenter20240508\models\filter_for_list_repo_image_senfile_input.py","filter_for_list_repo_image_senfile_input.py",".py",5216,"2026-08-25 19:27","mag"
"E:\0mcp-agv\banana-slides\.venv\Lib\site-packages\volcenginesdkseccenter20240508\models\filter_for_list_repo_image_virus_input.py","filter_for_list_repo_image_virus_input.py",".py",5681,"2026-08-25 19:27","mag"
"E:\0mcp-agv\banana-slides\.venv\Lib\site-packages\volcenginesdkseccenter20240508\models\filter_for_list_repo_image_vuln_input.py","filter_for_list_repo_image_vuln_input.py",".py",7896,"2026-08-25 19:27","mag"
"E:\0mcp-agv\banana-slides\.venv\Lib\site-packages\volcenginesdkseccenter20240508\models\filter_for_list_risk_compl_affect_repo_image_input.py","filter_for_list_risk_compl_affect_repo_image_input.py",".py",6887,"2026-08-25 19:27","mag"
"E:\0mcp-agv\banana-slides\.venv\Lib\site-packages\volcenginesdkseccenter20240508\models\filter_for_list_risk_vuln_affect_repo_image_input.py","filter_for_list_risk_vuln_affect_repo_image_input.py",".py",6862,"2026-08-25 19:27","mag"
"E:\0mcp-agv\banana-slides\.venv\Lib\site-packages\volcenginesdkseccenter20240508\models\get_registry_images_sync_status_request.py","get_registry_images_sync_status_request.py",".py",2865,"2026-08-25 19:27","mag"
"E:\0mcp-agv\banana-slides\.venv\Lib\site-packages\volcenginesdkseccenter20240508\models\get_registry_images_sync_status_response.py","get_registry_images_sync_status_response.py",".py",3650,"2026-08-25 19:27","mag"
"E:\0mcp-agv\banana-slides\.venv\Lib\site-packages\volcenginesdkseccenter20240508\models\get_registry_image_detail_request.py","get_registry_image_detail_request.py",".py",3573,"2026-08-25 19:27","mag"
"E:\0mcp-agv\banana-slides\.venv\Lib\site-packages\volcenginesdkseccenter20240508\models\get_registry_image_detail_response.py","get_registry_image_detail_response.py",".py",3590,"2026-08-25 19:27","mag"
"E:\0mcp-agv\banana-slides\.venv\Lib\site-packages\volcenginesdkseccenter20240508\models\get_repo_image_risk_cnt_request.py","get_repo_image_risk_cnt_request.py",".py",2825,"2026-08-25 19:27","mag"
"E:\0mcp-agv\banana-slides\.venv\Lib\site-packages\volcenginesdkseccenter20240508\models\get_repo_image_risk_cnt_response.py","get_repo_image_risk_cnt_response.py",".py",3554,"2026-08-25 19:27","mag"
"E:\0mcp-agv\banana-slides\.venv\Lib\site-packages\volcenginesdkseccenter20240508\models\get_repo_image_scan_cron_request.py","get_repo_image_scan_cron_request.py",".py",2830,"2026-08-25 19:27","mag"
"E:\0mcp-agv\banana-slides\.venv\Lib\site-packages\volcenginesdkseccenter20240508\models\get_repo_image_scan_cron_response.py","get_repo_image_scan_cron_response.py",".py",3566,"2026-08-25 19:27","mag"
"E:\0mcp-agv\banana-slides\.venv\Lib\site-packages\volcenginesdkseccenter20240508\models\get_repo_image_scan_scope_request.py","get_repo_image_scan_scope_request.py",".py",2835,"2026-08-25 19:27","mag"
"E:\0mcp-agv\banana-slides\.venv\Lib\site-packages\volcenginesdkseccenter20240508\models\get_repo_image_scan_scope_response.py","get_repo_image_scan_scope_response.py",".py",3578,"2026-08-25 19:27","mag"
"E:\0mcp-agv\banana-slides\.venv\Lib\site-packages\volcenginesdkseccenter20240508\models\list_batch_endpoint_handle_methods_request.py","list_batch_endpoint_handle_methods_request.py",".py",4685,"2026-08-25 19:27","method"
"E:\0mcp-agv\banana-slides\.venv\Lib\site-packages\volcenginesdkseccenter20240508\models\list_batch_endpoint_handle_methods_response.py","list_batch_endpoint_handle_methods_response.py",".py",4674,"2026-08-25 19:27","method"
"E:\0mcp-agv\banana-slides\.venv\Lib\site-packages\volcenginesdkseccenter20240508\models\list_endpoint_handle_methods_request.py","list_endpoint_handle_methods_request.py",".py",4367,"2026-08-25 19:27","method"
"E:\0mcp-agv\banana-slides\.venv\Lib\site-packages\volcenginesdkseccenter20240508\models\list_endpoint_handle_methods_response.py","list_endpoint_handle_methods_response.py",".py",6196,"2026-08-25 19:27","method"
"E:\0mcp-agv\banana-slides\.venv\Lib\site-packages\volcenginesdkseccenter20240508\models\list_registry_images_request.py","list_registry_images_request.py",".py",6780,"2026-08-25 19:27","mag"
"E:\0mcp-agv\banana-slides\.venv\Lib\site-packages\volcenginesdkseccenter20240508\models\list_registry_images_response.py","list_registry_images_response.py",".py",5836,"2026-08-25 19:27","mag"
"E:\0mcp-agv\banana-slides\.venv\Lib\site-packages\volcenginesdkseccenter20240508\models\list_repo_image_compl_request.py","list_repo_image_compl_request.py",".py",7622,"2026-08-25 19:27","mag"
"E:\0mcp-agv\banana-slides\.venv\Lib\site-packages\volcenginesdkseccenter20240508\models\list_repo_image_compl_response.py","list_repo_image_compl_response.py",".py",5836,"2026-08-25 19:27","mag"
"E:\0mcp-agv\banana-slides\.venv\Lib\site-packages\volcenginesdkseccenter20240508\models\list_repo_image_layer_request.py","list_repo_image_layer_request.py",".py",4418,"2026-08-25 19:27","mag"
"E:\0mcp-agv\banana-slides\.venv\Lib\site-packages\volcenginesdkseccenter20240508\models\list_repo_image_layer_response.py","list_repo_image_layer_response.py",".py",3560,"2026-08-25 19:27","mag"
"E:\0mcp-agv\banana-slides\.venv\Lib\site-packages\volcenginesdkseccenter20240508\models\list_repo_image_layer_senfile_request.py","list_repo_image_layer_senfile_request.py",".py",7911,"2026-08-25 19:27","mag"
"E:\0mcp-agv\banana-slides\.venv\Lib\site-packages\volcenginesdkseccenter20240508\models\list_repo_image_layer_senfile_response.py","list_repo_image_layer_senfile_response.py",".py",6004,"2026-08-25 19:27","mag"
"E:\0mcp-agv\banana-slides\.venv\Lib\site-packages\volcenginesdkseccenter20240508\models\list_repo_image_layer_virus_request.py","list_repo_image_layer_virus_request.py",".py",7853,"2026-08-25 19:27","mag"
"E:\0mcp-agv\banana-slides\.venv\Lib\site-packages\volcenginesdkseccenter20240508\models\list_repo_image_layer_virus_response.py","list_repo_image_layer_virus_response.py",".py",5956,"2026-08-25 19:27","mag"
"E:\0mcp-agv\banana-slides\.venv\Lib\site-packages\volcenginesdkseccenter20240508\models\list_repo_image_layer_vuln_request.py","list_repo_image_layer_vuln_request.py",".py",8608,"2026-08-25 19:27","mag"
"E:\0mcp-agv\banana-slides\.venv\Lib\site-packages\volcenginesdkseccenter20240508\models\list_repo_image_layer_vuln_response.py","list_repo_image_layer_vuln_response.py",".py",5932,"2026-08-25 19:27","mag"
"E:\0mcp-agv\banana-slides\.venv\Lib\site-packages\volcenginesdkseccenter20240508\models\list_repo_image_package_request.py","list_repo_image_package_request.py",".py",7686,"2026-08-25 19:27","mag"
"E:\0mcp-agv\banana-slides\.venv\Lib\site-packages\volcenginesdkseccenter20240508\models\list_repo_image_package_response.py","list_repo_image_package_response.py",".py",5884,"2026-08-25 19:27","mag"
"E:\0mcp-agv\banana-slides\.venv\Lib\site-packages\volcenginesdkseccenter20240508\models\list_repo_image_senfile_request.py","list_repo_image_senfile_request.py",".py",7686,"2026-08-25 19:27","mag"
"E:\0mcp-agv\banana-slides\.venv\Lib\site-packages\volcenginesdkseccenter20240508\models\list_repo_image_senfile_response.py","list_repo_image_senfile_response.py",".py",5884,"2026-08-25 19:27","mag"
"E:\0mcp-agv\banana-slides\.venv\Lib\site-packages\volcenginesdkseccenter20240508\models\list_repo_image_virus_request.py","list_repo_image_virus_request.py",".py",7622,"2026-08-25 19:27","mag"
"E:\0mcp-agv\banana-slides\.venv\Lib\site-packages\volcenginesdkseccenter20240508\models\list_repo_image_virus_response.py","list_repo_image_virus_response.py",".py",5836,"2026-08-25 19:27","mag"
"E:\0mcp-agv\banana-slides\.venv\Lib\site-packages\volcenginesdkseccenter20240508\models\list_repo_image_vuln_request.py","list_repo_image_vuln_request.py",".py",7590,"2026-08-25 19:27","mag"
"E:\0mcp-agv\banana-slides\.venv\Lib\site-packages\volcenginesdkseccenter20240508\models\list_repo_image_vuln_response.py","list_repo_image_vuln_response.py",".py",5812,"2026-08-25 19:27","mag"
"E:\0mcp-agv\banana-slides\.venv\Lib\site-packages\volcenginesdkseccenter20240508\models\list_risk_compl_affect_repo_image_request.py","list_risk_compl_affect_repo_image_request.py",".py",7921,"2026-08-25 19:27","mag"
"E:\0mcp-agv\banana-slides\.venv\Lib\site-packages\volcenginesdkseccenter20240508\models\list_risk_compl_affect_repo_image_response.py","list_risk_compl_affect_repo_image_response.py",".py",6076,"2026-08-25 19:27","mag"
"E:\0mcp-agv\banana-slides\.venv\Lib\site-packages\volcenginesdkseccenter20240508\models\list_risk_vuln_affect_repo_image_request.py","list_risk_vuln_affect_repo_image_request.py",".py",7889,"2026-08-25 19:27","mag"
"E:\0mcp-agv\banana-slides\.venv\Lib\site-packages\volcenginesdkseccenter20240508\models\list_risk_vuln_affect_repo_image_response.py","list_risk_vuln_affect_repo_image_response.py",".py",6052,"2026-08-25 19:27","mag"
"E:\0mcp-agv\banana-slides\.venv\Lib\site-packages\volcenginesdkseccenter20240508\models\operation_list_for_list_batch_endpoint_handle_methods_output.py","operation_list_for_list_batch_endpoint_handle_methods_output.py",".py",6544,"2026-08-25 19:27","method"
"E:\0mcp-agv\banana-slides\.venv\Lib\site-packages\volcenginesdkseccenter20240508\models\proc_list_for_list_batch_endpoint_handle_methods_output.py","proc_list_for_list_batch_endpoint_handle_methods_output.py",".py",5101,"2026-08-25 19:27","method"
"E:\0mcp-agv\banana-slides\.venv\Lib\site-packages\volcenginesdkseccenter20240508\models\proc_list_for_list_endpoint_handle_methods_output.py","proc_list_for_list_endpoint_handle_methods_output.py",".py",5016,"2026-08-25 19:27","method"
"E:\0mcp-agv\banana-slides\.venv\Lib\site-packages\volcenginesdkseccenter20240508\models\risk_for_export_repo_image_asset_input.py","risk_for_export_repo_image_asset_input.py",".py",5640,"2026-08-25 19:27","mag"
"E:\0mcp-agv\banana-slides\.venv\Lib\site-packages\volcenginesdkseccenter20240508\models\risk_for_list_registry_images_input.py","risk_for_list_registry_images_input.py",".py",5598,"2026-08-25 19:27","mag"
"E:\0mcp-agv\banana-slides\.venv\Lib\site-packages\volcenginesdkseccenter20240508\models\save_repo_image_scan_cron_request.py","save_repo_image_scan_cron_request.py",".py",5149,"2026-08-25 19:27","mag"
"E:\0mcp-agv\banana-slides\.venv\Lib\site-packages\volcenginesdkseccenter20240508\models\save_repo_image_scan_cron_response.py","save_repo_image_scan_cron_response.py",".py",3578,"2026-08-25 19:27","mag"
"E:\0mcp-agv\banana-slides\.venv\Lib\site-packages\volcenginesdkseccenter20240508\models\save_repo_image_scan_scope_request.py","save_repo_image_scan_scope_request.py",".py",7248,"2026-08-25 19:27","mag"
"E:\0mcp-agv\banana-slides\.venv\Lib\site-packages\volcenginesdkseccenter20240508\models\save_repo_image_scan_scope_response.py","save_repo_image_scan_scope_response.py",".py",3590,"2026-08-25 19:27","mag"
"E:\0mcp-agv\banana-slides\.venv\Lib\site-packages\volcenginesdkseccenter20240508\models\scan_for_get_registry_image_detail_output.py","scan_for_get_registry_image_detail_output.py",".py",12392,"2026-08-25 19:27","mag"
"E:\0mcp-agv\banana-slides\.venv\Lib\site-packages\volcenginesdkseccenter20240508\models\scan_for_list_registry_images_output.py","scan_for_list_registry_images_output.py",".py",12144,"2026-08-25 19:27","mag"
"E:\0mcp-agv\banana-slides\.venv\Lib\site-packages\volcenginesdkseccenter20240508\models\senfile_distr_for_get_registry_image_detail_output.py","senfile_distr_for_get_registry_image_detail_output.py",".py",5814,"2026-08-25 19:27","mag"
"E:\0mcp-agv\banana-slides\.venv\Lib\site-packages\volcenginesdkseccenter20240508\models\senfile_distr_for_list_registry_images_output.py","senfile_distr_for_list_registry_images_output.py",".py",5730,"2026-08-25 19:27","mag"
"E:\0mcp-agv\banana-slides\.venv\Lib\site-packages\volcenginesdkseccenter20240508\models\senfile_distr_for_list_repo_image_layer_output.py","senfile_distr_for_list_repo_image_layer_output.py",".py",5730,"2026-08-25 19:27","mag"
"E:\0mcp-agv\banana-slides\.venv\Lib\site-packages\volcenginesdkseccenter20240508\models\sync_registry_images_request.py","sync_registry_images_request.py",".py",2820,"2026-08-25 19:27","mag"
"E:\0mcp-agv\banana-slides\.venv\Lib\site-packages\volcenginesdkseccenter20240508\models\sync_registry_images_response.py","sync_registry_images_response.py",".py",3458,"2026-08-25 19:27","mag"
"E:\0mcp-agv\banana-slides\.venv\Lib\site-packages\volcenginesdkseccenter20240508\models\vuln_distr_for_get_registry_image_detail_output.py","vuln_distr_for_get_registry_image_detail_output.py",".py",6500,"2026-08-25 19:27","mag"
"E:\0mcp-agv\banana-slides\.venv\Lib\site-packages\volcenginesdkseccenter20240508\models\vuln_distr_for_list_registry_images_output.py","vuln_distr_for_list_registry_images_output.py",".py",6400,"2026-08-25 19:27","mag"
"E:\0mcp-agv\banana-slides\.venv\Lib\site-packages\volcenginesdkseccenter20240508\models\vuln_distr_for_list_repo_image_layer_output.py","vuln_distr_for_list_repo_image_layer_output.py",".py",6400,"2026-08-25 19:27","mag"
"E:\0mcp-agv\banana-slides\.venv\Lib\site-packages\volcenginesdksmc\models\image_info_for_describe_migration_sources_output.py","image_info_for_describe_migration_sources_output.py",".py",7989,"2026-08-25 19:27","mag"
"E:\0mcp-agv\banana-slides\.venv\Lib\site-packages\volcenginesdksmc\models\source_image_info_for_describe_migration_jobs_output.py","source_image_info_for_describe_migration_jobs_output.py",".py",5312,"2026-08-25 19:27","mag"
"E:\0mcp-agv\banana-slides\.venv\Lib\site-packages\volcenginesdksmc\models\target_image_info_for_describe_migration_jobs_output.py","target_image_info_for_describe_migration_jobs_output.py",".py",5312,"2026-08-25 19:27","mag"
"E:\0mcp-agv\banana-slides\.venv\Lib\site-packages\volcenginesdktranslate20250301\models\point_for_translate_image_output.py","point_for_translate_image_output.py",".py",3997,"2026-08-25 19:27","mag"
"E:\0mcp-agv\banana-slides\.venv\Lib\site-packages\volcenginesdktranslate20250301\models\text_block_for_translate_image_output.py","text_block_for_translate_image_output.py",".py",7603,"2026-08-25 19:27","mag"
"E:\0mcp-agv\banana-slides\.venv\Lib\site-packages\volcenginesdktranslate20250301\models\translate_image_request.py","translate_image_request.py",".py",5369,"2026-08-25 19:27","mag"
"E:\0mcp-agv\banana-slides\.venv\Lib\site-packages\volcenginesdktranslate20250301\models\translate_image_response.py","translate_image_response.py",".py",4303,"2026-08-25 19:27","mag"
"E:\0mcp-agv\banana-slides\.venv\Lib\site-packages\volcenginesdkvefaas\models\cancel_sandbox_image_precache_ticket_request.py","cancel_sandbox_image_precache_ticket_request.py",".py",3798,"2026-08-25 19:27","mag"
"E:\0mcp-agv\banana-slides\.venv\Lib\site-packages\volcenginesdkvefaas\models\cancel_sandbox_image_precache_ticket_response.py","cancel_sandbox_image_precache_ticket_response.py",".py",4362,"2026-08-25 19:27","mag"
"E:\0mcp-agv\banana-slides\.venv\Lib\site-packages\volcenginesdkvefaas\models\delete_sandbox_image_request.py","delete_sandbox_image_request.py",".py",3651,"2026-08-25 19:27","mag"
"E:\0mcp-agv\banana-slides\.venv\Lib\site-packages\volcenginesdkvefaas\models\delete_sandbox_image_response.py","delete_sandbox_image_response.py",".py",4616,"2026-08-25 19:27","mag"
"E:\0mcp-agv\banana-slides\.venv\Lib\site-packages\volcenginesdkvefaas\models\filter_for_list_sandbox_images_input.py","filter_for_list_sandbox_images_input.py",".py",4183,"2026-08-25 19:27","mag"
"E:\0mcp-agv\banana-slides\.venv\Lib\site-packages\volcenginesdkvefaas\models\filter_for_list_sandbox_image_precache_tickets_input.py","filter_for_list_sandbox_image_precache_tickets_input.py",".py",4365,"2026-08-25 19:27","mag"
"E:\0mcp-agv\banana-slides\.venv\Lib\site-packages\volcenginesdkvefaas\models\get_image_sync_status_request.py","get_image_sync_status_request.py",".py",4515,"2026-08-25 19:27","mag"
"E:\0mcp-agv\banana-slides\.venv\Lib\site-packages\volcenginesdkvefaas\models\get_image_sync_status_response.py","get_image_sync_status_response.py",".py",11614,"2026-08-25 19:27","mag"
"E:\0mcp-agv\banana-slides\.venv\Lib\site-packages\volcenginesdkvefaas\models\get_public_sandbox_image_groups_request.py","get_public_sandbox_image_groups_request.py",".py",2854,"2026-08-25 19:27","mag"
"E:\0mcp-agv\banana-slides\.venv\Lib\site-packages\volcenginesdkvefaas\models\get_public_sandbox_image_groups_response.py","get_public_sandbox_image_groups_response.py",".py",3705,"2026-08-25 19:27","mag"
"E:\0mcp-agv\banana-slides\.venv\Lib\site-packages\volcenginesdkvefaas\models\get_sandbox_image_precache_ticket_request.py","get_sandbox_image_precache_ticket_request.py",".py",3636,"2026-08-25 19:27","mag"
"E:\0mcp-agv\banana-slides\.venv\Lib\site-packages\volcenginesdkvefaas\models\get_sandbox_image_precache_ticket_response.py","get_sandbox_image_precache_ticket_response.py",".py",6005,"2026-08-25 19:27","mag"
"E:\0mcp-agv\banana-slides\.venv\Lib\site-packages\volcenginesdkvefaas\models\image_for_list_sandbox_images_output.py","image_for_list_sandbox_images_output.py",".py",7928,"2026-08-25 19:27","mag"
"E:\0mcp-agv\banana-slides\.venv\Lib\site-packages\volcenginesdkvefaas\models\image_info_for_describe_sandbox_output.py","image_info_for_describe_sandbox_output.py",".py",5533,"2026-08-25 19:27","mag"
"E:\0mcp-agv\banana-slides\.venv\Lib\site-packages\volcenginesdkvefaas\models\instance_image_info_for_create_sandbox_input.py","instance_image_info_for_create_sandbox_input.py",".py",5638,"2026-08-25 19:27","mag"
"E:\0mcp-agv\banana-slides\.venv\Lib\site-packages\volcenginesdkvefaas\models\list_sandbox_images_request.py","list_sandbox_images_request.py",".py",5959,"2026-08-25 19:27","mag"
"E:\0mcp-agv\banana-slides\.venv\Lib\site-packages\volcenginesdkvefaas\models\list_sandbox_images_response.py","list_sandbox_images_response.py",".py",4348,"2026-08-25 19:27","mag"
"E:\0mcp-agv\banana-slides\.venv\Lib\site-packages\volcenginesdkvefaas\models\list_sandbox_image_precache_tickets_request.py","list_sandbox_image_precache_tickets_request.py",".py",5359,"2026-08-25 19:27","mag"
"E:\0mcp-agv\banana-slides\.venv\Lib\site-packages\volcenginesdkvefaas\models\list_sandbox_image_precache_tickets_response.py","list_sandbox_image_precache_tickets_response.py",".py",4595,"2026-08-25 19:27","mag"
"E:\0mcp-agv\banana-slides\.venv\Lib\site-packages\volcenginesdkvefaas\models\precache_sandbox_images_request.py","precache_sandbox_images_request.py",".py",3602,"2026-08-25 19:27","mag"
"E:\0mcp-agv\banana-slides\.venv\Lib\site-packages\volcenginesdkvefaas\models\precache_sandbox_images_response.py","precache_sandbox_images_response.py",".py",3573,"2026-08-25 19:27","mag"
"E:\0mcp-agv\banana-slides\.venv\Lib\site-packages\volcenginesdkvefaas\models\progress_for_get_sandbox_image_precache_ticket_output.py","progress_for_get_sandbox_image_precache_ticket_output.py",".py",2914,"2026-08-25 19:27","mag"
"E:\0mcp-agv\banana-slides\.venv\Lib\site-packages\volcenginesdkvefaas\models\ticket_for_list_sandbox_image_precache_tickets_output.py","ticket_for_list_sandbox_image_precache_tickets_output.py",".py",5192,"2026-08-25 19:27","mag"
"E:\0mcp-agv\banana-slides\.venv\Lib\site-packages\volcenginesdkveiapi\models\image_meta_for_get_video_analysis_task_data_output.py","image_meta_for_get_video_analysis_task_data_output.py",".py",2895,"2026-08-25 19:27","mag"
"E:\0mcp-agv\banana-slides\.venv\Lib\site-packages\volcenginesdkveiapi\models\image_meta_for_list_video_analysis_task_data_output.py","image_meta_for_list_video_analysis_task_data_output.py",".py",2900,"2026-08-25 19:27","mag"
"E:\0mcp-agv\banana-slides\.venv\Lib\site-packages\volcenginesdkvikingdb\models\sample_data_for_get_vikingdb_task_output.py","sample_data_for_get_vikingdb_task_output.py",".py",3004,"2026-08-25 19:27","amp"
"E:\0mcp-agv\banana-slides\.venv\Lib\site-packages\volcenginesdkvikingdb\models\sample_data_for_list_vikingdb_task_output.py","sample_data_for_list_vikingdb_task_output.py",".py",3009,"2026-08-25 19:27","amp"
"E:\0mcp-agv\banana-slides\.venv\Lib\site-packages\volcenginesdkvke\models\auth_config_for_exec_container_image_commitment_input.py","auth_config_for_exec_container_image_commitment_input.py",".py",6266,"2026-08-25 19:27","mag"
"E:\0mcp-agv\banana-slides\.venv\Lib\site-packages\volcenginesdkvke\models\exec_container_image_commitment_request.py","exec_container_image_commitment_request.py",".py",7352,"2026-08-25 19:27","mag"
"E:\0mcp-agv\banana-slides\.venv\Lib\site-packages\volcenginesdkvke\models\exec_container_image_commitment_response.py","exec_container_image_commitment_response.py",".py",2861,"2026-08-25 19:27","mag"
"E:\0mcp-agv\banana-slides\.venv\Lib\site-packages\volcenginesdkvke\models\image_spec_for_exec_container_image_commitment_input.py","image_spec_for_exec_container_image_commitment_input.py",".py",6039,"2026-08-25 19:27","mag"
"E:\0mcp-agv\banana-slides\.venv\Lib\site-packages\volcenginesdkvke\models\item_for_list_supported_images_output.py","item_for_list_supported_images_output.py",".py",4767,"2026-08-25 19:27","mag"
"E:\0mcp-agv\banana-slides\.venv\Lib\site-packages\volcenginesdkvke\models\list_supported_images_request.py","list_supported_images_request.py",".py",3720,"2026-08-25 19:27","mag"
"E:\0mcp-agv\banana-slides\.venv\Lib\site-packages\volcenginesdkvke\models\list_supported_images_response.py","list_supported_images_response.py",".py",3578,"2026-08-25 19:27","mag"
"E:\0mcp-agv\banana-slides\.venv\Lib\site-packages\volcenginesdkvke\models\supported_image_for_list_supported_images_output.py","supported_image_for_list_supported_images_output.py",".py",4483,"2026-08-25 19:27","mag"
"E:\0mcp-agv\banana-slides\.venv\Lib\site-packages\volcenginesdkvmp\models\filter_for_list_alert_samples_input.py","filter_for_list_alert_samples_input.py",".py",5175,"2026-08-25 19:27","amp"
"E:\0mcp-agv\banana-slides\.venv\Lib\site-packages\volcenginesdkvmp\models\item_for_list_alert_samples_output.py","item_for_list_alert_samples_output.py",".py",6296,"2026-08-25 19:27","amp"
"E:\0mcp-agv\banana-slides\.venv\Lib\site-packages\volcenginesdkvmp\models\list_alert_samples_request.py","list_alert_samples_request.py",".py",4179,"2026-08-25 19:27","amp"
"E:\0mcp-agv\banana-slides\.venv\Lib\site-packages\volcenginesdkvmp\models\list_alert_samples_response.py","list_alert_samples_response.py",".py",4187,"2026-08-25 19:27","amp"
"E:\0mcp-agv\banana-slides\.venv\Lib\site-packages\volcenginesdkvod20250101\models\image_set_for_get_execution_output.py","image_set_for_get_execution_output.py",".py",4223,"2026-08-25 19:27","mag"
"E:\0mcp-agv\banana-slides\.venv\Lib\site-packages\volcenginesdkwaf\models\create_tamper_proof_request.py","create_tamper_proof_request.py",".py",8115,"2026-08-25 19:27","amp"
"E:\0mcp-agv\banana-slides\.venv\Lib\site-packages\volcenginesdkwaf\models\create_tamper_proof_response.py","create_tamper_proof_response.py",".py",3395,"2026-08-25 19:27","amp"
"E:\0mcp-agv\banana-slides\.venv\Lib\site-packages\volcenginesdkwaf\models\data_for_list_tamper_proof_output.py","data_for_list_tamper_proof_output.py",".py",11910,"2026-08-25 19:27","amp"
"E:\0mcp-agv\banana-slides\.venv\Lib\site-packages\volcenginesdkwaf\models\delete_tamper_proof_request.py","delete_tamper_proof_request.py",".py",5053,"2026-08-25 19:27","amp"
"E:\0mcp-agv\banana-slides\.venv\Lib\site-packages\volcenginesdkwaf\models\delete_tamper_proof_response.py","delete_tamper_proof_response.py",".py",2806,"2026-08-25 19:27","amp"
"E:\0mcp-agv\banana-slides\.venv\Lib\site-packages\volcenginesdkwaf\models\list_tamper_proof_request.py","list_tamper_proof_request.py",".py",5517,"2026-08-25 19:27","amp"
"E:\0mcp-agv\banana-slides\.venv\Lib\site-packages\volcenginesdkwaf\models\list_tamper_proof_response.py","list_tamper_proof_response.py",".py",6411,"2026-08-25 19:27","amp"
"E:\0mcp-agv\banana-slides\.venv\Lib\site-packages\volcenginesdkwaf\models\update_tamper_proof_cache_request.py","update_tamper_proof_cache_request.py",".py",5138,"2026-08-25 19:27","amp"
"E:\0mcp-agv\banana-slides\.venv\Lib\site-packages\volcenginesdkwaf\models\update_tamper_proof_cache_response.py","update_tamper_proof_cache_response.py",".py",2831,"2026-08-25 19:27","amp"
"E:\0mcp-agv\banana-slides\.venv\Lib\site-packages\volcenginesdkwaf\models\update_tamper_proof_request.py","update_tamper_proof_request.py",".py",8700,"2026-08-25 19:27","amp"
"E:\0mcp-agv\banana-slides\.venv\Lib\site-packages\volcenginesdkwaf\models\update_tamper_proof_response.py","update_tamper_proof_response.py",".py",2806,"2026-08-25 19:27","amp"
"E:\0mcp-agv\banana-slides\.venv\Lib\site-packages\win32\lib\regutil.py","regutil.py",".py",12574,"2026-08-25 19:25","gut"
"E:\0mcp-agv\banana-slides\.venv\Lib\site-packages\win32\lib\win32evtlogutil.py","win32evtlogutil.py",".py",7827,"2026-08-25 19:25","gut"
"E:\0mcp-agv\banana-slides\.venv\Lib\site-packages\win32\lib\win32verstamp.py","win32verstamp.py",".py",7210,"2026-08-25 19:25","amp"
"E:\0mcp-agv\banana-slides\.venv\Lib\site-packages\win32\lib\_win32verstamp_pywin32ctypes.py","_win32verstamp_pywin32ctypes.py",".py",4634,"2026-08-25 19:25","amp"
"E:\0mcp-agv\banana-slides\.venv\Lib\site-packages\win32\scripts\VersionStamp\BrandProject.py","BrandProject.py",".py",2845,"2026-08-25 19:25","amp"
"E:\0mcp-agv\banana-slides\.venv\Lib\site-packages\win32\scripts\VersionStamp\bulkstamp.py","bulkstamp.py",".py",4825,"2026-08-25 19:25","amp"
"E:\0mcp-agv\banana-slides\.venv\Lib\site-packages\win32\scripts\VersionStamp\vssutil.py","vssutil.py",".py",5818,"2026-08-25 19:25","amp"
"E:\0mcp-agv\banana-slides\.venv\Lib\site-packages\xlsxwriter\image.py","image.py",".py",13610,"2026-08-25 19:25","mag"
"E:\0mcp-agv\banana-slides\.venv\Lib\site-packages\youtube_transcript_api\test\assets\example_cookies.txt","example_cookies.txt",".txt",489,"2026-08-25 19:25","amp"
"E:\0mcp-agv\banana-slides\.venv\Lib\site-packages\youtube_transcript_api\test\assets\expired_example_cookies.txt","expired_example_cookies.txt",".txt",431,"2026-08-25 19:25","amp"
"E:\0mcp-agv\banana-slides\.venv\Lib\site-packages\zhipuai\api_resource\images.py","images.py",".py",2266,"2026-08-25 19:25","mag"
"E:\0mcp-agv\banana-slides\.venv\Lib\site-packages\zhipuai\types\image.py","image.py",".py",374,"2026-08-25 19:25","mag"
"E:\0mcp-agv\banana-slides\backend\migrations\versions\005_add_pdf_image_path.py","005_add_pdf_image_path.py",".py",825,"2026-08-25 19:17","mag"
"E:\0mcp-agv\banana-slides\backend\migrations\versions\010_add_cached_image_path.py","010_add_cached_image_path.py",".py",969,"2026-08-25 19:17","mag"
"E:\0mcp-agv\banana-slides\backend\migrations\versions\416cd372ad39_add_openai_image_api_protocol_to_.py","416cd372ad39_add_openai_image_api_protocol_to_.py",".py",1186,"2026-08-25 19:17","mag"
"E:\0mcp-agv\banana-slides\backend\migrations\versions\9ad736fec43d_add_image_prompt_extra_fields_to_.py","9ad736fec43d_add_image_prompt_extra_fields_to_.py",".py",1175,"2026-08-25 19:17","mag"
"E:\0mcp-agv\banana-slides\backend\migrations\versions\b7d8c9e4f2a1_add_image_quality_control_setting.py","b7d8c9e4f2a1_add_image_quality_control_setting.py",".py",636,"2026-08-25 19:17","mag"
"E:\0mcp-agv\banana-slides\backend\migrations\versions\ee22f1512027_add_image_aspect_ratio_to_project.py","ee22f1512027_add_image_aspect_ratio_to_project.py",".py",946,"2026-08-25 19:17","mag"
"E:\0mcp-agv\banana-slides\backend\models\page_image_version.py","page_image_version.py",".py",2087,"2026-08-25 19:17","mag"
"E:\0mcp-agv\banana-slides\backend\services\pdf_image_service.py","pdf_image_service.py",".py",2159,"2026-08-25 19:17","mag"
"E:\0mcp-agv\banana-slides\backend\services\ai_providers\image\anthropic_provider.py","anthropic_provider.py",".py",9188,"2026-08-25 19:17","mag"
"E:\0mcp-agv\banana-slides\backend\services\ai_providers\image\baidu_inpainting_provider.py","baidu_inpainting_provider.py",".py",9324,"2026-08-25 19:17","mag"
"E:\0mcp-agv\banana-slides\backend\services\ai_providers\image\base.py","base.py",".py",1214,"2026-08-25 19:17","mag"
"E:\0mcp-agv\banana-slides\backend\services\ai_providers\image\codex_provider.py","codex_provider.py",".py",8939,"2026-08-25 19:17","mag"
"E:\0mcp-agv\banana-slides\backend\services\ai_providers\image\gemini_inpainting_provider.py","gemini_inpainting_provider.py",".py",9461,"2026-08-25 19:17","mag"
"E:\0mcp-agv\banana-slides\backend\services\ai_providers\image\genai_provider.py","genai_provider.py",".py",6512,"2026-08-25 19:17","mag"
"E:\0mcp-agv\banana-slides\backend\services\ai_providers\image\lazyllm_provider.py","lazyllm_provider.py",".py",13826,"2026-08-25 19:17","mag"
"E:\0mcp-agv\banana-slides\backend\services\ai_providers\image\openai_provider.py","openai_provider.py",".py",33095,"2026-08-25 19:17","mag"
"E:\0mcp-agv\banana-slides\backend\services\ai_providers\image\rmbg_segmentation_provider.py","rmbg_segmentation_provider.py",".py",7193,"2026-08-25 19:17","mag"
"E:\0mcp-agv\banana-slides\backend\services\ai_providers\image\subject_extraction_provider.py","subject_extraction_provider.py",".py",567,"2026-08-25 19:17","mag"
"E:\0mcp-agv\banana-slides\backend\services\ai_providers\image\volcengine_inpainting_provider.py","volcengine_inpainting_provider.py",".py",10683,"2026-08-25 19:17","mag"
"E:\0mcp-agv\banana-slides\backend\services\ai_providers\image\__init__.py","__init__.py",".py",952,"2026-08-25 19:17","mag"
"E:\0mcp-agv\banana-slides\backend\services\image_editability\coordinate_mapper.py","coordinate_mapper.py",".py",2388,"2026-08-25 19:17","mag"
"E:\0mcp-agv\banana-slides\backend\services\image_editability\data_models.py","data_models.py",".py",4835,"2026-08-25 19:17","mag"
"E:\0mcp-agv\banana-slides\backend\services\image_editability\extractors.py","extractors.py",".py",37416,"2026-08-25 19:17","mag"
"E:\0mcp-agv\banana-slides\backend\services\image_editability\factories.py","factories.py",".py",33606,"2026-08-25 19:17","mag"
"E:\0mcp-agv\banana-slides\backend\services\image_editability\helpers.py","helpers.py",".py",6941,"2026-08-25 19:17","mag"
"E:\0mcp-agv\banana-slides\backend\services\image_editability\hybrid_extractor.py","hybrid_extractor.py",".py",19506,"2026-08-25 19:17","mag"
"E:\0mcp-agv\banana-slides\backend\services\image_editability\inpaint_providers.py","inpaint_providers.py",".py",25838,"2026-08-25 19:17","mag"
"E:\0mcp-agv\banana-slides\backend\services\image_editability\service.py","service.py",".py",21430,"2026-08-25 19:17","mag"
"E:\0mcp-agv\banana-slides\backend\services\image_editability\text_attribute_extractors.py","text_attribute_extractors.py",".py",27354,"2026-08-25 19:17","mag"
"E:\0mcp-agv\banana-slides\backend\services\image_editability\__init__.py","__init__.py",".py",3507,"2026-08-25 19:17","mag"
"E:\0mcp-agv\banana-slides\backend\tests\unit\test_backend_dockerfile_runtime.py","test_backend_dockerfile_runtime.py",".py",2001,"2026-08-25 19:17","dock"
"E:\0mcp-agv\banana-slides\backend\tests\unit\test_codex_image_retry.py","test_codex_image_retry.py",".py",6288,"2026-08-25 19:17","mag"
"E:\0mcp-agv\banana-slides\backend\tests\unit\test_image_prompt_ratio.py","test_image_prompt_ratio.py",".py",1093,"2026-08-25 19:17","mag"
"E:\0mcp-agv\banana-slides\backend\tests\unit\test_image_quality_control.py","test_image_quality_control.py",".py",9289,"2026-08-25 19:17","mag"
"E:\0mcp-agv\banana-slides\backend\tests\unit\test_lazyllm_image_content_type.py","test_lazyllm_image_content_type.py",".py",10515,"2026-08-25 19:17","mag"
"E:\0mcp-agv\banana-slides\backend\tests\unit\test_openai_image_multi_reference.py","test_openai_image_multi_reference.py",".py",5400,"2026-08-25 19:17","mag"
"E:\0mcp-agv\banana-slides\backend\tests\unit\test_openai_image_proxy_compat.py","test_openai_image_proxy_compat.py",".py",5579,"2026-08-25 19:17","mag"
"E:\0mcp-agv\banana-slides\backend\tests\unit\test_openai_image_seedream_size.py","test_openai_image_seedream_size.py",".py",6280,"2026-08-25 19:17","mag"
"E:\0mcp-agv\banana-slides\backend\tests\unit\test_pdf_image_service.py","test_pdf_image_service.py",".py",1975,"2026-08-25 19:17","mag"
"E:\0mcp-agv\banana-slides\backend\tests\unit\test_task_manager_image_prompt_fields.py","test_task_manager_image_prompt_fields.py",".py",3688,"2026-08-25 19:17","mag"
"E:\0mcp-agv\banana-slides\backend\utils\image_utils.py","image_utils.py",".py",813,"2026-08-25 19:17","mag"
"E:\0mcp-agv\banana-slides\desktop\scripts\smoke-linux-appimage.sh","smoke-linux-appimage.sh",".sh",4278,"2026-08-25 19:17","mag"
"E:\0mcp-agv\banana-slides\docker\start-backend.sh","start-backend.sh",".sh",126,"2026-08-25 19:17","dock"
"E:\0mcp-agv\banana-slides\scripts\test_docker_environment.sh","test_docker_environment.sh",".sh",9678,"2026-08-25 19:17","dock"
"E:\0mcp-agv\banana-slides\tests\docker\test_docker_environment.sh","test_docker_environment.sh",".sh",8481,"2026-08-25 19:17","dock"
"E:\0mcp-agv\complexes_best_vina\peptide_12_hydrogen_bonds_detailed.csv","peptide_12_hydrogen_bonds_detailed.csv",".csv",4210,"2026-08-27 10:21","peptide|vina"
"E:\0mcp-agv\complexes_best_vina\peptide_12_hydrogen_bonds_summary.csv","peptide_12_hydrogen_bonds_summary.csv",".csv",780,"2026-08-27 10:21","peptide|vina"
"E:\0mcp-agv\dashi-ppt-skill\examples\antigravity-mcp-demo\goal.json","goal.json",".json",160832,"2026-08-27 19:32","amp"
"E:\0mcp-agv\dashi-ppt-skill\examples\antigravity-mcp-demo\README.md","README.md",".md",2299,"2026-08-27 19:45","amp"
"E:\0mcp-agv\dashi-ppt-skill\examples\theme-samples\briefs.json","briefs.json",".json",9124,"2026-08-27 20:14","amp"
"E:\0mcp-agv\dashi-ppt-skill\examples\theme-samples\README.md","README.md",".md",3796,"2026-08-27 20:14","amp"
"E:\0mcp-agv\dashi-ppt-skill\examples\theme-samples\theme01\goal.fill-plan.json","goal.fill-plan.json",".json",19060,"2026-08-27 20:14","amp"
"E:\0mcp-agv\dashi-ppt-skill\examples\theme-samples\theme01\goal.json","goal.json",".json",1325,"2026-08-27 20:14","amp"
"E:\0mcp-agv\dashi-ppt-skill\examples\theme-samples\theme02\goal.fill-plan.json","goal.fill-plan.json",".json",18451,"2026-08-27 20:14","amp"
"E:\0mcp-agv\dashi-ppt-skill\examples\theme-samples\theme02\goal.json","goal.json",".json",1264,"2026-08-27 20:14","amp"
"E:\0mcp-agv\dashi-ppt-skill\examples\theme-samples\theme03\goal.fill-plan.json","goal.fill-plan.json",".json",25713,"2026-08-27 20:14","amp"
"E:\0mcp-agv\dashi-ppt-skill\examples\theme-samples\theme03\goal.json","goal.json",".json",1304,"2026-08-27 20:14","amp"
"E:\0mcp-agv\dashi-ppt-skill\examples\theme-samples\theme04\goal.fill-plan.json","goal.fill-plan.json",".json",21453,"2026-08-27 20:14","amp"
"E:\0mcp-agv\dashi-ppt-skill\examples\theme-samples\theme04\goal.json","goal.json",".json",1314,"2026-08-27 20:14","amp"
"E:\0mcp-agv\dashi-ppt-skill\examples\theme-samples\theme05\goal.fill-plan.json","goal.fill-plan.json",".json",22062,"2026-08-27 20:14","amp"
"E:\0mcp-agv\dashi-ppt-skill\examples\theme-samples\theme05\goal.json","goal.json",".json",1328,"2026-08-27 20:14","amp"
"E:\0mcp-agv\dashi-ppt-skill\examples\theme-samples\theme06\goal.fill-plan.json","goal.fill-plan.json",".json",28246,"2026-08-27 20:14","amp"
"E:\0mcp-agv\dashi-ppt-skill\examples\theme-samples\theme06\goal.json","goal.json",".json",1498,"2026-08-27 20:14","amp"
"E:\0mcp-agv\dashi-ppt-skill\examples\theme-samples\theme07\goal.fill-plan.json","goal.fill-plan.json",".json",22235,"2026-08-27 20:14","amp"
"E:\0mcp-agv\dashi-ppt-skill\examples\theme-samples\theme07\goal.json","goal.json",".json",1364,"2026-08-27 20:14","amp"
"E:\0mcp-agv\dashi-ppt-skill\examples\theme-samples\theme08\goal.fill-plan.json","goal.fill-plan.json",".json",18135,"2026-08-27 20:14","amp"
"E:\0mcp-agv\dashi-ppt-skill\examples\theme-samples\theme08\goal.json","goal.json",".json",1241,"2026-08-27 20:14","amp"
"E:\0mcp-agv\dashi-ppt-skill\examples\theme-samples\theme09\goal.fill-plan.json","goal.fill-plan.json",".json",17608,"2026-08-27 20:14","amp"
"E:\0mcp-agv\dashi-ppt-skill\examples\theme-samples\theme09\goal.json","goal.json",".json",1495,"2026-08-27 20:14","amp"
"E:\0mcp-agv\dashi-ppt-skill\examples\theme-samples\theme10\goal.fill-plan.json","goal.fill-plan.json",".json",13658,"2026-08-27 20:14","amp"
"E:\0mcp-agv\dashi-ppt-skill\examples\theme-samples\theme10\goal.json","goal.json",".json",1048,"2026-08-27 20:14","amp"
"E:\0mcp-agv\dashi-ppt-skill\examples\theme-samples\theme11\goal.fill-plan.json","goal.fill-plan.json",".json",28454,"2026-08-27 20:14","amp"
"E:\0mcp-agv\dashi-ppt-skill\examples\theme-samples\theme11\goal.json","goal.json",".json",1491,"2026-08-27 20:14","amp"
"E:\0mcp-agv\dashi-ppt-skill\examples\theme-samples\theme12\goal.fill-plan.json","goal.fill-plan.json",".json",20802,"2026-08-27 20:14","amp"
"E:\0mcp-agv\dashi-ppt-skill\examples\theme-samples\theme12\goal.json","goal.json",".json",1075,"2026-08-27 20:14","amp"
"E:\0mcp-agv\dashi-ppt-skill\skills\dashi-ppt\examples\build_clean_dashi_deck.py","build_clean_dashi_deck.py",".py",8027,"2026-08-27 19:32","amp"
"E:\0mcp-agv\dashi-ppt-skill\skills\dashi-ppt\examples\build_dashi_theme07_flagship.py","build_dashi_theme07_flagship.py",".py",29993,"2026-08-27 19:32","amp"
"E:\0mcp-agv\dashi-ppt-skill\skills\dashi-ppt\examples\build_exact_original_umami_deck.py","build_exact_original_umami_deck.py",".py",27257,"2026-08-27 19:32","amp"
"E:\0mcp-agv\dashi-ppt-skill\skills\dashi-ppt\examples\build_flagship_dashi_deck.py","build_flagship_dashi_deck.py",".py",26724,"2026-08-27 19:32","amp"
"E:\0mcp-agv\dashi-ppt-skill\skills\dashi-ppt\examples\antigravity-mcp-demo\goal.json","goal.json",".json",160832,"2026-08-27 19:32","amp"
"E:\0mcp-agv\dashi-ppt-skill\skills\dashi-ppt\examples\antigravity-mcp-demo\README.md","README.md",".md",2299,"2026-08-27 19:45","amp"
"E:\0mcp-agv\dashi-ppt-skill\skills\dashi-ppt\project\node_modules\.bin\image-size.ps1","image-size.ps1",".ps1",837,"2026-08-25 20:30","mag"
"E:\0mcp-agv\dashi-ppt-skill\skills\dashi-ppt\project\node_modules\html-to-image\package.json","package.json",".json",2600,"2026-08-25 20:30","mag"
"E:\0mcp-agv\dashi-ppt-skill\skills\dashi-ppt\project\node_modules\html-to-image\README.md","README.md",".md",12120,"2026-08-25 20:30","mag"
"E:\0mcp-agv\dashi-ppt-skill\skills\dashi-ppt\project\node_modules\image-size\package.json","package.json",".json",1726,"2026-08-25 20:30","mag"
"E:\0mcp-agv\dashi-ppt-skill\skills\dashi-ppt\project\node_modules\image-size\Readme.md","Readme.md",".md",4280,"2026-08-25 20:30","mag"
"E:\0mcp-agv\dashi-ppt-skill\skills\dashi-ppt\references\examples\annual-review.json","annual-review.json",".json",21201,"2026-08-25 20:26","amp"
"E:\0mcp-agv\dashi-ppt-skill\skills\dashi-ppt\references\examples\portfolio.json","portfolio.json",".json",22091,"2026-08-25 20:26","amp"
"E:\0mcp-agv\guizang-ppt-skill\examples\umami-peptide-ml\项目记录.md","项目记录.md",".md",4579,"2026-08-28 20:15","amp|peptide"
"E:\0mcp-agv\guizang-ppt-skill\output\umami-peptide-ml\项目记录.md","项目记录.md",".md",4579,"2026-08-28 20:15","peptide"
"E:\0mcp-agv\guizang-ppt-skill\references\image-prompts.md","image-prompts.md",".md",12593,"2026-08-25 17:03","mag"
"E:\0mcp-agv\guizang-ppt-skill\tools\node_modules\.bin\image-size.ps1","image-size.ps1",".ps1",837,"2026-08-28 19:48","mag"
"E:\0mcp-agv\guizang-ppt-skill\tools\node_modules\image-size\package.json","package.json",".json",1726,"2026-08-28 19:48","mag"
"E:\0mcp-agv\guizang-ppt-skill\tools\node_modules\image-size\Readme.md","Readme.md",".md",4280,"2026-08-28 19:48","mag"
"E:\0mcp-agv\nature-skills\outputs\gmail_library_amp\accumulator_state.json","accumulator_state.json",".json",130,"2026-09-11 10:35","amp"
"E:\0mcp-agv\nature-skills\outputs\gmail_library_amp\index.json","index.json",".json",3278,"2026-09-11 10:35","amp"
"E:\0mcp-agv\nature-skills\outputs\gmail_library_amp\reviews\batch_1\arta_ppt_payload.json","arta_ppt_payload.json",".json",4287,"2026-09-11 10:35","amp"
"E:\0mcp-agv\nature-skills\outputs\gmail_library_amp\reviews\batch_1\arta_synthesis_payload.json","arta_synthesis_payload.json",".json",25449,"2026-09-11 10:35","amp"
"E:\0mcp-agv\nature-skills\outputs\gmail_library_amp\reviews\batch_1\thesis_chapter1_review.md","thesis_chapter1_review.md",".md",12340,"2026-09-11 10:35","amp"
"E:\0mcp-agv\nature-skills\scripts\prepare_amp_pdfs.py","prepare_amp_pdfs.py",".py",1650,"2026-09-11 10:04","amp"
"E:\0mcp-agv\nature-skills\skills\nature-downloader\examples\carsi-retry-template.tsv","carsi-retry-template.tsv",".tsv",406,"2026-09-10 10:01","amp"
"E:\0mcp-agv\nature-skills\skills\nature-downloader\examples\manifest-template.tsv","manifest-template.tsv",".tsv",494,"2026-09-10 10:01","amp"
"E:\0mcp-agv\nature-skills\skills\nature-downloader\examples\publisher-verification-template.tsv","publisher-verification-template.tsv",".tsv",425,"2026-09-10 10:01","amp"
"E:\0mcp-agv\nature-skills\skills\nature-experiment-log\references\example-electrochemical.md","example-electrochemical.md",".md",1874,"2026-09-10 10:01","amp"
"E:\0mcp-agv\nature-skills\skills\nature-experiment-log\references\example-log.md","example-log.md",".md",2038,"2026-09-10 10:01","amp"
"E:\0mcp-agv\nature-skills\skills\nature-experiment-log\references\example-thermal-stability.md","example-thermal-stability.md",".md",1769,"2026-09-10 10:01","amp"
"E:\0mcp-agv\nature-skills\skills\nature-figure\references\openrouter-image-generation.md","openrouter-image-generation.md",".md",5928,"2026-09-10 10:01","mag"
"E:\0mcp-agv\nature-skills\skills\nature-image2ppt\config.example.yaml","config.example.yaml",".yaml",1048,"2026-09-10 10:01","amp|mag"
"E:\0mcp-agv\nature-skills\skills\nature-image2ppt\manifest.yaml","manifest.yaml",".yaml",496,"2026-09-10 10:01","mag"
"E:\0mcp-agv\nature-skills\skills\nature-image2ppt\README.md","README.md",".md",4049,"2026-09-10 10:01","mag"
"E:\0mcp-agv\nature-skills\skills\nature-image2ppt\README_EN.md","README_EN.md",".md",4447,"2026-09-10 10:01","mag"
"E:\0mcp-agv\nature-skills\skills\nature-image2ppt\requirements.txt","requirements.txt",".txt",165,"2026-09-10 10:01","mag"
"E:\0mcp-agv\nature-skills\skills\nature-image2ppt\SKILL.md","SKILL.md",".md",10346,"2026-09-10 10:01","mag"
"E:\0mcp-agv\nature-skills\skills\nature-image2ppt\agents\openai.yaml","openai.yaml",".yaml",276,"2026-09-10 10:01","mag"
"E:\0mcp-agv\nature-skills\skills\nature-image2ppt\cli\image2ppt\cli.py","cli.py",".py",723,"2026-09-10 10:01","mag"
"E:\0mcp-agv\nature-skills\skills\nature-image2ppt\cli\image2ppt\__init__.py","__init__.py",".py",23,"2026-09-10 10:01","mag"
"E:\0mcp-agv\nature-skills\skills\nature-image2ppt\cli\image2ppt\runtime\build_pptx_from_manifest.py","build_pptx_from_manifest.py",".py",56396,"2026-09-10 10:01","mag"
"E:\0mcp-agv\nature-skills\skills\nature-image2ppt\cli\image2ppt\runtime\configure_image_backend.py","configure_image_backend.py",".py",6053,"2026-09-10 10:01","mag"
"E:\0mcp-agv\nature-skills\skills\nature-image2ppt\cli\image2ppt\runtime\deck_run_state.py","deck_run_state.py",".py",5921,"2026-09-10 10:01","mag"
"E:\0mcp-agv\nature-skills\skills\nature-image2ppt\cli\image2ppt\runtime\deck_text_hints.py","deck_text_hints.py",".py",6998,"2026-09-10 10:01","mag"
"E:\0mcp-agv\nature-skills\skills\nature-image2ppt\cli\image2ppt\runtime\finalize_deck_run.py","finalize_deck_run.py",".py",3106,"2026-09-10 10:01","mag"
"E:\0mcp-agv\nature-skills\skills\nature-image2ppt\cli\image2ppt\runtime\formula_renderer.py","formula_renderer.py",".py",9126,"2026-09-10 10:01","mag"
"E:\0mcp-agv\nature-skills\skills\nature-image2ppt\cli\image2ppt\runtime\image_gen.py","image_gen.py",".py",38917,"2026-09-10 10:01","mag"
"E:\0mcp-agv\nature-skills\skills\nature-image2ppt\cli\image2ppt\runtime\main.py","main.py",".py",41374,"2026-09-10 10:01","mag"
"E:\0mcp-agv\nature-skills\skills\nature-image2ppt\cli\image2ppt\runtime\make_page_contact_sheet.py","make_page_contact_sheet.py",".py",1142,"2026-09-10 10:01","mag"
"E:\0mcp-agv\nature-skills\skills\nature-image2ppt\cli\image2ppt\runtime\paddle_text_hints.py","paddle_text_hints.py",".py",10248,"2026-09-10 10:01","mag"
"E:\0mcp-agv\nature-skills\skills\nature-image2ppt\cli\image2ppt\runtime\page_job_status.py","page_job_status.py",".py",2201,"2026-09-10 10:01","mag"
"E:\0mcp-agv\nature-skills\skills\nature-image2ppt\cli\image2ppt\runtime\page_text_metrics.py","page_text_metrics.py",".py",12203,"2026-09-10 10:01","mag"
"E:\0mcp-agv\nature-skills\skills\nature-image2ppt\cli\image2ppt\runtime\prepare_deck_run.py","prepare_deck_run.py",".py",7395,"2026-09-10 10:01","mag"
"E:\0mcp-agv\nature-skills\skills\nature-image2ppt\cli\image2ppt\runtime\process_asset_sheet.py","process_asset_sheet.py",".py",6255,"2026-09-10 10:01","mag"
"E:\0mcp-agv\nature-skills\skills\nature-image2ppt\cli\image2ppt\runtime\record_imagegen_result.py","record_imagegen_result.py",".py",6213,"2026-09-10 10:01","mag"
"E:\0mcp-agv\nature-skills\skills\nature-image2ppt\cli\image2ppt\runtime\record_page_dispatch.py","record_page_dispatch.py",".py",2941,"2026-09-10 10:01","mag"
"E:\0mcp-agv\nature-skills\skills\nature-image2ppt\cli\image2ppt\runtime\record_page_result.py","record_page_result.py",".py",4697,"2026-09-10 10:01","mag"
"E:\0mcp-agv\nature-skills\skills\nature-image2ppt\cli\image2ppt\runtime\remove_chroma_key.py","remove_chroma_key.py",".py",14299,"2026-09-10 10:01","mag"
"E:\0mcp-agv\nature-skills\skills\nature-image2ppt\cli\image2ppt\runtime\reset_page_job.py","reset_page_job.py",".py",2700,"2026-09-10 10:01","mag"
"E:\0mcp-agv\nature-skills\skills\nature-image2ppt\cli\image2ppt\runtime\runtime_env.py","runtime_env.py",".py",19558,"2026-09-10 10:01","mag"
"E:\0mcp-agv\nature-skills\skills\nature-image2ppt\cli\image2ppt\runtime\split_alpha_components.py","split_alpha_components.py",".py",9702,"2026-09-10 10:01","mag"
"E:\0mcp-agv\nature-skills\skills\nature-image2ppt\cli\image2ppt\runtime\text_hints.py","text_hints.py",".py",14606,"2026-09-10 10:01","mag"
"E:\0mcp-agv\nature-skills\skills\nature-image2ppt\cli\image2ppt\runtime\validate_pptx.py","validate_pptx.py",".py",40612,"2026-09-10 10:01","mag"
"E:\0mcp-agv\nature-skills\skills\nature-image2ppt\cli\image2ppt\runtime\_input_normalization.py","_input_normalization.py",".py",15845,"2026-09-10 10:01","mag"
"E:\0mcp-agv\nature-skills\skills\nature-image2ppt\cli\image2ppt\runtime\_page_artifacts.py","_page_artifacts.py",".py",4738,"2026-09-10 10:01","mag"
"E:\0mcp-agv\nature-skills\skills\nature-image2ppt\cli\image2ppt\runtime\__init__.py","__init__.py",".py",70,"2026-09-10 10:01","mag"
"E:\0mcp-agv\nature-skills\skills\nature-image2ppt\prompts\page-worker-base.md","page-worker-base.md",".md",7552,"2026-09-10 10:01","mag"
"E:\0mcp-agv\nature-skills\skills\nature-image2ppt\prompts\page-worker.md","page-worker.md",".md",5231,"2026-09-10 10:01","mag"
"E:\0mcp-agv\nature-skills\skills\nature-image2ppt\references\assets-provenance-contract.md","assets-provenance-contract.md",".md",2997,"2026-09-10 10:01","mag"
"E:\0mcp-agv\nature-skills\skills\nature-image2ppt\references\cli-helper.md","cli-helper.md",".md",18246,"2026-09-10 10:01","mag"
"E:\0mcp-agv\nature-skills\skills\nature-image2ppt\references\manifest-arrow-extension.md","manifest-arrow-extension.md",".md",2569,"2026-09-10 10:01","mag"
"E:\0mcp-agv\nature-skills\skills\nature-image2ppt\references\manifest-schema.md","manifest-schema.md",".md",20370,"2026-09-10 10:01","mag"
"E:\0mcp-agv\nature-skills\skills\nature-image2ppt\references\object-routing.md","object-routing.md",".md",3530,"2026-09-10 10:01","mag"
"E:\0mcp-agv\nature-skills\skills\nature-image2ppt\references\ocr-text-hints-contract.md","ocr-text-hints-contract.md",".md",3107,"2026-09-10 10:01","mag"
"E:\0mcp-agv\nature-skills\skills\nature-image2ppt\references\page-decision-tree.md","page-decision-tree.md",".md",22228,"2026-09-10 10:01","mag"
"E:\0mcp-agv\nature-skills\skills\nature-image2ppt\references\qa-contract.md","qa-contract.md",".md",5479,"2026-09-10 10:01","mag"
"E:\0mcp-agv\nature-skills\skills\nature-image2ppt\references\region-decomposition.md","region-decomposition.md",".md",6699,"2026-09-10 10:01","mag"
"E:\0mcp-agv\nature-skills\skills\nature-image2ppt\references\runtime-dependencies.md","runtime-dependencies.md",".md",2551,"2026-09-10 10:01","mag"
"E:\0mcp-agv\nature-skills\skills\nature-image2ppt\references\workflow.md","workflow.md",".md",6822,"2026-09-10 10:01","mag"
"E:\0mcp-agv\nature-skills\skills\nature-image2ppt\schemas\page-manifest-v2.schema.json","page-manifest-v2.schema.json",".json",3067,"2026-09-10 10:01","mag"
"E:\0mcp-agv\nature-skills\skills\nature-image2ppt\scripts\build_page_worker_prompt.py","build_page_worker_prompt.py",".py",4264,"2026-09-10 10:01","mag"
"E:\0mcp-agv\nature-skills\skills\nature-image2ppt\scripts\inspect_arrow_atomicity.py","inspect_arrow_atomicity.py",".py",7702,"2026-09-10 10:01","mag"
"E:\0mcp-agv\nature-skills\skills\nature-image2ppt\scripts\inspect_region_decomposition.py","inspect_region_decomposition.py",".py",18877,"2026-09-10 10:01","mag"
"E:\0mcp-agv\nature-skills\skills\nature-image2ppt\scripts\postprocess_manifest_arrows.py","postprocess_manifest_arrows.py",".py",19343,"2026-09-10 10:01","mag"
"E:\0mcp-agv\nature-skills\skills\nature-image2ppt\scripts\render_image2ppt_qa.py","render_image2ppt_qa.py",".py",11651,"2026-09-10 10:01","mag"
"E:\0mcp-agv\nature-skills\skills\nature-image2ppt\scripts\runtime_paths.py","runtime_paths.py",".py",4236,"2026-09-10 10:01","mag"
"E:\0mcp-agv\nature-skills\skills\nature-image2ppt\scripts\run_final_image2ppt_qa.py","run_final_image2ppt_qa.py",".py",9469,"2026-09-10 10:01","mag"
"E:\0mcp-agv\nature-skills\skills\nature-image2ppt\scripts\run_image2ppt_qa.py","run_image2ppt_qa.py",".py",9779,"2026-09-10 10:01","mag"
"E:\0mcp-agv\nature-skills\skills\nature-image2ppt\scripts\visual_review_evidence.py","visual_review_evidence.py",".py",5747,"2026-09-10 10:01","mag"
"E:\0mcp-agv\nature-skills\skills\nature-image2ppt\tests\support.py","support.py",".py",6726,"2026-09-10 10:01","mag"
"E:\0mcp-agv\nature-skills\skills\nature-image2ppt\tests\test_console_portability.py","test_console_portability.py",".py",1054,"2026-09-10 10:01","mag"
"E:\0mcp-agv\nature-skills\skills\nature-image2ppt\tests\test_dispatch_concurrency.py","test_dispatch_concurrency.py",".py",2995,"2026-09-10 10:01","mag"
"E:\0mcp-agv\nature-skills\skills\nature-image2ppt\tests\test_formula_renderer.py","test_formula_renderer.py",".py",3064,"2026-09-10 10:01","mag"
"E:\0mcp-agv\nature-skills\skills\nature-image2ppt\tests\test_independence.py","test_independence.py",".py",2303,"2026-09-10 10:01","mag"
"E:\0mcp-agv\nature-skills\skills\nature-image2ppt\tests\test_isolated_lifecycle.py","test_isolated_lifecycle.py",".py",9969,"2026-09-10 10:01","mag"
"E:\0mcp-agv\nature-skills\skills\nature-image2ppt\tests\test_manifest_arrows.py","test_manifest_arrows.py",".py",9030,"2026-09-10 10:01","mag"
"E:\0mcp-agv\nature-skills\skills\nature-image2ppt\tests\test_migration_parity.py","test_migration_parity.py",".py",3181,"2026-09-10 10:01","mag"
"E:\0mcp-agv\nature-skills\skills\nature-image2ppt\tests\test_multi_agent_backend.py","test_multi_agent_backend.py",".py",84786,"2026-09-10 10:01","mag"
"E:\0mcp-agv\nature-skills\skills\nature-image2ppt\tests\test_ocr_http.py","test_ocr_http.py",".py",14100,"2026-09-10 10:01","mag"
"E:\0mcp-agv\nature-skills\skills\nature-image2ppt\tests\test_page_hints.py","test_page_hints.py",".py",10924,"2026-09-10 10:01","mag"
"E:\0mcp-agv\nature-skills\skills\nature-image2ppt\tests\test_path_confinement.py","test_path_confinement.py",".py",7880,"2026-09-10 10:01","mag"
"E:\0mcp-agv\nature-skills\skills\nature-image2ppt\tests\test_pdf_backend.py","test_pdf_backend.py",".py",4524,"2026-09-10 10:01","mag"
"E:\0mcp-agv\nature-skills\skills\nature-image2ppt\tests\test_project_metadata.py","test_project_metadata.py",".py",4878,"2026-09-10 10:01","mag"
"E:\0mcp-agv\nature-skills\skills\nature-image2ppt\tests\test_quality_contracts.py","test_quality_contracts.py",".py",9520,"2026-09-10 10:01","mag"
"E:\0mcp-agv\nature-skills\skills\nature-image2ppt\tests\test_region_decomposition.py","test_region_decomposition.py",".py",6530,"2026-09-10 10:01","mag"
"E:\0mcp-agv\nature-skills\skills\nature-image2ppt\tests\test_render_guard.py","test_render_guard.py",".py",2553,"2026-09-10 10:01","mag"
"E:\0mcp-agv\nature-skills\skills\nature-image2ppt\tests\test_runtime_config.py","test_runtime_config.py",".py",2720,"2026-09-10 10:01","mag"
"E:\0mcp-agv\nature-skills\skills\nature-image2ppt\tests\test_runtime_paths.py","test_runtime_paths.py",".py",2295,"2026-09-10 10:01","mag"
"E:\0mcp-agv\nature-skills\skills\nature-image2ppt\tests\test_script_inventory.py","test_script_inventory.py",".py",2244,"2026-09-10 10:01","mag"
"E:\0mcp-agv\nature-skills\skills\nature-image2ppt\tests\test_slide_layout.py","test_slide_layout.py",".py",9808,"2026-09-10 10:01","mag"
"E:\0mcp-agv\nature-skills\skills\nature-image2ppt\tests\test_state_e2e.py","test_state_e2e.py",".py",8231,"2026-09-10 10:01","mag"
"E:\0mcp-agv\nature-skills\skills\nature-image2ppt\tests\test_structure_reconstruction.py","test_structure_reconstruction.py",".py",13150,"2026-09-10 10:01","mag"
"E:\0mcp-agv\nature-skills\skills\nature-image2ppt\tests\test_thin_profile.py","test_thin_profile.py",".py",4141,"2026-09-10 10:01","mag"
"E:\0mcp-agv\nature-skills\skills\nature-image2ppt\tests\test_visual_review_evidence.py","test_visual_review_evidence.py",".py",2414,"2026-09-10 10:01","mag"
"E:\0mcp-agv\nature-skills\skills\nature-image2ppt\tests\test_visual_review_runtime.py","test_visual_review_runtime.py",".py",3051,"2026-09-10 10:01","mag"
"E:\0mcp-agv\nature-skills\skills\nature-paper-card\static\fragments\paper_type\methods.md","methods.md",".md",873,"2026-09-10 10:01","method"
"E:\0mcp-agv\nature-skills\skills\nature-paper2ppt\static\fragments\paper_type\methods.md","methods.md",".md",1275,"2026-09-10 10:01","method"
"E:\0mcp-agv\nature-skills\skills\nature-polishing\static\fragments\paper_type\methods.md","methods.md",".md",806,"2026-09-10 10:01","method"
"E:\0mcp-agv\nature-skills\skills\nature-polishing\static\fragments\section\methods.md","methods.md",".md",815,"2026-09-10 10:01","method"
"E:\0mcp-agv\nature-skills\skills\nature-proposal-writer\references\review-critique-methodology.md","review-critique-methodology.md",".md",8286,"2026-09-10 10:01","method"
"E:\0mcp-agv\nature-skills\skills\nature-proposal-writer\references\worked-example-quaternary-proposal.md","worked-example-quaternary-proposal.md",".md",3596,"2026-09-10 10:01","amp"
"E:\0mcp-agv\nature-skills\skills\nature-response\examples\conflicting-reviewers.md","conflicting-reviewers.md",".md",1882,"2026-09-10 10:01","amp"
"E:\0mcp-agv\nature-skills\skills\nature-response\examples\major-revision-with-missing-evidence.md","major-revision-with-missing-evidence.md",".md",1502,"2026-09-10 10:01","amp"
"E:\0mcp-agv\nature-skills\skills\nature-response\examples\minor-revision.md","minor-revision.md",".md",1848,"2026-09-10 10:01","amp"
"E:\0mcp-agv\nature-skills\skills\nature-writing\references\method.md","method.md",".md",7102,"2026-09-10 10:01","method"
"E:\0mcp-agv\nature-skills\skills\nature-writing\references\examples\abstract-examples.md","abstract-examples.md",".md",875,"2026-09-10 10:01","amp"
"E:\0mcp-agv\nature-skills\skills\nature-writing\references\examples\index.md","index.md",".md",2402,"2026-09-10 10:01","amp"
"E:\0mcp-agv\nature-skills\skills\nature-writing\references\examples\introduction-examples.md","introduction-examples.md",".md",1544,"2026-09-10 10:01","amp"
"E:\0mcp-agv\nature-skills\skills\nature-writing\references\examples\method-examples.md","method-examples.md",".md",1028,"2026-09-10 10:01","amp|method"
"E:\0mcp-agv\nature-skills\skills\nature-writing\references\examples\abstract\template-a.md","template-a.md",".md",950,"2026-09-10 10:01","amp"
"E:\0mcp-agv\nature-skills\skills\nature-writing\references\examples\abstract\template-b.md","template-b.md",".md",3265,"2026-09-10 10:01","amp"
"E:\0mcp-agv\nature-skills\skills\nature-writing\references\examples\abstract\template-c.md","template-c.md",".md",1750,"2026-09-10 10:01","amp"
"E:\0mcp-agv\nature-skills\skills\nature-writing\references\examples\introduction\novel-task-challenge-decomposition.md","novel-task-challenge-decomposition.md",".md",1550,"2026-09-10 10:01","amp"
"E:\0mcp-agv\nature-skills\skills\nature-writing\references\examples\introduction\pipeline-not-recommended-abstract-only.md","pipeline-not-recommended-abstract-only.md",".md",2976,"2026-09-10 10:01","amp"
"E:\0mcp-agv\nature-skills\skills\nature-writing\references\examples\introduction\pipeline-version-1-one-contribution-multi-advantages.md","pipeline-version-1-one-contribution-multi-advantages.md",".md",2039,"2026-09-10 10:01","amp"
"E:\0mcp-agv\nature-skills\skills\nature-writing\references\examples\introduction\pipeline-version-2-two-contributions.md","pipeline-version-2-two-contributions.md",".md",2049,"2026-09-10 10:01","amp"
"E:\0mcp-agv\nature-skills\skills\nature-writing\references\examples\introduction\pipeline-version-3-new-module-on-existing-pipeline.md","pipeline-version-3-new-module-on-existing-pipeline.md",".md",1514,"2026-09-10 10:01","amp"
"E:\0mcp-agv\nature-skills\skills\nature-writing\references\examples\introduction\pipeline-version-4-observation-driven.md","pipeline-version-4-observation-driven.md",".md",1441,"2026-09-10 10:01","amp"
"E:\0mcp-agv\nature-skills\skills\nature-writing\references\examples\introduction\technical-challenge-version-1-existing-task.md","technical-challenge-version-1-existing-task.md",".md",2690,"2026-09-10 10:01","amp"
"E:\0mcp-agv\nature-skills\skills\nature-writing\references\examples\introduction\technical-challenge-version-2-existing-task-insight-backed-by-traditional.md","technical-challenge-version-2-existing-task-insight-backed-by-traditional.md",".md",3848,"2026-09-10 10:01","amp"
"E:\0mcp-agv\nature-skills\skills\nature-writing\references\examples\introduction\technical-challenge-version-3-novel-task.md","technical-challenge-version-3-novel-task.md",".md",1629,"2026-09-10 10:01","amp"
"E:\0mcp-agv\nature-skills\skills\nature-writing\references\examples\introduction\version-1-task-then-application.md","version-1-task-then-application.md",".md",727,"2026-09-10 10:01","amp"
"E:\0mcp-agv\nature-skills\skills\nature-writing\references\examples\introduction\version-2-application-first.md","version-2-application-first.md",".md",405,"2026-09-10 10:01","amp"
"E:\0mcp-agv\nature-skills\skills\nature-writing\references\examples\introduction\version-3-general-to-specific-setting.md","version-3-general-to-specific-setting.md",".md",847,"2026-09-10 10:01","amp"
"E:\0mcp-agv\nature-skills\skills\nature-writing\references\examples\introduction\version-4-open-with-challenge.md","version-4-open-with-challenge.md",".md",1753,"2026-09-10 10:01","amp"
"E:\0mcp-agv\nature-skills\skills\nature-writing\references\examples\method\example-of-the-three-elements.md","example-of-the-three-elements.md",".md",7440,"2026-09-10 10:01","amp|method"
"E:\0mcp-agv\nature-skills\skills\nature-writing\references\examples\method\method-writing-common-issues-note.md","method-writing-common-issues-note.md",".md",355,"2026-09-10 10:01","amp|method"
"E:\0mcp-agv\nature-skills\skills\nature-writing\references\examples\method\module-design-instant-ngp.md","module-design-instant-ngp.md",".md",4557,"2026-09-10 10:01","amp|method"
"E:\0mcp-agv\nature-skills\skills\nature-writing\references\examples\method\module-motivation-patterns.md","module-motivation-patterns.md",".md",410,"2026-09-10 10:01","amp|method"
"E:\0mcp-agv\nature-skills\skills\nature-writing\references\examples\method\module-triad-neural-body.md","module-triad-neural-body.md",".md",763,"2026-09-10 10:01","amp|method"
"E:\0mcp-agv\nature-skills\skills\nature-writing\references\examples\method\neural-body-annotated-figure-text.md","neural-body-annotated-figure-text.md",".md",2845,"2026-09-10 10:01","amp|method"
"E:\0mcp-agv\nature-skills\skills\nature-writing\references\examples\method\overview-template.md","overview-template.md",".md",2054,"2026-09-10 10:01","amp|method"
"E:\0mcp-agv\nature-skills\skills\nature-writing\references\examples\method\pre-writing-questions.md","pre-writing-questions.md",".md",479,"2026-09-10 10:01","amp|method"
"E:\0mcp-agv\nature-skills\skills\nature-writing\references\examples\method\section-skeleton.md","section-skeleton.md",".md",110,"2026-09-10 10:01","amp|method"
"E:\0mcp-agv\nature-skills\skills\nature-writing\static\fragments\paper_type\methods.md","methods.md",".md",1241,"2026-09-10 10:01","method"
"E:\0mcp-agv\nature-skills\skills\nature-writing\static\fragments\section\method.md","method.md",".md",1365,"2026-09-10 10:01","method"
"E:\0mcp-agv\output_dashi_umami\ppt\.image-slots.state.json",".image-slots.state.json",".json",3,"2026-08-25 20:47","mag"
"E:\0mcp-agv\ppt-master\examples\README.md","README.md",".md",2182,"2026-08-29 15:14","amp"
"E:\0mcp-agv\ppt-master\examples\示例_design_spec.md","示例_design_spec.md",".md",21424,"2026-08-29 09:26","amp"
"E:\0mcp-agv\ppt-master\projects\umami18pt_ppt169_20260829\analysis\image_analysis.csv","image_analysis.csv",".csv",415,"2026-08-29 15:01","mag"
"E:\0mcp-agv\ppt-master\projects\umami_peptides_academic\notes\01_cover.md","01_cover.md",".md",99,"2026-08-25 19:57","peptide"
"E:\0mcp-agv\ppt-master\projects\umami_peptides_academic\notes\02_background.md","02_background.md",".md",97,"2026-08-25 19:57","peptide"
"E:\0mcp-agv\ppt-master\projects\umami_peptides_academic\notes\03_pipeline.md","03_pipeline.md",".md",93,"2026-08-25 19:57","peptide"
"E:\0mcp-agv\ppt-master\projects\umami_peptides_academic\notes\04_kpi.md","04_kpi.md",".md",64,"2026-08-25 19:57","peptide"
"E:\0mcp-agv\ppt-master\projects\umami_peptides_academic\notes\05_docking.md","05_docking.md",".md",78,"2026-08-25 19:57","peptide|dock"
"E:\0mcp-agv\ppt-master\projects\umami_peptides_academic\notes\06_applications.md","06_applications.md",".md",96,"2026-08-25 19:57","peptide"
"E:\0mcp-agv\ppt-master\projects\umami_peptides_academic\notes\07_takeaways.md","07_takeaways.md",".md",47,"2026-08-25 19:57","peptide"
"E:\0mcp-agv\ppt-master\projects\umami_peptides_academic\validation\svg_quality_report.json","svg_quality_report.json",".json",13095,"2026-08-25 19:57","peptide"
"E:\0mcp-agv\ppt-master\projects\umami_peptides_academic\validation\机器学习筛选鲜味肽_PPTMaster.report.json","机器学习筛选鲜味肽_PPTMaster.report.json",".json",5194,"2026-08-25 19:57","peptide"
"E:\0mcp-agv\ppt-master\skills\ppt-master\examples\示例_design_spec.md","示例_design_spec.md",".md",21424,"2026-08-29 09:26","amp"
"E:\0mcp-agv\ppt-master\skills\ppt-master\references\executor-image.md","executor-image.md",".md",8885,"2026-08-25 16:22","mag"
"E:\0mcp-agv\ppt-master\skills\ppt-master\references\executor-web-image.md","executor-web-image.md",".md",2481,"2026-08-25 16:22","mag"
"E:\0mcp-agv\ppt-master\skills\ppt-master\references\image-base.md","image-base.md",".md",11970,"2026-08-25 16:22","mag"
"E:\0mcp-agv\ppt-master\skills\ppt-master\references\image-generator.md","image-generator.md",".md",75329,"2026-08-25 16:22","mag"
"E:\0mcp-agv\ppt-master\skills\ppt-master\references\image-layout-patterns.md","image-layout-patterns.md",".md",26932,"2026-08-25 16:22","mag"
"E:\0mcp-agv\ppt-master\skills\ppt-master\references\image-layout-spec.md","image-layout-spec.md",".md",10722,"2026-08-25 16:22","mag"
"E:\0mcp-agv\ppt-master\skills\ppt-master\references\image-searcher.md","image-searcher.md",".md",31016,"2026-08-25 16:22","mag"
"E:\0mcp-agv\ppt-master\skills\ppt-master\references\strategist-image.md","strategist-image.md",".md",15630,"2026-08-25 16:22","mag"
"E:\0mcp-agv\ppt-master\skills\ppt-master\references\svg-image-embedding.md","svg-image-embedding.md",".md",11610,"2026-08-25 16:22","mag"
"E:\0mcp-agv\ppt-master\skills\ppt-master\references\ai-image-comparison\README.md","README.md",".md",4437,"2026-08-25 16:22","mag"
"E:\0mcp-agv\ppt-master\skills\ppt-master\references\ai-image-comparison\palette\_manifest.json","_manifest.json",".json",16738,"2026-08-25 16:22","mag"
"E:\0mcp-agv\ppt-master\skills\ppt-master\references\ai-image-comparison\palette\_manifest.md","_manifest.md",".md",16409,"2026-08-25 16:22","mag"
"E:\0mcp-agv\ppt-master\skills\ppt-master\references\ai-image-comparison\palette\_subject.md","_subject.md",".md",3137,"2026-08-25 16:22","mag"
"E:\0mcp-agv\ppt-master\skills\ppt-master\references\ai-image-comparison\rendering\_manifest.json","_manifest.json",".json",24327,"2026-08-25 16:22","mag"
"E:\0mcp-agv\ppt-master\skills\ppt-master\references\ai-image-comparison\rendering\_manifest.md","_manifest.md",".md",24175,"2026-08-25 16:22","mag"
"E:\0mcp-agv\ppt-master\skills\ppt-master\references\ai-image-comparison\rendering\_subject.md","_subject.md",".md",1843,"2026-08-25 16:22","mag"
"E:\0mcp-agv\ppt-master\skills\ppt-master\references\ai-image-comparison\type\_manifest.json","_manifest.json",".json",15467,"2026-08-25 16:22","mag"
"E:\0mcp-agv\ppt-master\skills\ppt-master\references\ai-image-comparison\type\_manifest.md","_manifest.md",".md",15291,"2026-08-25 16:22","mag"
"E:\0mcp-agv\ppt-master\skills\ppt-master\references\ai-image-comparison\type\_subject.md","_subject.md",".md",3185,"2026-08-25 16:22","mag"
"E:\0mcp-agv\ppt-master\skills\ppt-master\references\image-palettes\cool-corporate.md","cool-corporate.md",".md",1723,"2026-08-25 16:22","mag"
"E:\0mcp-agv\ppt-master\skills\ppt-master\references\image-palettes\dark-cinematic.md","dark-cinematic.md",".md",2045,"2026-08-25 16:22","mag"
"E:\0mcp-agv\ppt-master\skills\ppt-master\references\image-palettes\duotone.md","duotone.md",".md",1522,"2026-08-25 16:22","mag"
"E:\0mcp-agv\ppt-master\skills\ppt-master\references\image-palettes\earthy-dusty.md","earthy-dusty.md",".md",1923,"2026-08-25 16:22","mag"
"E:\0mcp-agv\ppt-master\skills\ppt-master\references\image-palettes\editorial-classic.md","editorial-classic.md",".md",1495,"2026-08-25 16:22","mag"
"E:\0mcp-agv\ppt-master\skills\ppt-master\references\image-palettes\frost-ice.md","frost-ice.md",".md",1699,"2026-08-25 16:22","mag"
"E:\0mcp-agv\ppt-master\skills\ppt-master\references\image-palettes\jewel-tone.md","jewel-tone.md",".md",1818,"2026-08-25 16:22","mag"
"E:\0mcp-agv\ppt-master\skills\ppt-master\references\image-palettes\macaron.md","macaron.md",".md",1703,"2026-08-25 16:22","mag"
"E:\0mcp-agv\ppt-master\skills\ppt-master\references\image-palettes\mono-ink.md","mono-ink.md",".md",2619,"2026-08-25 16:22","mag"
"E:\0mcp-agv\ppt-master\skills\ppt-master\references\image-palettes\nature-organic.md","nature-organic.md",".md",1361,"2026-08-25 16:22","mag"
"E:\0mcp-agv\ppt-master\skills\ppt-master\references\image-palettes\sunset-gradient.md","sunset-gradient.md",".md",2221,"2026-08-25 16:22","mag"
"E:\0mcp-agv\ppt-master\skills\ppt-master\references\image-palettes\tech-neon.md","tech-neon.md",".md",1575,"2026-08-25 16:22","mag"
"E:\0mcp-agv\ppt-master\skills\ppt-master\references\image-palettes\vivid-launch.md","vivid-launch.md",".md",1504,"2026-08-25 16:22","mag"
"E:\0mcp-agv\ppt-master\skills\ppt-master\references\image-palettes\warm-earth.md","warm-earth.md",".md",1714,"2026-08-25 16:22","mag"
"E:\0mcp-agv\ppt-master\skills\ppt-master\references\image-palettes\_index.md","_index.md",".md",2404,"2026-08-25 16:22","mag"
"E:\0mcp-agv\ppt-master\skills\ppt-master\references\image-renderings\3d-isometric.md","3d-isometric.md",".md",2771,"2026-08-25 16:22","mag"
"E:\0mcp-agv\ppt-master\skills\ppt-master\references\image-renderings\blueprint.md","blueprint.md",".md",2700,"2026-08-25 16:22","mag"
"E:\0mcp-agv\ppt-master\skills\ppt-master\references\image-renderings\chalkboard.md","chalkboard.md",".md",2635,"2026-08-25 16:22","mag"
"E:\0mcp-agv\ppt-master\skills\ppt-master\references\image-renderings\corporate-photo.md","corporate-photo.md",".md",3531,"2026-08-25 16:22","mag"
"E:\0mcp-agv\ppt-master\skills\ppt-master\references\image-renderings\digital-dashboard.md","digital-dashboard.md",".md",2685,"2026-08-25 16:22","mag"
"E:\0mcp-agv\ppt-master\skills\ppt-master\references\image-renderings\editorial.md","editorial.md",".md",2638,"2026-08-25 16:22","mag"
"E:\0mcp-agv\ppt-master\skills\ppt-master\references\image-renderings\fantasy-animation.md","fantasy-animation.md",".md",2791,"2026-08-25 16:22","mag"
"E:\0mcp-agv\ppt-master\skills\ppt-master\references\image-renderings\flat.md","flat.md",".md",2412,"2026-08-25 16:22","mag"
"E:\0mcp-agv\ppt-master\skills\ppt-master\references\image-renderings\glassmorphism.md","glassmorphism.md",".md",3218,"2026-08-25 16:22","mag"
"E:\0mcp-agv\ppt-master\skills\ppt-master\references\image-renderings\ink-notes.md","ink-notes.md",".md",3398,"2026-08-25 16:22","mag"
"E:\0mcp-agv\ppt-master\skills\ppt-master\references\image-renderings\minimalist-swiss.md","minimalist-swiss.md",".md",2937,"2026-08-25 16:22","mag"
"E:\0mcp-agv\ppt-master\skills\ppt-master\references\image-renderings\nature.md","nature.md",".md",2841,"2026-08-25 16:22","mag"
"E:\0mcp-agv\ppt-master\skills\ppt-master\references\image-renderings\paper-cut.md","paper-cut.md",".md",2796,"2026-08-25 16:22","mag"
"E:\0mcp-agv\ppt-master\skills\ppt-master\references\image-renderings\pixel-art.md","pixel-art.md",".md",2571,"2026-08-25 16:22","mag"
"E:\0mcp-agv\ppt-master\skills\ppt-master\references\image-renderings\screen-print.md","screen-print.md",".md",2890,"2026-08-25 16:22","mag"
"E:\0mcp-agv\ppt-master\skills\ppt-master\references\image-renderings\sketch-notes.md","sketch-notes.md",".md",3034,"2026-08-25 16:22","mag"
"E:\0mcp-agv\ppt-master\skills\ppt-master\references\image-renderings\vector-illustration.md","vector-illustration.md",".md",2944,"2026-08-25 16:22","mag"
"E:\0mcp-agv\ppt-master\skills\ppt-master\references\image-renderings\vintage-poster.md","vintage-poster.md",".md",3012,"2026-08-25 16:22","mag"
"E:\0mcp-agv\ppt-master\skills\ppt-master\references\image-renderings\warm-scene.md","warm-scene.md",".md",3027,"2026-08-25 16:22","mag"
"E:\0mcp-agv\ppt-master\skills\ppt-master\references\image-renderings\watercolor.md","watercolor.md",".md",2491,"2026-08-25 16:22","mag"
"E:\0mcp-agv\ppt-master\skills\ppt-master\references\image-renderings\_index.md","_index.md",".md",9208,"2026-08-25 16:22","mag"
"E:\0mcp-agv\ppt-master\skills\ppt-master\references\image-type-templates\comparison.md","comparison.md",".md",3589,"2026-08-25 16:22","mag"
"E:\0mcp-agv\ppt-master\skills\ppt-master\references\image-type-templates\cycle.md","cycle.md",".md",3365,"2026-08-25 16:22","mag"
"E:\0mcp-agv\ppt-master\skills\ppt-master\references\image-type-templates\flowchart.md","flowchart.md",".md",2986,"2026-08-25 16:22","mag"
"E:\0mcp-agv\ppt-master\skills\ppt-master\references\image-type-templates\framework.md","framework.md",".md",4795,"2026-08-25 16:22","mag"
"E:\0mcp-agv\ppt-master\skills\ppt-master\references\image-type-templates\funnel.md","funnel.md",".md",3837,"2026-08-25 16:22","mag"
"E:\0mcp-agv\ppt-master\skills\ppt-master\references\image-type-templates\infographic.md","infographic.md",".md",3598,"2026-08-25 16:22","mag"
"E:\0mcp-agv\ppt-master\skills\ppt-master\references\image-type-templates\map.md","map.md",".md",3966,"2026-08-25 16:22","mag"
"E:\0mcp-agv\ppt-master\skills\ppt-master\references\image-type-templates\matrix.md","matrix.md",".md",3728,"2026-08-25 16:22","mag"
"E:\0mcp-agv\ppt-master\skills\ppt-master\references\image-type-templates\pyramid.md","pyramid.md",".md",3521,"2026-08-25 16:22","mag"
"E:\0mcp-agv\ppt-master\skills\ppt-master\references\image-type-templates\scene.md","scene.md",".md",3535,"2026-08-25 16:22","mag"
"E:\0mcp-agv\ppt-master\skills\ppt-master\references\image-type-templates\timeline.md","timeline.md",".md",2901,"2026-08-25 16:22","mag"
"E:\0mcp-agv\ppt-master\skills\ppt-master\references\image-type-templates\_index.md","_index.md",".md",6321,"2026-08-25 16:22","mag"
"E:\0mcp-agv\ppt-master\skills\ppt-master\scripts\analyze_images.py","analyze_images.py",".py",17424,"2026-08-25 16:22","mag"
"E:\0mcp-agv\ppt-master\skills\ppt-master\scripts\generate_examples_index.py","generate_examples_index.py",".py",9940,"2026-08-29 09:11","amp"
"E:\0mcp-agv\ppt-master\skills\ppt-master\scripts\image_gen.py","image_gen.py",".py",53805,"2026-08-25 16:22","mag"
"E:\0mcp-agv\ppt-master\skills\ppt-master\scripts\image_search.py","image_search.py",".py",96534,"2026-08-25 16:22","mag"
"E:\0mcp-agv\ppt-master\skills\ppt-master\scripts\image_treat.py","image_treat.py",".py",19614,"2026-08-25 16:22","mag"
"E:\0mcp-agv\ppt-master\skills\ppt-master\scripts\rotate_images.py","rotate_images.py",".py",29107,"2026-08-25 16:22","mag"
"E:\0mcp-agv\ppt-master\skills\ppt-master\scripts\slice_images.py","slice_images.py",".py",23607,"2026-08-25 16:22","mag"
"E:\0mcp-agv\ppt-master\skills\ppt-master\scripts\docs\advanced-image-motion-smoke.md","advanced-image-motion-smoke.md",".md",13081,"2026-08-25 16:22","mag"
"E:\0mcp-agv\ppt-master\skills\ppt-master\scripts\docs\image.md","image.md",".md",16526,"2026-08-25 16:22","mag"
"E:\0mcp-agv\ppt-master\skills\ppt-master\scripts\image_backends\backend_bfl.py","backend_bfl.py",".py",7072,"2026-08-25 16:22","mag"
"E:\0mcp-agv\ppt-master\skills\ppt-master\scripts\image_backends\backend_common.py","backend_common.py",".py",16625,"2026-08-25 16:22","mag"
"E:\0mcp-agv\ppt-master\skills\ppt-master\scripts\image_backends\backend_fal.py","backend_fal.py",".py",5979,"2026-08-25 16:22","mag"
"E:\0mcp-agv\ppt-master\skills\ppt-master\scripts\image_backends\backend_gemini.py","backend_gemini.py",".py",13212,"2026-08-25 16:22","mag"
"E:\0mcp-agv\ppt-master\skills\ppt-master\scripts\image_backends\backend_ideogram.py","backend_ideogram.py",".py",6085,"2026-08-25 16:22","mag"
"E:\0mcp-agv\ppt-master\skills\ppt-master\scripts\image_backends\backend_minimax.py","backend_minimax.py",".py",8852,"2026-08-25 16:22","mag"
"E:\0mcp-agv\ppt-master\skills\ppt-master\scripts\image_backends\backend_modelscope.py","backend_modelscope.py",".py",6603,"2026-08-25 16:22","mag"
"E:\0mcp-agv\ppt-master\skills\ppt-master\scripts\image_backends\backend_openai.py","backend_openai.py",".py",28916,"2026-08-25 16:22","mag"
"E:\0mcp-agv\ppt-master\skills\ppt-master\scripts\image_backends\backend_openrouter.py","backend_openrouter.py",".py",8423,"2026-08-25 16:22","mag"
"E:\0mcp-agv\ppt-master\skills\ppt-master\scripts\image_backends\backend_qwen.py","backend_qwen.py",".py",7558,"2026-08-25 16:22","mag"
"E:\0mcp-agv\ppt-master\skills\ppt-master\scripts\image_backends\backend_replicate.py","backend_replicate.py",".py",7326,"2026-08-25 16:22","mag"
"E:\0mcp-agv\ppt-master\skills\ppt-master\scripts\image_backends\backend_siliconflow.py","backend_siliconflow.py",".py",6256,"2026-08-25 16:22","mag"
"E:\0mcp-agv\ppt-master\skills\ppt-master\scripts\image_backends\backend_stability.py","backend_stability.py",".py",6010,"2026-08-25 16:22","mag"
"E:\0mcp-agv\ppt-master\skills\ppt-master\scripts\image_backends\backend_volcengine.py","backend_volcengine.py",".py",6930,"2026-08-25 16:22","mag"
"E:\0mcp-agv\ppt-master\skills\ppt-master\scripts\image_backends\backend_zhipu.py","backend_zhipu.py",".py",6656,"2026-08-25 16:22","mag"
"E:\0mcp-agv\ppt-master\skills\ppt-master\scripts\image_backends\__init__.py","__init__.py",".py",58,"2026-08-25 16:22","mag"
"E:\0mcp-agv\ppt-master\skills\ppt-master\scripts\image_sources\provider_common.py","provider_common.py",".py",21856,"2026-08-25 16:22","mag"
"E:\0mcp-agv\ppt-master\skills\ppt-master\scripts\image_sources\provider_openverse.py","provider_openverse.py",".py",5077,"2026-08-25 16:22","mag"
"E:\0mcp-agv\ppt-master\skills\ppt-master\scripts\image_sources\provider_pexels.py","provider_pexels.py",".py",4366,"2026-08-25 16:22","mag"
"E:\0mcp-agv\ppt-master\skills\ppt-master\scripts\image_sources\provider_pixabay.py","provider_pixabay.py",".py",4541,"2026-08-25 16:22","mag"
"E:\0mcp-agv\ppt-master\skills\ppt-master\scripts\image_sources\provider_wikimedia.py","provider_wikimedia.py",".py",7009,"2026-08-25 16:22","mag"
"E:\0mcp-agv\ppt-master\skills\ppt-master\scripts\image_sources\__init__.py","__init__.py",".py",332,"2026-08-25 16:22","mag"
"E:\0mcp-agv\ppt-master\skills\ppt-master\scripts\svg_finalize\align_embed_images.py","align_embed_images.py",".py",24877,"2026-08-25 16:22","mag"
"E:\0mcp-agv\ppt-master\skills\ppt-master\scripts\svg_finalize\crop_images.py","crop_images.py",".py",12603,"2026-08-25 16:22","mag"
"E:\0mcp-agv\ppt-master\skills\ppt-master\scripts\svg_finalize\embed_images.py","embed_images.py",".py",11237,"2026-08-25 16:22","mag"
"E:\0mcp-agv\ppt-master\skills\ppt-master\scripts\svg_finalize\fix_image_aspect.py","fix_image_aspect.py",".py",14263,"2026-08-25 16:22","mag"
"E:\0mcp-agv\ppt-master\skills\ppt-master\templates\decks\umami-peptide-ml\templates\design_spec.md","design_spec.md",".md",4439,"2026-08-29 09:26","peptide"
"E:\0mcp-agv\ppt-master\skills\ppt-master\workflows\profiles\image-to-pptx.md","image-to-pptx.md",".md",19975,"2026-08-25 16:22","mag"
"E:\0mcp-agv\ppt-master\skills\ppt-master\workflows\stages\web-image-review.md","web-image-review.md",".md",4136,"2026-08-25 16:22","mag"
"E:\0mcp-agv\PPTist\node_modules\.bin\image-size.ps1","image-size.ps1",".ps1",837,"2026-08-25 20:47","mag"
"E:\0mcp-agv\PPTist\node_modules\@typescript-eslint\eslint-plugin\docs\rules\class-methods-use-this.md","class-methods-use-this.md",".md",2711,"2026-08-25 20:47","method"
"E:\0mcp-agv\PPTist\node_modules\@typescript-eslint\eslint-plugin\docs\rules\method-signature-style.md","method-signature-style.md",".md",2801,"2026-08-25 20:47","method"
"E:\0mcp-agv\PPTist\node_modules\@typescript-eslint\eslint-plugin\docs\rules\no-magic-numbers.md","no-magic-numbers.md",".md",3500,"2026-08-25 20:47","mag"
"E:\0mcp-agv\PPTist\node_modules\@typescript-eslint\eslint-plugin\docs\rules\unbound-method.md","unbound-method.md",".md",3316,"2026-08-25 20:47","method"
"E:\0mcp-agv\PPTist\node_modules\html-to-image\package.json","package.json",".json",2600,"2026-08-25 20:47","mag"
"E:\0mcp-agv\PPTist\node_modules\html-to-image\README.md","README.md",".md",12120,"2026-08-25 20:47","mag"
"E:\0mcp-agv\PPTist\node_modules\image-size\package.json","package.json",".json",1726,"2026-08-25 20:47","mag"
"E:\0mcp-agv\PPTist\node_modules\image-size\Readme.md","Readme.md",".md",4280,"2026-08-25 20:47","mag"
"E:\0mcp-agv\PPTist\node_modules\jsonparse\samplejson\basic.json","basic.json",".json",4364,"2026-08-25 20:47","amp"
"E:\0mcp-agv\PPTist\node_modules\jsonparse\samplejson\basic2.json","basic2.json",".json",4591,"2026-08-25 20:47","amp"
"E:\0mcp-agv\PPTist\node_modules\JSONStream\test\fixtures\couch_sample.json","couch_sample.json",".json",561,"2026-08-25 20:47","amp"
"E:\0mcp-agv\PPTist\node_modules\magic-string\package.json","package.json",".json",1840,"2026-08-25 20:47","mag"
"E:\0mcp-agv\PPTist\node_modules\magic-string\README.md","README.md",".md",12608,"2026-08-25 20:47","mag"
"E:\0mcp-agv\scipilot-figure-skill\.venv\Lib\site-packages\adodbapi\examples\db_print.py","db_print.py",".py",2288,"2026-08-25 20:48","amp"
"E:\0mcp-agv\scipilot-figure-skill\.venv\Lib\site-packages\adodbapi\examples\db_table_names.py","db_table_names.py",".py",526,"2026-08-25 20:48","amp"
"E:\0mcp-agv\scipilot-figure-skill\.venv\Lib\site-packages\adodbapi\examples\xls_read.py","xls_read.py",".py",1131,"2026-08-25 20:48","amp"
"E:\0mcp-agv\scipilot-figure-skill\.venv\Lib\site-packages\adodbapi\examples\xls_write.py","xls_write.py",".py",1463,"2026-08-25 20:48","amp"
"E:\0mcp-agv\scipilot-figure-skill\.venv\Lib\site-packages\isapi\samples\advanced.py","advanced.py",".py",8124,"2026-08-25 20:48","amp"
"E:\0mcp-agv\scipilot-figure-skill\.venv\Lib\site-packages\isapi\samples\README.txt","README.txt",".txt",1023,"2026-08-25 20:48","amp"
"E:\0mcp-agv\scipilot-figure-skill\.venv\Lib\site-packages\isapi\samples\redirector.py","redirector.py",".py",4587,"2026-08-25 20:48","amp"
"E:\0mcp-agv\scipilot-figure-skill\.venv\Lib\site-packages\isapi\samples\redirector_asynch.py","redirector_asynch.py",".py",2812,"2026-08-25 20:48","amp"
"E:\0mcp-agv\scipilot-figure-skill\.venv\Lib\site-packages\isapi\samples\redirector_with_filter.py","redirector_with_filter.py",".py",6574,"2026-08-25 20:48","amp"
"E:\0mcp-agv\scipilot-figure-skill\.venv\Lib\site-packages\isapi\samples\test.py","test.py",".py",6513,"2026-08-25 20:48","amp"
"E:\0mcp-agv\scipilot-figure-skill\.venv\Lib\site-packages\matplotlib\image.py","image.py",".py",73466,"2026-08-25 20:50","mag"
"E:\0mcp-agv\scipilot-figure-skill\.venv\Lib\site-packages\matplotlib\streamplot.py","streamplot.py",".py",26778,"2026-08-25 20:50","amp"
"E:\0mcp-agv\scipilot-figure-skill\.venv\Lib\site-packages\matplotlib\mpl-data\sample_data\data_x_x2_x3.csv","data_x_x2_x3.csv",".csv",132,"2026-08-25 20:50","amp"
"E:\0mcp-agv\scipilot-figure-skill\.venv\Lib\site-packages\matplotlib\mpl-data\sample_data\msft.csv","msft.csv",".csv",3211,"2026-08-25 20:50","amp"
"E:\0mcp-agv\scipilot-figure-skill\.venv\Lib\site-packages\matplotlib\mpl-data\sample_data\README.txt","README.txt",".txt",128,"2026-08-25 20:50","amp"
"E:\0mcp-agv\scipilot-figure-skill\.venv\Lib\site-packages\matplotlib\mpl-data\sample_data\Stocks.csv","Stocks.csv",".csv",67924,"2026-08-25 20:50","amp"
"E:\0mcp-agv\scipilot-figure-skill\.venv\Lib\site-packages\matplotlib\tests\test_compare_images.py","test_compare_images.py",".py",4592,"2026-08-25 20:50","mag"
"E:\0mcp-agv\scipilot-figure-skill\.venv\Lib\site-packages\matplotlib\tests\test_image.py","test_image.py",".py",72399,"2026-08-25 20:50","mag"
"E:\0mcp-agv\scipilot-figure-skill\.venv\Lib\site-packages\matplotlib\tests\test_streamplot.py","test_streamplot.py",".py",8150,"2026-08-25 20:50","amp"
"E:\0mcp-agv\scipilot-figure-skill\.venv\Lib\site-packages\numpy\random\_examples\cffi\extending.py","extending.py",".py",928,"2026-08-25 20:49","amp"
"E:\0mcp-agv\scipilot-figure-skill\.venv\Lib\site-packages\numpy\random\_examples\cffi\parse.py","parse.py",".py",1803,"2026-08-25 20:49","amp"
"E:\0mcp-agv\scipilot-figure-skill\.venv\Lib\site-packages\numpy\random\_examples\numba\extending.py","extending.py",".py",2045,"2026-08-25 20:49","amp"
"E:\0mcp-agv\scipilot-figure-skill\.venv\Lib\site-packages\numpy\random\_examples\numba\extending_distributions.py","extending_distributions.py",".py",2103,"2026-08-25 20:49","amp"
"E:\0mcp-agv\scipilot-figure-skill\.venv\Lib\site-packages\numpy\_core\_methods.py","_methods.py",".py",9645,"2026-08-25 20:49","method"
"E:\0mcp-agv\scipilot-figure-skill\.venv\Lib\site-packages\numpy\_core\tests\test_arraymethod.py","test_arraymethod.py",".py",3307,"2026-08-25 20:49","method"
"E:\0mcp-agv\scipilot-figure-skill\.venv\Lib\site-packages\numpy\_core\tests\test_scalar_methods.py","test_scalar_methods.py",".py",12839,"2026-08-25 20:49","method"
"E:\0mcp-agv\scipilot-figure-skill\.venv\Lib\site-packages\numpy\_core\tests\examples\cython\setup.py","setup.py",".py",898,"2026-08-25 20:49","amp"
"E:\0mcp-agv\scipilot-figure-skill\.venv\Lib\site-packages\numpy\_core\tests\examples\limited_api\setup.py","setup.py",".py",461,"2026-08-25 20:49","amp"
"E:\0mcp-agv\scipilot-figure-skill\.venv\Lib\site-packages\openpyxl\drawing\image.py","image.py",".py",1455,"2026-08-25 20:50","mag"
"E:\0mcp-agv\scipilot-figure-skill\.venv\Lib\site-packages\pandas\core\resample.py","resample.py",".py",101425,"2026-08-25 20:50","amp"
"E:\0mcp-agv\scipilot-figure-skill\.venv\Lib\site-packages\pandas\core\sample.py","sample.py",".py",4975,"2026-08-25 20:50","amp"
"E:\0mcp-agv\scipilot-figure-skill\.venv\Lib\site-packages\pandas\core\methods\describe.py","describe.py",".py",10554,"2026-08-25 20:50","method"
"E:\0mcp-agv\scipilot-figure-skill\.venv\Lib\site-packages\pandas\core\methods\selectn.py","selectn.py",".py",8712,"2026-08-25 20:50","method"
"E:\0mcp-agv\scipilot-figure-skill\.venv\Lib\site-packages\pandas\core\methods\to_dict.py","to_dict.py",".py",9417,"2026-08-25 20:50","method"
"E:\0mcp-agv\scipilot-figure-skill\.venv\Lib\site-packages\pandas\core\methods\__init__.py","__init__.py",".py",0,"2026-08-25 20:50","method"
"E:\0mcp-agv\scipilot-figure-skill\.venv\Lib\site-packages\pandas\tests\copy_view\test_methods.py","test_methods.py",".py",51839,"2026-08-25 20:50","method"
"E:\0mcp-agv\scipilot-figure-skill\.venv\Lib\site-packages\pandas\tests\extension\base\methods.py","methods.py",".py",29502,"2026-08-25 20:50","method"
"E:\0mcp-agv\scipilot-figure-skill\.venv\Lib\site-packages\pandas\tests\frame\methods\test_add_prefix_suffix.py","test_add_prefix_suffix.py",".py",1910,"2026-08-25 20:50","method"
"E:\0mcp-agv\scipilot-figure-skill\.venv\Lib\site-packages\pandas\tests\frame\methods\test_align.py","test_align.py",".py",12243,"2026-08-25 20:50","method"
"E:\0mcp-agv\scipilot-figure-skill\.venv\Lib\site-packages\pandas\tests\frame\methods\test_asfreq.py","test_asfreq.py",".py",10283,"2026-08-25 20:50","method"
"E:\0mcp-agv\scipilot-figure-skill\.venv\Lib\site-packages\pandas\tests\frame\methods\test_asof.py","test_asof.py",".py",6248,"2026-08-25 20:50","method"
"E:\0mcp-agv\scipilot-figure-skill\.venv\Lib\site-packages\pandas\tests\frame\methods\test_assign.py","test_assign.py",".py",2982,"2026-08-25 20:50","method"
"E:\0mcp-agv\scipilot-figure-skill\.venv\Lib\site-packages\pandas\tests\frame\methods\test_astype.py","test_astype.py",".py",32567,"2026-08-25 20:50","method"
"E:\0mcp-agv\scipilot-figure-skill\.venv\Lib\site-packages\pandas\tests\frame\methods\test_at_time.py","test_at_time.py",".py",5521,"2026-08-25 20:50","method"
"E:\0mcp-agv\scipilot-figure-skill\.venv\Lib\site-packages\pandas\tests\frame\methods\test_between_time.py","test_between_time.py",".py",8083,"2026-08-25 20:50","method"
"E:\0mcp-agv\scipilot-figure-skill\.venv\Lib\site-packages\pandas\tests\frame\methods\test_clip.py","test_clip.py",".py",7355,"2026-08-25 20:50","method"
"E:\0mcp-agv\scipilot-figure-skill\.venv\Lib\site-packages\pandas\tests\frame\methods\test_combine.py","test_combine.py",".py",1759,"2026-08-25 20:50","method"
"E:\0mcp-agv\scipilot-figure-skill\.venv\Lib\site-packages\pandas\tests\frame\methods\test_combine_first.py","test_combine_first.py",".py",21491,"2026-08-25 20:50","method"
"E:\0mcp-agv\scipilot-figure-skill\.venv\Lib\site-packages\pandas\tests\frame\methods\test_compare.py","test_compare.py",".py",9526,"2026-08-25 20:50","method"
"E:\0mcp-agv\scipilot-figure-skill\.venv\Lib\site-packages\pandas\tests\frame\methods\test_convert_dtypes.py","test_convert_dtypes.py",".py",9793,"2026-08-25 20:50","method"
"E:\0mcp-agv\scipilot-figure-skill\.venv\Lib\site-packages\pandas\tests\frame\methods\test_copy.py","test_copy.py",".py",1266,"2026-08-25 20:50","method"
"E:\0mcp-agv\scipilot-figure-skill\.venv\Lib\site-packages\pandas\tests\frame\methods\test_count.py","test_count.py",".py",1083,"2026-08-25 20:50","method"
"E:\0mcp-agv\scipilot-figure-skill\.venv\Lib\site-packages\pandas\tests\frame\methods\test_cov_corr.py","test_cov_corr.py",".py",18910,"2026-08-25 20:50","method"
"E:\0mcp-agv\scipilot-figure-skill\.venv\Lib\site-packages\pandas\tests\frame\methods\test_describe.py","test_describe.py",".py",16010,"2026-08-25 20:50","method"
"E:\0mcp-agv\scipilot-figure-skill\.venv\Lib\site-packages\pandas\tests\frame\methods\test_diff.py","test_diff.py",".py",10218,"2026-08-25 20:50","method"
"E:\0mcp-agv\scipilot-figure-skill\.venv\Lib\site-packages\pandas\tests\frame\methods\test_dot.py","test_dot.py",".py",5116,"2026-08-25 20:50","method"
"E:\0mcp-agv\scipilot-figure-skill\.venv\Lib\site-packages\pandas\tests\frame\methods\test_drop.py","test_drop.py",".py",21188,"2026-08-25 20:50","method"
"E:\0mcp-agv\scipilot-figure-skill\.venv\Lib\site-packages\pandas\tests\frame\methods\test_droplevel.py","test_droplevel.py",".py",1253,"2026-08-25 20:50","method"
"E:\0mcp-agv\scipilot-figure-skill\.venv\Lib\site-packages\pandas\tests\frame\methods\test_dropna.py","test_dropna.py",".py",10331,"2026-08-25 20:50","method"
"E:\0mcp-agv\scipilot-figure-skill\.venv\Lib\site-packages\pandas\tests\frame\methods\test_drop_duplicates.py","test_drop_duplicates.py",".py",15723,"2026-08-25 20:50","method"
"E:\0mcp-agv\scipilot-figure-skill\.venv\Lib\site-packages\pandas\tests\frame\methods\test_dtypes.py","test_dtypes.py",".py",4672,"2026-08-25 20:50","method"
"E:\0mcp-agv\scipilot-figure-skill\.venv\Lib\site-packages\pandas\tests\frame\methods\test_duplicated.py","test_duplicated.py",".py",3305,"2026-08-25 20:50","method"
"E:\0mcp-agv\scipilot-figure-skill\.venv\Lib\site-packages\pandas\tests\frame\methods\test_equals.py","test_equals.py",".py",3407,"2026-08-25 20:50","method"
"E:\0mcp-agv\scipilot-figure-skill\.venv\Lib\site-packages\pandas\tests\frame\methods\test_explode.py","test_explode.py",".py",8952,"2026-08-25 20:50","method"
"E:\0mcp-agv\scipilot-figure-skill\.venv\Lib\site-packages\pandas\tests\frame\methods\test_fillna.py","test_fillna.py",".py",29085,"2026-08-25 20:50","method"
"E:\0mcp-agv\scipilot-figure-skill\.venv\Lib\site-packages\pandas\tests\frame\methods\test_filter.py","test_filter.py",".py",5373,"2026-08-25 20:50","method"
"E:\0mcp-agv\scipilot-figure-skill\.venv\Lib\site-packages\pandas\tests\frame\methods\test_first_valid_index.py","test_first_valid_index.py",".py",2575,"2026-08-25 20:50","method"
"E:\0mcp-agv\scipilot-figure-skill\.venv\Lib\site-packages\pandas\tests\frame\methods\test_get_numeric_data.py","test_get_numeric_data.py",".py",3379,"2026-08-25 20:50","method"
"E:\0mcp-agv\scipilot-figure-skill\.venv\Lib\site-packages\pandas\tests\frame\methods\test_head_tail.py","test_head_tail.py",".py",1935,"2026-08-25 20:50","method"
"E:\0mcp-agv\scipilot-figure-skill\.venv\Lib\site-packages\pandas\tests\frame\methods\test_infer_objects.py","test_infer_objects.py",".py",1241,"2026-08-25 20:50","method"
"E:\0mcp-agv\scipilot-figure-skill\.venv\Lib\site-packages\pandas\tests\frame\methods\test_info.py","test_info.py",".py",17773,"2026-08-25 20:50","method"
"E:\0mcp-agv\scipilot-figure-skill\.venv\Lib\site-packages\pandas\tests\frame\methods\test_interpolate.py","test_interpolate.py",".py",15299,"2026-08-25 20:50","method"
"E:\0mcp-agv\scipilot-figure-skill\.venv\Lib\site-packages\pandas\tests\frame\methods\test_isetitem.py","test_isetitem.py",".py",1428,"2026-08-25 20:50","method"
"E:\0mcp-agv\scipilot-figure-skill\.venv\Lib\site-packages\pandas\tests\frame\methods\test_isin.py","test_isin.py",".py",7599,"2026-08-25 20:50","method"
"E:\0mcp-agv\scipilot-figure-skill\.venv\Lib\site-packages\pandas\tests\frame\methods\test_is_homogeneous_dtype.py","test_is_homogeneous_dtype.py",".py",1303,"2026-08-25 20:50","method"
"E:\0mcp-agv\scipilot-figure-skill\.venv\Lib\site-packages\pandas\tests\frame\methods\test_iterrows.py","test_iterrows.py",".py",338,"2026-08-25 20:50","method"
"E:\0mcp-agv\scipilot-figure-skill\.venv\Lib\site-packages\pandas\tests\frame\methods\test_join.py","test_join.py",".py",18110,"2026-08-25 20:50","method"
"E:\0mcp-agv\scipilot-figure-skill\.venv\Lib\site-packages\pandas\tests\frame\methods\test_map.py","test_map.py",".py",5718,"2026-08-25 20:50","method"
"E:\0mcp-agv\scipilot-figure-skill\.venv\Lib\site-packages\pandas\tests\frame\methods\test_matmul.py","test_matmul.py",".py",3137,"2026-08-25 20:50","method"
"E:\0mcp-agv\scipilot-figure-skill\.venv\Lib\site-packages\pandas\tests\frame\methods\test_nlargest.py","test_nlargest.py",".py",8058,"2026-08-25 20:50","method"
"E:\0mcp-agv\scipilot-figure-skill\.venv\Lib\site-packages\pandas\tests\frame\methods\test_pct_change.py","test_pct_change.py",".py",3632,"2026-08-25 20:50","method"
"E:\0mcp-agv\scipilot-figure-skill\.venv\Lib\site-packages\pandas\tests\frame\methods\test_pipe.py","test_pipe.py",".py",1023,"2026-08-25 20:50","method"
"E:\0mcp-agv\scipilot-figure-skill\.venv\Lib\site-packages\pandas\tests\frame\methods\test_pop.py","test_pop.py",".py",2143,"2026-08-25 20:50","method"
"E:\0mcp-agv\scipilot-figure-skill\.venv\Lib\site-packages\pandas\tests\frame\methods\test_quantile.py","test_quantile.py",".py",33875,"2026-08-25 20:50","method"
"E:\0mcp-agv\scipilot-figure-skill\.venv\Lib\site-packages\pandas\tests\frame\methods\test_rank.py","test_rank.py",".py",17407,"2026-08-25 20:50","method"
"E:\0mcp-agv\scipilot-figure-skill\.venv\Lib\site-packages\pandas\tests\frame\methods\test_reindex.py","test_reindex.py",".py",47624,"2026-08-25 20:50","method"
"E:\0mcp-agv\scipilot-figure-skill\.venv\Lib\site-packages\pandas\tests\frame\methods\test_reindex_like.py","test_reindex_like.py",".py",1351,"2026-08-25 20:50","method"
"E:\0mcp-agv\scipilot-figure-skill\.venv\Lib\site-packages\pandas\tests\frame\methods\test_rename.py","test_rename.py",".py",16329,"2026-08-25 20:50","method"
"E:\0mcp-agv\scipilot-figure-skill\.venv\Lib\site-packages\pandas\tests\frame\methods\test_rename_axis.py","test_rename_axis.py",".py",4539,"2026-08-25 20:50","method"
"E:\0mcp-agv\scipilot-figure-skill\.venv\Lib\site-packages\pandas\tests\frame\methods\test_reorder_levels.py","test_reorder_levels.py",".py",2729,"2026-08-25 20:50","method"
"E:\0mcp-agv\scipilot-figure-skill\.venv\Lib\site-packages\pandas\tests\frame\methods\test_replace.py","test_replace.py",".py",57703,"2026-08-25 20:50","method"
"E:\0mcp-agv\scipilot-figure-skill\.venv\Lib\site-packages\pandas\tests\frame\methods\test_reset_index.py","test_reset_index.py",".py",29136,"2026-08-25 20:50","method"
"E:\0mcp-agv\scipilot-figure-skill\.venv\Lib\site-packages\pandas\tests\frame\methods\test_round.py","test_round.py",".py",8268,"2026-08-25 20:50","method"
"E:\0mcp-agv\scipilot-figure-skill\.venv\Lib\site-packages\pandas\tests\frame\methods\test_sample.py","test_sample.py",".py",14228,"2026-08-25 20:50","amp|method"
"E:\0mcp-agv\scipilot-figure-skill\.venv\Lib\site-packages\pandas\tests\frame\methods\test_select_dtypes.py","test_select_dtypes.py",".py",18889,"2026-08-25 20:50","method"
"E:\0mcp-agv\scipilot-figure-skill\.venv\Lib\site-packages\pandas\tests\frame\methods\test_set_axis.py","test_set_axis.py",".py",4118,"2026-08-25 20:50","method"
"E:\0mcp-agv\scipilot-figure-skill\.venv\Lib\site-packages\pandas\tests\frame\methods\test_set_index.py","test_set_index.py",".py",26833,"2026-08-25 20:50","method"
"E:\0mcp-agv\scipilot-figure-skill\.venv\Lib\site-packages\pandas\tests\frame\methods\test_shift.py","test_shift.py",".py",29601,"2026-08-25 20:50","method"
"E:\0mcp-agv\scipilot-figure-skill\.venv\Lib\site-packages\pandas\tests\frame\methods\test_size.py","test_size.py",".py",571,"2026-08-25 20:50","method"
"E:\0mcp-agv\scipilot-figure-skill\.venv\Lib\site-packages\pandas\tests\frame\methods\test_sort_index.py","test_sort_index.py",".py",35057,"2026-08-25 20:50","method"
"E:\0mcp-agv\scipilot-figure-skill\.venv\Lib\site-packages\pandas\tests\frame\methods\test_sort_values.py","test_sort_values.py",".py",32000,"2026-08-25 20:50","method"
"E:\0mcp-agv\scipilot-figure-skill\.venv\Lib\site-packages\pandas\tests\frame\methods\test_swaplevel.py","test_swaplevel.py",".py",1277,"2026-08-25 20:50","method"
"E:\0mcp-agv\scipilot-figure-skill\.venv\Lib\site-packages\pandas\tests\frame\methods\test_to_csv.py","test_to_csv.py",".py",52039,"2026-08-25 20:50","method"
"E:\0mcp-agv\scipilot-figure-skill\.venv\Lib\site-packages\pandas\tests\frame\methods\test_to_dict.py","test_to_dict.py",".py",18815,"2026-08-25 20:50","method"
"E:\0mcp-agv\scipilot-figure-skill\.venv\Lib\site-packages\pandas\tests\frame\methods\test_to_dict_of_blocks.py","test_to_dict_of_blocks.py",".py",1109,"2026-08-25 20:50","method"
"E:\0mcp-agv\scipilot-figure-skill\.venv\Lib\site-packages\pandas\tests\frame\methods\test_to_numpy.py","test_to_numpy.py",".py",2782,"2026-08-25 20:50","method"
"E:\0mcp-agv\scipilot-figure-skill\.venv\Lib\site-packages\pandas\tests\frame\methods\test_to_period.py","test_to_period.py",".py",2863,"2026-08-25 20:50","method"
"E:\0mcp-agv\scipilot-figure-skill\.venv\Lib\site-packages\pandas\tests\frame\methods\test_to_records.py","test_to_records.py",".py",18597,"2026-08-25 20:50","method"
"E:\0mcp-agv\scipilot-figure-skill\.venv\Lib\site-packages\pandas\tests\frame\methods\test_to_timestamp.py","test_to_timestamp.py",".py",5866,"2026-08-25 20:50","amp|method"
"E:\0mcp-agv\scipilot-figure-skill\.venv\Lib\site-packages\pandas\tests\frame\methods\test_transpose.py","test_transpose.py",".py",6438,"2026-08-25 20:50","method"
"E:\0mcp-agv\scipilot-figure-skill\.venv\Lib\site-packages\pandas\tests\frame\methods\test_truncate.py","test_truncate.py",".py",5216,"2026-08-25 20:50","method"
"E:\0mcp-agv\scipilot-figure-skill\.venv\Lib\site-packages\pandas\tests\frame\methods\test_tz_convert.py","test_tz_convert.py",".py",4984,"2026-08-25 20:50","method"
"E:\0mcp-agv\scipilot-figure-skill\.venv\Lib\site-packages\pandas\tests\frame\methods\test_tz_localize.py","test_tz_localize.py",".py",2015,"2026-08-25 20:50","method"
"E:\0mcp-agv\scipilot-figure-skill\.venv\Lib\site-packages\pandas\tests\frame\methods\test_update.py","test_update.py",".py",8642,"2026-08-25 20:50","method"
"E:\0mcp-agv\scipilot-figure-skill\.venv\Lib\site-packages\pandas\tests\frame\methods\test_values.py","test_values.py",".py",8722,"2026-08-25 20:50","method"
"E:\0mcp-agv\scipilot-figure-skill\.venv\Lib\site-packages\pandas\tests\frame\methods\test_value_counts.py","test_value_counts.py",".py",5556,"2026-08-25 20:50","method"
"E:\0mcp-agv\scipilot-figure-skill\.venv\Lib\site-packages\pandas\tests\frame\methods\__init__.py","__init__.py",".py",229,"2026-08-25 20:50","method"
"E:\0mcp-agv\scipilot-figure-skill\.venv\Lib\site-packages\pandas\tests\groupby\test_all_methods.py","test_all_methods.py",".py",3564,"2026-08-25 20:50","method"
"E:\0mcp-agv\scipilot-figure-skill\.venv\Lib\site-packages\pandas\tests\groupby\methods\test_describe.py","test_describe.py",".py",8851,"2026-08-25 20:50","method"
"E:\0mcp-agv\scipilot-figure-skill\.venv\Lib\site-packages\pandas\tests\groupby\methods\test_groupby_shift_diff.py","test_groupby_shift_diff.py",".py",8366,"2026-08-25 20:50","method"
"E:\0mcp-agv\scipilot-figure-skill\.venv\Lib\site-packages\pandas\tests\groupby\methods\test_is_monotonic.py","test_is_monotonic.py",".py",2566,"2026-08-25 20:50","method"
"E:\0mcp-agv\scipilot-figure-skill\.venv\Lib\site-packages\pandas\tests\groupby\methods\test_kurt.py","test_kurt.py",".py",2391,"2026-08-25 20:50","method"
"E:\0mcp-agv\scipilot-figure-skill\.venv\Lib\site-packages\pandas\tests\groupby\methods\test_nlargest_nsmallest.py","test_nlargest_nsmallest.py",".py",3363,"2026-08-25 20:50","method"
"E:\0mcp-agv\scipilot-figure-skill\.venv\Lib\site-packages\pandas\tests\groupby\methods\test_nth.py","test_nth.py",".py",25872,"2026-08-25 20:50","method"
"E:\0mcp-agv\scipilot-figure-skill\.venv\Lib\site-packages\pandas\tests\groupby\methods\test_quantile.py","test_quantile.py",".py",15402,"2026-08-25 20:50","method"
"E:\0mcp-agv\scipilot-figure-skill\.venv\Lib\site-packages\pandas\tests\groupby\methods\test_rank.py","test_rank.py",".py",21504,"2026-08-25 20:50","method"
"E:\0mcp-agv\scipilot-figure-skill\.venv\Lib\site-packages\pandas\tests\groupby\methods\test_sample.py","test_sample.py",".py",5155,"2026-08-25 20:50","amp|method"
"E:\0mcp-agv\scipilot-figure-skill\.venv\Lib\site-packages\pandas\tests\groupby\methods\test_size.py","test_size.py",".py",3011,"2026-08-25 20:50","method"
"E:\0mcp-agv\scipilot-figure-skill\.venv\Lib\site-packages\pandas\tests\groupby\methods\test_skew.py","test_skew.py",".py",841,"2026-08-25 20:50","method"
"E:\0mcp-agv\scipilot-figure-skill\.venv\Lib\site-packages\pandas\tests\groupby\methods\test_value_counts.py","test_value_counts.py",".py",39563,"2026-08-25 20:50","method"
"E:\0mcp-agv\scipilot-figure-skill\.venv\Lib\site-packages\pandas\tests\groupby\methods\__init__.py","__init__.py",".py",0,"2026-08-25 20:50","method"
"E:\0mcp-agv\scipilot-figure-skill\.venv\Lib\site-packages\pandas\tests\indexes\datetimes\methods\test_asof.py","test_asof.py",".py",1155,"2026-08-25 20:50","method"
"E:\0mcp-agv\scipilot-figure-skill\.venv\Lib\site-packages\pandas\tests\indexes\datetimes\methods\test_astype.py","test_astype.py",".py",12429,"2026-08-25 20:50","method"
"E:\0mcp-agv\scipilot-figure-skill\.venv\Lib\site-packages\pandas\tests\indexes\datetimes\methods\test_delete.py","test_delete.py",".py",4441,"2026-08-25 20:50","method"
"E:\0mcp-agv\scipilot-figure-skill\.venv\Lib\site-packages\pandas\tests\indexes\datetimes\methods\test_factorize.py","test_factorize.py",".py",4468,"2026-08-25 20:50","method"
"E:\0mcp-agv\scipilot-figure-skill\.venv\Lib\site-packages\pandas\tests\indexes\datetimes\methods\test_fillna.py","test_fillna.py",".py",2004,"2026-08-25 20:50","method"
"E:\0mcp-agv\scipilot-figure-skill\.venv\Lib\site-packages\pandas\tests\indexes\datetimes\methods\test_insert.py","test_insert.py",".py",9625,"2026-08-25 20:50","method"
"E:\0mcp-agv\scipilot-figure-skill\.venv\Lib\site-packages\pandas\tests\indexes\datetimes\methods\test_isocalendar.py","test_isocalendar.py",".py",908,"2026-08-25 20:50","method"
"E:\0mcp-agv\scipilot-figure-skill\.venv\Lib\site-packages\pandas\tests\indexes\datetimes\methods\test_map.py","test_map.py",".py",1358,"2026-08-25 20:50","method"
"E:\0mcp-agv\scipilot-figure-skill\.venv\Lib\site-packages\pandas\tests\indexes\datetimes\methods\test_normalize.py","test_normalize.py",".py",3181,"2026-08-25 20:50","method"
"E:\0mcp-agv\scipilot-figure-skill\.venv\Lib\site-packages\pandas\tests\indexes\datetimes\methods\test_repeat.py","test_repeat.py",".py",2740,"2026-08-25 20:50","method"
"E:\0mcp-agv\scipilot-figure-skill\.venv\Lib\site-packages\pandas\tests\indexes\datetimes\methods\test_resolution.py","test_resolution.py",".py",883,"2026-08-25 20:50","method"
"E:\0mcp-agv\scipilot-figure-skill\.venv\Lib\site-packages\pandas\tests\indexes\datetimes\methods\test_round.py","test_round.py",".py",7846,"2026-08-25 20:50","method"
"E:\0mcp-agv\scipilot-figure-skill\.venv\Lib\site-packages\pandas\tests\indexes\datetimes\methods\test_shift.py","test_shift.py",".py",6188,"2026-08-25 20:50","method"
"E:\0mcp-agv\scipilot-figure-skill\.venv\Lib\site-packages\pandas\tests\indexes\datetimes\methods\test_snap.py","test_snap.py",".py",1729,"2026-08-25 20:50","method"
"E:\0mcp-agv\scipilot-figure-skill\.venv\Lib\site-packages\pandas\tests\indexes\datetimes\methods\test_to_frame.py","test_to_frame.py",".py",998,"2026-08-25 20:50","method"
"E:\0mcp-agv\scipilot-figure-skill\.venv\Lib\site-packages\pandas\tests\indexes\datetimes\methods\test_to_julian_date.py","test_to_julian_date.py",".py",1608,"2026-08-25 20:50","method"
"E:\0mcp-agv\scipilot-figure-skill\.venv\Lib\site-packages\pandas\tests\indexes\datetimes\methods\test_to_period.py","test_to_period.py",".py",7782,"2026-08-25 20:50","method"
"E:\0mcp-agv\scipilot-figure-skill\.venv\Lib\site-packages\pandas\tests\indexes\datetimes\methods\test_to_pydatetime.py","test_to_pydatetime.py",".py",1345,"2026-08-25 20:50","method"
"E:\0mcp-agv\scipilot-figure-skill\.venv\Lib\site-packages\pandas\tests\indexes\datetimes\methods\test_to_series.py","test_to_series.py",".py",495,"2026-08-25 20:50","method"
"E:\0mcp-agv\scipilot-figure-skill\.venv\Lib\site-packages\pandas\tests\indexes\datetimes\methods\test_tz_convert.py","test_tz_convert.py",".py",11704,"2026-08-25 20:50","method"
"E:\0mcp-agv\scipilot-figure-skill\.venv\Lib\site-packages\pandas\tests\indexes\datetimes\methods\test_tz_localize.py","test_tz_localize.py",".py",14251,"2026-08-25 20:50","method"
"E:\0mcp-agv\scipilot-figure-skill\.venv\Lib\site-packages\pandas\tests\indexes\datetimes\methods\test_unique.py","test_unique.py",".py",2096,"2026-08-25 20:50","method"
"E:\0mcp-agv\scipilot-figure-skill\.venv\Lib\site-packages\pandas\tests\indexes\datetimes\methods\__init__.py","__init__.py",".py",0,"2026-08-25 20:50","method"
"E:\0mcp-agv\scipilot-figure-skill\.venv\Lib\site-packages\pandas\tests\indexes\period\methods\test_asfreq.py","test_asfreq.py",".py",6897,"2026-08-25 20:50","method"
"E:\0mcp-agv\scipilot-figure-skill\.venv\Lib\site-packages\pandas\tests\indexes\period\methods\test_astype.py","test_astype.py",".py",5671,"2026-08-25 20:50","method"
"E:\0mcp-agv\scipilot-figure-skill\.venv\Lib\site-packages\pandas\tests\indexes\period\methods\test_factorize.py","test_factorize.py",".py",1425,"2026-08-25 20:50","method"
"E:\0mcp-agv\scipilot-figure-skill\.venv\Lib\site-packages\pandas\tests\indexes\period\methods\test_fillna.py","test_fillna.py",".py",1125,"2026-08-25 20:50","method"
"E:\0mcp-agv\scipilot-figure-skill\.venv\Lib\site-packages\pandas\tests\indexes\period\methods\test_insert.py","test_insert.py",".py",482,"2026-08-25 20:50","method"
"E:\0mcp-agv\scipilot-figure-skill\.venv\Lib\site-packages\pandas\tests\indexes\period\methods\test_is_full.py","test_is_full.py",".py",570,"2026-08-25 20:50","method"
"E:\0mcp-agv\scipilot-figure-skill\.venv\Lib\site-packages\pandas\tests\indexes\period\methods\test_repeat.py","test_repeat.py",".py",772,"2026-08-25 20:50","method"
"E:\0mcp-agv\scipilot-figure-skill\.venv\Lib\site-packages\pandas\tests\indexes\period\methods\test_shift.py","test_shift.py",".py",4405,"2026-08-25 20:50","method"
"E:\0mcp-agv\scipilot-figure-skill\.venv\Lib\site-packages\pandas\tests\indexes\period\methods\test_to_timestamp.py","test_to_timestamp.py",".py",5276,"2026-08-25 20:50","amp|method"
"E:\0mcp-agv\scipilot-figure-skill\.venv\Lib\site-packages\pandas\tests\indexes\period\methods\__init__.py","__init__.py",".py",0,"2026-08-25 20:50","method"
"E:\0mcp-agv\scipilot-figure-skill\.venv\Lib\site-packages\pandas\tests\indexes\timedeltas\methods\test_astype.py","test_astype.py",".py",6331,"2026-08-25 20:50","method"
"E:\0mcp-agv\scipilot-figure-skill\.venv\Lib\site-packages\pandas\tests\indexes\timedeltas\methods\test_factorize.py","test_factorize.py",".py",1292,"2026-08-25 20:50","method"
"E:\0mcp-agv\scipilot-figure-skill\.venv\Lib\site-packages\pandas\tests\indexes\timedeltas\methods\test_fillna.py","test_fillna.py",".py",597,"2026-08-25 20:50","method"
"E:\0mcp-agv\scipilot-figure-skill\.venv\Lib\site-packages\pandas\tests\indexes\timedeltas\methods\test_insert.py","test_insert.py",".py",4731,"2026-08-25 20:50","method"
"E:\0mcp-agv\scipilot-figure-skill\.venv\Lib\site-packages\pandas\tests\indexes\timedeltas\methods\test_repeat.py","test_repeat.py",".py",926,"2026-08-25 20:50","method"
"E:\0mcp-agv\scipilot-figure-skill\.venv\Lib\site-packages\pandas\tests\indexes\timedeltas\methods\test_shift.py","test_shift.py",".py",2810,"2026-08-25 20:50","method"
"E:\0mcp-agv\scipilot-figure-skill\.venv\Lib\site-packages\pandas\tests\indexes\timedeltas\methods\__init__.py","__init__.py",".py",0,"2026-08-25 20:50","method"
"E:\0mcp-agv\scipilot-figure-skill\.venv\Lib\site-packages\pandas\tests\plotting\test_boxplot_method.py","test_boxplot_method.py",".py",29946,"2026-08-25 20:50","method"
"E:\0mcp-agv\scipilot-figure-skill\.venv\Lib\site-packages\pandas\tests\plotting\test_hist_method.py","test_hist_method.py",".py",34607,"2026-08-25 20:50","method"
"E:\0mcp-agv\scipilot-figure-skill\.venv\Lib\site-packages\pandas\tests\resample\conftest.py","conftest.py",".py",706,"2026-08-25 20:50","amp"
"E:\0mcp-agv\scipilot-figure-skill\.venv\Lib\site-packages\pandas\tests\resample\test_base.py","test_base.py",".py",18141,"2026-08-25 20:50","amp"
"E:\0mcp-agv\scipilot-figure-skill\.venv\Lib\site-packages\pandas\tests\resample\test_datetime_index.py","test_datetime_index.py",".py",73695,"2026-08-25 20:50","amp"
"E:\0mcp-agv\scipilot-figure-skill\.venv\Lib\site-packages\pandas\tests\resample\test_period_index.py","test_period_index.py",".py",39512,"2026-08-25 20:50","amp"
"E:\0mcp-agv\scipilot-figure-skill\.venv\Lib\site-packages\pandas\tests\resample\test_resampler_grouper.py","test_resampler_grouper.py",".py",20606,"2026-08-25 20:50","amp"
"E:\0mcp-agv\scipilot-figure-skill\.venv\Lib\site-packages\pandas\tests\resample\test_resample_api.py","test_resample_api.py",".py",31396,"2026-08-25 20:50","amp"
"E:\0mcp-agv\scipilot-figure-skill\.venv\Lib\site-packages\pandas\tests\resample\test_timedelta.py","test_timedelta.py",".py",7426,"2026-08-25 20:50","amp"
"E:\0mcp-agv\scipilot-figure-skill\.venv\Lib\site-packages\pandas\tests\resample\test_time_grouper.py","test_time_grouper.py",".py",13529,"2026-08-25 20:50","amp"
"E:\0mcp-agv\scipilot-figure-skill\.venv\Lib\site-packages\pandas\tests\resample\__init__.py","__init__.py",".py",0,"2026-08-25 20:50","amp"
"E:\0mcp-agv\scipilot-figure-skill\.venv\Lib\site-packages\pandas\tests\scalar\timedelta\methods\test_as_unit.py","test_as_unit.py",".py",2509,"2026-08-25 20:50","method"
"E:\0mcp-agv\scipilot-figure-skill\.venv\Lib\site-packages\pandas\tests\scalar\timedelta\methods\test_round.py","test_round.py",".py",6427,"2026-08-25 20:50","method"
"E:\0mcp-agv\scipilot-figure-skill\.venv\Lib\site-packages\pandas\tests\scalar\timedelta\methods\__init__.py","__init__.py",".py",0,"2026-08-25 20:50","method"
"E:\0mcp-agv\scipilot-figure-skill\.venv\Lib\site-packages\pandas\tests\scalar\timestamp\test_arithmetic.py","test_arithmetic.py",".py",11286,"2026-08-25 20:50","amp"
"E:\0mcp-agv\scipilot-figure-skill\.venv\Lib\site-packages\pandas\tests\scalar\timestamp\test_comparisons.py","test_comparisons.py",".py",10027,"2026-08-25 20:50","amp"
"E:\0mcp-agv\scipilot-figure-skill\.venv\Lib\site-packages\pandas\tests\scalar\timestamp\test_constructors.py","test_constructors.py",".py",41052,"2026-08-25 20:50","amp"
"E:\0mcp-agv\scipilot-figure-skill\.venv\Lib\site-packages\pandas\tests\scalar\timestamp\test_formats.py","test_formats.py",".py",6914,"2026-08-25 20:50","amp"
"E:\0mcp-agv\scipilot-figure-skill\.venv\Lib\site-packages\pandas\tests\scalar\timestamp\test_timestamp.py","test_timestamp.py",".py",31562,"2026-08-25 20:50","amp"
"E:\0mcp-agv\scipilot-figure-skill\.venv\Lib\site-packages\pandas\tests\scalar\timestamp\test_timezones.py","test_timezones.py",".py",667,"2026-08-25 20:50","amp"
"E:\0mcp-agv\scipilot-figure-skill\.venv\Lib\site-packages\pandas\tests\scalar\timestamp\__init__.py","__init__.py",".py",0,"2026-08-25 20:50","amp"
"E:\0mcp-agv\scipilot-figure-skill\.venv\Lib\site-packages\pandas\tests\scalar\timestamp\methods\test_as_unit.py","test_as_unit.py",".py",2706,"2026-08-25 20:50","amp|method"
"E:\0mcp-agv\scipilot-figure-skill\.venv\Lib\site-packages\pandas\tests\scalar\timestamp\methods\test_normalize.py","test_normalize.py",".py",1009,"2026-08-25 20:50","amp|method"
"E:\0mcp-agv\scipilot-figure-skill\.venv\Lib\site-packages\pandas\tests\scalar\timestamp\methods\test_replace.py","test_replace.py",".py",7803,"2026-08-25 20:50","amp|method"
"E:\0mcp-agv\scipilot-figure-skill\.venv\Lib\site-packages\pandas\tests\scalar\timestamp\methods\test_round.py","test_round.py",".py",12705,"2026-08-25 20:50","amp|method"
"E:\0mcp-agv\scipilot-figure-skill\.venv\Lib\site-packages\pandas\tests\scalar\timestamp\methods\test_timestamp_method.py","test_timestamp_method.py",".py",1151,"2026-08-25 20:50","amp|method"
"E:\0mcp-agv\scipilot-figure-skill\.venv\Lib\site-packages\pandas\tests\scalar\timestamp\methods\test_to_julian_date.py","test_to_julian_date.py",".py",810,"2026-08-25 20:50","amp|method"
"E:\0mcp-agv\scipilot-figure-skill\.venv\Lib\site-packages\pandas\tests\scalar\timestamp\methods\test_to_pydatetime.py","test_to_pydatetime.py",".py",2988,"2026-08-25 20:50","amp|method"
"E:\0mcp-agv\scipilot-figure-skill\.venv\Lib\site-packages\pandas\tests\scalar\timestamp\methods\test_tz_convert.py","test_tz_convert.py",".py",1710,"2026-08-25 20:50","amp|method"
"E:\0mcp-agv\scipilot-figure-skill\.venv\Lib\site-packages\pandas\tests\scalar\timestamp\methods\test_tz_localize.py","test_tz_localize.py",".py",13684,"2026-08-25 20:50","amp|method"
"E:\0mcp-agv\scipilot-figure-skill\.venv\Lib\site-packages\pandas\tests\scalar\timestamp\methods\__init__.py","__init__.py",".py",0,"2026-08-25 20:50","amp|method"
"E:\0mcp-agv\scipilot-figure-skill\.venv\Lib\site-packages\pandas\tests\series\methods\test_add_prefix_suffix.py","test_add_prefix_suffix.py",".py",1556,"2026-08-25 20:50","method"
"E:\0mcp-agv\scipilot-figure-skill\.venv\Lib\site-packages\pandas\tests\series\methods\test_align.py","test_align.py",".py",6023,"2026-08-25 20:50","method"
"E:\0mcp-agv\scipilot-figure-skill\.venv\Lib\site-packages\pandas\tests\series\methods\test_argsort.py","test_argsort.py",".py",2539,"2026-08-25 20:50","method"
"E:\0mcp-agv\scipilot-figure-skill\.venv\Lib\site-packages\pandas\tests\series\methods\test_asof.py","test_asof.py",".py",6324,"2026-08-25 20:50","method"
"E:\0mcp-agv\scipilot-figure-skill\.venv\Lib\site-packages\pandas\tests\series\methods\test_astype.py","test_astype.py",".py",25801,"2026-08-25 20:50","method"
"E:\0mcp-agv\scipilot-figure-skill\.venv\Lib\site-packages\pandas\tests\series\methods\test_autocorr.py","test_autocorr.py",".py",1015,"2026-08-25 20:50","method"
"E:\0mcp-agv\scipilot-figure-skill\.venv\Lib\site-packages\pandas\tests\series\methods\test_between.py","test_between.py",".py",2565,"2026-08-25 20:50","method"
"E:\0mcp-agv\scipilot-figure-skill\.venv\Lib\site-packages\pandas\tests\series\methods\test_case_when.py","test_case_when.py",".py",6376,"2026-08-25 20:50","method"
"E:\0mcp-agv\scipilot-figure-skill\.venv\Lib\site-packages\pandas\tests\series\methods\test_clip.py","test_clip.py",".py",5350,"2026-08-25 20:50","method"
"E:\0mcp-agv\scipilot-figure-skill\.venv\Lib\site-packages\pandas\tests\series\methods\test_combine.py","test_combine.py",".py",862,"2026-08-25 20:50","method"
"E:\0mcp-agv\scipilot-figure-skill\.venv\Lib\site-packages\pandas\tests\series\methods\test_combine_first.py","test_combine_first.py",".py",5962,"2026-08-25 20:50","method"
"E:\0mcp-agv\scipilot-figure-skill\.venv\Lib\site-packages\pandas\tests\series\methods\test_compare.py","test_compare.py",".py",4514,"2026-08-25 20:50","method"
"E:\0mcp-agv\scipilot-figure-skill\.venv\Lib\site-packages\pandas\tests\series\methods\test_convert_dtypes.py","test_convert_dtypes.py",".py",11489,"2026-08-25 20:50","method"
"E:\0mcp-agv\scipilot-figure-skill\.venv\Lib\site-packages\pandas\tests\series\methods\test_copy.py","test_copy.py",".py",2451,"2026-08-25 20:50","method"
"E:\0mcp-agv\scipilot-figure-skill\.venv\Lib\site-packages\pandas\tests\series\methods\test_count.py","test_count.py",".py",567,"2026-08-25 20:50","method"
"E:\0mcp-agv\scipilot-figure-skill\.venv\Lib\site-packages\pandas\tests\series\methods\test_cov_corr.py","test_cov_corr.py",".py",5770,"2026-08-25 20:50","method"
"E:\0mcp-agv\scipilot-figure-skill\.venv\Lib\site-packages\pandas\tests\series\methods\test_describe.py","test_describe.py",".py",6571,"2026-08-25 20:50","method"
"E:\0mcp-agv\scipilot-figure-skill\.venv\Lib\site-packages\pandas\tests\series\methods\test_diff.py","test_diff.py",".py",2703,"2026-08-25 20:50","method"
"E:\0mcp-agv\scipilot-figure-skill\.venv\Lib\site-packages\pandas\tests\series\methods\test_drop.py","test_drop.py",".py",3309,"2026-08-25 20:50","method"
"E:\0mcp-agv\scipilot-figure-skill\.venv\Lib\site-packages\pandas\tests\series\methods\test_dropna.py","test_dropna.py",".py",3577,"2026-08-25 20:50","method"
"E:\0mcp-agv\scipilot-figure-skill\.venv\Lib\site-packages\pandas\tests\series\methods\test_drop_duplicates.py","test_drop_duplicates.py",".py",9468,"2026-08-25 20:50","method"
"E:\0mcp-agv\scipilot-figure-skill\.venv\Lib\site-packages\pandas\tests\series\methods\test_dtypes.py","test_dtypes.py",".py",209,"2026-08-25 20:50","method"
"E:\0mcp-agv\scipilot-figure-skill\.venv\Lib\site-packages\pandas\tests\series\methods\test_duplicated.py","test_duplicated.py",".py",2049,"2026-08-25 20:50","method"
"E:\0mcp-agv\scipilot-figure-skill\.venv\Lib\site-packages\pandas\tests\series\methods\test_equals.py","test_equals.py",".py",3734,"2026-08-25 20:50","method"
"E:\0mcp-agv\scipilot-figure-skill\.venv\Lib\site-packages\pandas\tests\series\methods\test_explode.py","test_explode.py",".py",5438,"2026-08-25 20:50","method"
"E:\0mcp-agv\scipilot-figure-skill\.venv\Lib\site-packages\pandas\tests\series\methods\test_fillna.py","test_fillna.py",".py",35525,"2026-08-25 20:50","method"
"E:\0mcp-agv\scipilot-figure-skill\.venv\Lib\site-packages\pandas\tests\series\methods\test_get_numeric_data.py","test_get_numeric_data.py",".py",915,"2026-08-25 20:50","method"
"E:\0mcp-agv\scipilot-figure-skill\.venv\Lib\site-packages\pandas\tests\series\methods\test_head_tail.py","test_head_tail.py",".py",343,"2026-08-25 20:50","method"
"E:\0mcp-agv\scipilot-figure-skill\.venv\Lib\site-packages\pandas\tests\series\methods\test_infer_objects.py","test_infer_objects.py",".py",1883,"2026-08-25 20:50","method"
"E:\0mcp-agv\scipilot-figure-skill\.venv\Lib\site-packages\pandas\tests\series\methods\test_info.py","test_info.py",".py",5644,"2026-08-25 20:50","method"
"E:\0mcp-agv\scipilot-figure-skill\.venv\Lib\site-packages\pandas\tests\series\methods\test_interpolate.py","test_interpolate.py",".py",31826,"2026-08-25 20:50","method"
"E:\0mcp-agv\scipilot-figure-skill\.venv\Lib\site-packages\pandas\tests\series\methods\test_isin.py","test_isin.py",".py",9712,"2026-08-25 20:50","method"
"E:\0mcp-agv\scipilot-figure-skill\.venv\Lib\site-packages\pandas\tests\series\methods\test_isna.py","test_isna.py",".py",941,"2026-08-25 20:50","method"
"E:\0mcp-agv\scipilot-figure-skill\.venv\Lib\site-packages\pandas\tests\series\methods\test_is_monotonic.py","test_is_monotonic.py",".py",838,"2026-08-25 20:50","method"
"E:\0mcp-agv\scipilot-figure-skill\.venv\Lib\site-packages\pandas\tests\series\methods\test_is_unique.py","test_is_unique.py",".py",953,"2026-08-25 20:50","method"
"E:\0mcp-agv\scipilot-figure-skill\.venv\Lib\site-packages\pandas\tests\series\methods\test_item.py","test_item.py",".py",1624,"2026-08-25 20:50","method"
"E:\0mcp-agv\scipilot-figure-skill\.venv\Lib\site-packages\pandas\tests\series\methods\test_map.py","test_map.py",".py",20816,"2026-08-25 20:50","method"
"E:\0mcp-agv\scipilot-figure-skill\.venv\Lib\site-packages\pandas\tests\series\methods\test_matmul.py","test_matmul.py",".py",2767,"2026-08-25 20:50","method"
"E:\0mcp-agv\scipilot-figure-skill\.venv\Lib\site-packages\pandas\tests\series\methods\test_nlargest.py","test_nlargest.py",".py",8020,"2026-08-25 20:50","method"
"E:\0mcp-agv\scipilot-figure-skill\.venv\Lib\site-packages\pandas\tests\series\methods\test_nunique.py","test_nunique.py",".py",481,"2026-08-25 20:50","method"
"E:\0mcp-agv\scipilot-figure-skill\.venv\Lib\site-packages\pandas\tests\series\methods\test_pct_change.py","test_pct_change.py",".py",2602,"2026-08-25 20:50","method"
"E:\0mcp-agv\scipilot-figure-skill\.venv\Lib\site-packages\pandas\tests\series\methods\test_pop.py","test_pop.py",".py",295,"2026-08-25 20:50","method"
"E:\0mcp-agv\scipilot-figure-skill\.venv\Lib\site-packages\pandas\tests\series\methods\test_quantile.py","test_quantile.py",".py",8505,"2026-08-25 20:50","method"
"E:\0mcp-agv\scipilot-figure-skill\.venv\Lib\site-packages\pandas\tests\series\methods\test_rank.py","test_rank.py",".py",21833,"2026-08-25 20:50","method"
"E:\0mcp-agv\scipilot-figure-skill\.venv\Lib\site-packages\pandas\tests\series\methods\test_reindex.py","test_reindex.py",".py",15085,"2026-08-25 20:50","method"
"E:\0mcp-agv\scipilot-figure-skill\.venv\Lib\site-packages\pandas\tests\series\methods\test_reindex_like.py","test_reindex_like.py",".py",1515,"2026-08-25 20:50","method"
"E:\0mcp-agv\scipilot-figure-skill\.venv\Lib\site-packages\pandas\tests\series\methods\test_rename.py","test_rename.py",".py",6059,"2026-08-25 20:50","method"
"E:\0mcp-agv\scipilot-figure-skill\.venv\Lib\site-packages\pandas\tests\series\methods\test_rename_axis.py","test_rename_axis.py",".py",1520,"2026-08-25 20:50","method"
"E:\0mcp-agv\scipilot-figure-skill\.venv\Lib\site-packages\pandas\tests\series\methods\test_repeat.py","test_repeat.py",".py",1274,"2026-08-25 20:50","method"
"E:\0mcp-agv\scipilot-figure-skill\.venv\Lib\site-packages\pandas\tests\series\methods\test_replace.py","test_replace.py",".py",27914,"2026-08-25 20:50","method"
"E:\0mcp-agv\scipilot-figure-skill\.venv\Lib\site-packages\pandas\tests\series\methods\test_reset_index.py","test_reset_index.py",".py",7874,"2026-08-25 20:50","method"
"E:\0mcp-agv\scipilot-figure-skill\.venv\Lib\site-packages\pandas\tests\series\methods\test_round.py","test_round.py",".py",3976,"2026-08-25 20:50","method"
"E:\0mcp-agv\scipilot-figure-skill\.venv\Lib\site-packages\pandas\tests\series\methods\test_searchsorted.py","test_searchsorted.py",".py",2493,"2026-08-25 20:50","method"
"E:\0mcp-agv\scipilot-figure-skill\.venv\Lib\site-packages\pandas\tests\series\methods\test_set_name.py","test_set_name.py",".py",595,"2026-08-25 20:50","method"
"E:\0mcp-agv\scipilot-figure-skill\.venv\Lib\site-packages\pandas\tests\series\methods\test_size.py","test_size.py",".py",495,"2026-08-25 20:50","method"
"E:\0mcp-agv\scipilot-figure-skill\.venv\Lib\site-packages\pandas\tests\series\methods\test_sort_index.py","test_sort_index.py",".py",12647,"2026-08-25 20:50","method"
"E:\0mcp-agv\scipilot-figure-skill\.venv\Lib\site-packages\pandas\tests\series\methods\test_sort_values.py","test_sort_values.py",".py",8975,"2026-08-25 20:50","method"
"E:\0mcp-agv\scipilot-figure-skill\.venv\Lib\site-packages\pandas\tests\series\methods\test_tolist.py","test_tolist.py",".py",1115,"2026-08-25 20:50","method"
"E:\0mcp-agv\scipilot-figure-skill\.venv\Lib\site-packages\pandas\tests\series\methods\test_to_csv.py","test_to_csv.py",".py",6011,"2026-08-25 20:50","method"
"E:\0mcp-agv\scipilot-figure-skill\.venv\Lib\site-packages\pandas\tests\series\methods\test_to_dict.py","test_to_dict.py",".py",1178,"2026-08-25 20:50","method"
"E:\0mcp-agv\scipilot-figure-skill\.venv\Lib\site-packages\pandas\tests\series\methods\test_to_frame.py","test_to_frame.py",".py",1992,"2026-08-25 20:50","method"
"E:\0mcp-agv\scipilot-figure-skill\.venv\Lib\site-packages\pandas\tests\series\methods\test_to_numpy.py","test_to_numpy.py",".py",1321,"2026-08-25 20:50","method"
"E:\0mcp-agv\scipilot-figure-skill\.venv\Lib\site-packages\pandas\tests\series\methods\test_truncate.py","test_truncate.py",".py",2307,"2026-08-25 20:50","method"
"E:\0mcp-agv\scipilot-figure-skill\.venv\Lib\site-packages\pandas\tests\series\methods\test_tz_localize.py","test_tz_localize.py",".py",4626,"2026-08-25 20:50","method"
"E:\0mcp-agv\scipilot-figure-skill\.venv\Lib\site-packages\pandas\tests\series\methods\test_unique.py","test_unique.py",".py",2219,"2026-08-25 20:50","method"
"E:\0mcp-agv\scipilot-figure-skill\.venv\Lib\site-packages\pandas\tests\series\methods\test_unstack.py","test_unstack.py",".py",5057,"2026-08-25 20:50","method"
"E:\0mcp-agv\scipilot-figure-skill\.venv\Lib\site-packages\pandas\tests\series\methods\test_update.py","test_update.py",".py",4991,"2026-08-25 20:50","method"
"E:\0mcp-agv\scipilot-figure-skill\.venv\Lib\site-packages\pandas\tests\series\methods\test_values.py","test_values.py",".py",747,"2026-08-25 20:50","method"
"E:\0mcp-agv\scipilot-figure-skill\.venv\Lib\site-packages\pandas\tests\series\methods\test_value_counts.py","test_value_counts.py",".py",9723,"2026-08-25 20:50","method"
"E:\0mcp-agv\scipilot-figure-skill\.venv\Lib\site-packages\pandas\tests\series\methods\__init__.py","__init__.py",".py",225,"2026-08-25 20:50","method"
"E:\0mcp-agv\scipilot-figure-skill\.venv\Lib\site-packages\PIL\AvifImagePlugin.py","AvifImagePlugin.py",".py",9596,"2026-08-25 20:49","mag"
"E:\0mcp-agv\scipilot-figure-skill\.venv\Lib\site-packages\PIL\BlpImagePlugin.py","BlpImagePlugin.py",".py",17048,"2026-08-25 20:49","mag"
"E:\0mcp-agv\scipilot-figure-skill\.venv\Lib\site-packages\PIL\BmpImagePlugin.py","BmpImagePlugin.py",".py",20377,"2026-08-25 20:49","mag"
"E:\0mcp-agv\scipilot-figure-skill\.venv\Lib\site-packages\PIL\BufrStubImagePlugin.py","BufrStubImagePlugin.py",".py",1757,"2026-08-25 20:49","mag"
"E:\0mcp-agv\scipilot-figure-skill\.venv\Lib\site-packages\PIL\CurImagePlugin.py","CurImagePlugin.py",".py",2814,"2026-08-25 20:49","mag"
"E:\0mcp-agv\scipilot-figure-skill\.venv\Lib\site-packages\PIL\DcxImagePlugin.py","DcxImagePlugin.py",".py",2264,"2026-08-25 20:49","mag"
"E:\0mcp-agv\scipilot-figure-skill\.venv\Lib\site-packages\PIL\DdsImagePlugin.py","DdsImagePlugin.py",".py",19733,"2026-08-25 20:49","mag"
"E:\0mcp-agv\scipilot-figure-skill\.venv\Lib\site-packages\PIL\EpsImagePlugin.py","EpsImagePlugin.py",".py",17253,"2026-08-25 20:49","mag"
"E:\0mcp-agv\scipilot-figure-skill\.venv\Lib\site-packages\PIL\FitsImagePlugin.py","FitsImagePlugin.py",".py",4875,"2026-08-25 20:49","mag"
"E:\0mcp-agv\scipilot-figure-skill\.venv\Lib\site-packages\PIL\FliImagePlugin.py","FliImagePlugin.py",".py",5113,"2026-08-25 20:49","mag"
"E:\0mcp-agv\scipilot-figure-skill\.venv\Lib\site-packages\PIL\FpxImagePlugin.py","FpxImagePlugin.py",".py",7724,"2026-08-25 20:49","mag"
"E:\0mcp-agv\scipilot-figure-skill\.venv\Lib\site-packages\PIL\FtexImagePlugin.py","FtexImagePlugin.py",".py",3685,"2026-08-25 20:49","mag"
"E:\0mcp-agv\scipilot-figure-skill\.venv\Lib\site-packages\PIL\GbrImagePlugin.py","GbrImagePlugin.py",".py",3156,"2026-08-25 20:49","mag"
"E:\0mcp-agv\scipilot-figure-skill\.venv\Lib\site-packages\PIL\GdImageFile.py","GdImageFile.py",".py",2951,"2026-08-25 20:49","mag"
"E:\0mcp-agv\scipilot-figure-skill\.venv\Lib\site-packages\PIL\GifImagePlugin.py","GifImagePlugin.py",".py",43596,"2026-08-25 20:49","mag"
"E:\0mcp-agv\scipilot-figure-skill\.venv\Lib\site-packages\PIL\GribStubImagePlugin.py","GribStubImagePlugin.py",".py",1786,"2026-08-25 20:49","mag"
"E:\0mcp-agv\scipilot-figure-skill\.venv\Lib\site-packages\PIL\Hdf5StubImagePlugin.py","Hdf5StubImagePlugin.py",".py",1768,"2026-08-25 20:49","mag"
"E:\0mcp-agv\scipilot-figure-skill\.venv\Lib\site-packages\PIL\IcnsImagePlugin.py","IcnsImagePlugin.py",".py",12798,"2026-08-25 20:49","mag"
"E:\0mcp-agv\scipilot-figure-skill\.venv\Lib\site-packages\PIL\IcoImagePlugin.py","IcoImagePlugin.py",".py",13499,"2026-08-25 20:49","mag"
"E:\0mcp-agv\scipilot-figure-skill\.venv\Lib\site-packages\PIL\Image.py","Image.py",".py",158171,"2026-08-25 20:49","mag"
"E:\0mcp-agv\scipilot-figure-skill\.venv\Lib\site-packages\PIL\ImageChops.py","ImageChops.py",".py",8257,"2026-08-25 20:49","mag"
"E:\0mcp-agv\scipilot-figure-skill\.venv\Lib\site-packages\PIL\ImageCms.py","ImageCms.py",".py",41773,"2026-08-25 20:49","mag"
"E:\0mcp-agv\scipilot-figure-skill\.venv\Lib\site-packages\PIL\ImageColor.py","ImageColor.py",".py",9761,"2026-08-25 20:49","mag"
"E:\0mcp-agv\scipilot-figure-skill\.venv\Lib\site-packages\PIL\ImageDraw.py","ImageDraw.py",".py",36421,"2026-08-25 20:49","mag"
"E:\0mcp-agv\scipilot-figure-skill\.venv\Lib\site-packages\PIL\ImageDraw2.py","ImageDraw2.py",".py",7470,"2026-08-25 20:49","mag"
"E:\0mcp-agv\scipilot-figure-skill\.venv\Lib\site-packages\PIL\ImageEnhance.py","ImageEnhance.py",".py",3740,"2026-08-25 20:49","mag"
"E:\0mcp-agv\scipilot-figure-skill\.venv\Lib\site-packages\PIL\ImageFile.py","ImageFile.py",".py",30828,"2026-08-25 20:49","mag"
"E:\0mcp-agv\scipilot-figure-skill\.venv\Lib\site-packages\PIL\ImageFilter.py","ImageFilter.py",".py",19714,"2026-08-25 20:49","mag"
"E:\0mcp-agv\scipilot-figure-skill\.venv\Lib\site-packages\PIL\ImageFont.py","ImageFont.py",".py",65080,"2026-08-25 20:49","mag"
"E:\0mcp-agv\scipilot-figure-skill\.venv\Lib\site-packages\PIL\ImageGrab.py","ImageGrab.py",".py",8475,"2026-08-25 20:49","mag"
"E:\0mcp-agv\scipilot-figure-skill\.venv\Lib\site-packages\PIL\ImageMath.py","ImageMath.py",".py",10659,"2026-08-25 20:49","mag"
"E:\0mcp-agv\scipilot-figure-skill\.venv\Lib\site-packages\PIL\ImageMode.py","ImageMode.py",".py",2480,"2026-08-25 20:49","mag"
"E:\0mcp-agv\scipilot-figure-skill\.venv\Lib\site-packages\PIL\ImageMorph.py","ImageMorph.py",".py",10673,"2026-08-25 20:49","mag"
"E:\0mcp-agv\scipilot-figure-skill\.venv\Lib\site-packages\PIL\ImageOps.py","ImageOps.py",".py",26446,"2026-08-25 20:49","mag"
"E:\0mcp-agv\scipilot-figure-skill\.venv\Lib\site-packages\PIL\ImagePalette.py","ImagePalette.py",".py",9498,"2026-08-25 20:49","mag"
"E:\0mcp-agv\scipilot-figure-skill\.venv\Lib\site-packages\PIL\ImagePath.py","ImagePath.py",".py",391,"2026-08-25 20:49","mag"
"E:\0mcp-agv\scipilot-figure-skill\.venv\Lib\site-packages\PIL\ImageQt.py","ImageQt.py",".py",6903,"2026-08-25 20:49","mag"
"E:\0mcp-agv\scipilot-figure-skill\.venv\Lib\site-packages\PIL\ImageSequence.py","ImageSequence.py",".py",2341,"2026-08-25 20:49","mag"
"E:\0mcp-agv\scipilot-figure-skill\.venv\Lib\site-packages\PIL\ImageShow.py","ImageShow.py",".py",10684,"2026-08-25 20:49","mag"
"E:\0mcp-agv\scipilot-figure-skill\.venv\Lib\site-packages\PIL\ImageStat.py","ImageStat.py",".py",5662,"2026-08-25 20:49","mag"
"E:\0mcp-agv\scipilot-figure-skill\.venv\Lib\site-packages\PIL\ImageText.py","ImageText.py",".py",19087,"2026-08-25 20:49","mag"
"E:\0mcp-agv\scipilot-figure-skill\.venv\Lib\site-packages\PIL\ImageTk.py","ImageTk.py",".py",8398,"2026-08-25 20:49","mag"
"E:\0mcp-agv\scipilot-figure-skill\.venv\Lib\site-packages\PIL\ImageTransform.py","ImageTransform.py",".py",4052,"2026-08-25 20:49","mag"
"E:\0mcp-agv\scipilot-figure-skill\.venv\Lib\site-packages\PIL\ImageWin.py","ImageWin.py",".py",8345,"2026-08-25 20:49","mag"
"E:\0mcp-agv\scipilot-figure-skill\.venv\Lib\site-packages\PIL\ImImagePlugin.py","ImImagePlugin.py",".py",11992,"2026-08-25 20:49","mag"
"E:\0mcp-agv\scipilot-figure-skill\.venv\Lib\site-packages\PIL\ImtImagePlugin.py","ImtImagePlugin.py",".py",2768,"2026-08-25 20:49","mag"
"E:\0mcp-agv\scipilot-figure-skill\.venv\Lib\site-packages\PIL\IptcImagePlugin.py","IptcImagePlugin.py",".py",6663,"2026-08-25 20:49","mag"
"E:\0mcp-agv\scipilot-figure-skill\.venv\Lib\site-packages\PIL\Jpeg2KImagePlugin.py","Jpeg2KImagePlugin.py",".py",15088,"2026-08-25 20:49","mag"
"E:\0mcp-agv\scipilot-figure-skill\.venv\Lib\site-packages\PIL\JpegImagePlugin.py","JpegImagePlugin.py",".py",32223,"2026-08-25 20:49","mag"
"E:\0mcp-agv\scipilot-figure-skill\.venv\Lib\site-packages\PIL\McIdasImagePlugin.py","McIdasImagePlugin.py",".py",1955,"2026-08-25 20:49","mag"
"E:\0mcp-agv\scipilot-figure-skill\.venv\Lib\site-packages\PIL\MicImagePlugin.py","MicImagePlugin.py",".py",2702,"2026-08-25 20:49","mag"
"E:\0mcp-agv\scipilot-figure-skill\.venv\Lib\site-packages\PIL\MpegImagePlugin.py","MpegImagePlugin.py",".py",2094,"2026-08-25 20:49","mag"
"E:\0mcp-agv\scipilot-figure-skill\.venv\Lib\site-packages\PIL\MpoImagePlugin.py","MpoImagePlugin.py",".py",6987,"2026-08-25 20:49","mag"
"E:\0mcp-agv\scipilot-figure-skill\.venv\Lib\site-packages\PIL\MspImagePlugin.py","MspImagePlugin.py",".py",6072,"2026-08-25 20:49","mag"
"E:\0mcp-agv\scipilot-figure-skill\.venv\Lib\site-packages\PIL\PalmImagePlugin.py","PalmImagePlugin.py",".py",8965,"2026-08-25 20:49","mag"
"E:\0mcp-agv\scipilot-figure-skill\.venv\Lib\site-packages\PIL\PcdImagePlugin.py","PcdImagePlugin.py",".py",1842,"2026-08-25 20:49","mag"
"E:\0mcp-agv\scipilot-figure-skill\.venv\Lib\site-packages\PIL\PcxImagePlugin.py","PcxImagePlugin.py",".py",6596,"2026-08-25 20:49","mag"
"E:\0mcp-agv\scipilot-figure-skill\.venv\Lib\site-packages\PIL\PdfImagePlugin.py","PdfImagePlugin.py",".py",9720,"2026-08-25 20:49","mag"
"E:\0mcp-agv\scipilot-figure-skill\.venv\Lib\site-packages\PIL\PixarImagePlugin.py","PixarImagePlugin.py",".py",1830,"2026-08-25 20:49","mag"
"E:\0mcp-agv\scipilot-figure-skill\.venv\Lib\site-packages\PIL\PngImagePlugin.py","PngImagePlugin.py",".py",53977,"2026-08-25 20:49","mag"
"E:\0mcp-agv\scipilot-figure-skill\.venv\Lib\site-packages\PIL\PpmImagePlugin.py","PpmImagePlugin.py",".py",12719,"2026-08-25 20:49","mag"
"E:\0mcp-agv\scipilot-figure-skill\.venv\Lib\site-packages\PIL\PsdImagePlugin.py","PsdImagePlugin.py",".py",9249,"2026-08-25 20:49","mag"
"E:\0mcp-agv\scipilot-figure-skill\.venv\Lib\site-packages\PIL\QoiImagePlugin.py","QoiImagePlugin.py",".py",8831,"2026-08-25 20:49","mag"
"E:\0mcp-agv\scipilot-figure-skill\.venv\Lib\site-packages\PIL\SgiImagePlugin.py","SgiImagePlugin.py",".py",6602,"2026-08-25 20:49","mag"
"E:\0mcp-agv\scipilot-figure-skill\.venv\Lib\site-packages\PIL\SpiderImagePlugin.py","SpiderImagePlugin.py",".py",10626,"2026-08-25 20:49","mag"
"E:\0mcp-agv\scipilot-figure-skill\.venv\Lib\site-packages\PIL\SunImagePlugin.py","SunImagePlugin.py",".py",4734,"2026-08-25 20:49","mag"
"E:\0mcp-agv\scipilot-figure-skill\.venv\Lib\site-packages\PIL\TgaImagePlugin.py","TgaImagePlugin.py",".py",8017,"2026-08-25 20:49","mag"
"E:\0mcp-agv\scipilot-figure-skill\.venv\Lib\site-packages\PIL\TiffImagePlugin.py","TiffImagePlugin.py",".py",88301,"2026-08-25 20:49","mag"
"E:\0mcp-agv\scipilot-figure-skill\.venv\Lib\site-packages\PIL\WalImageFile.py","WalImageFile.py",".py",5891,"2026-08-25 20:49","mag"
"E:\0mcp-agv\scipilot-figure-skill\.venv\Lib\site-packages\PIL\WebPImagePlugin.py","WebPImagePlugin.py",".py",10289,"2026-08-25 20:49","mag"
"E:\0mcp-agv\scipilot-figure-skill\.venv\Lib\site-packages\PIL\WmfImagePlugin.py","WmfImagePlugin.py",".py",5390,"2026-08-25 20:49","mag"
"E:\0mcp-agv\scipilot-figure-skill\.venv\Lib\site-packages\PIL\XbmImagePlugin.py","XbmImagePlugin.py",".py",2767,"2026-08-25 20:49","mag"
"E:\0mcp-agv\scipilot-figure-skill\.venv\Lib\site-packages\PIL\XpmImagePlugin.py","XpmImagePlugin.py",".py",4539,"2026-08-25 20:49","mag"
"E:\0mcp-agv\scipilot-figure-skill\.venv\Lib\site-packages\PIL\XVThumbImagePlugin.py","XVThumbImagePlugin.py",".py",2209,"2026-08-25 20:49","mag"
"E:\0mcp-agv\scipilot-figure-skill\.venv\Lib\site-packages\plotly\graph_objs\_image.py","_image.py",".py",52950,"2026-08-25 20:49","mag"
"E:\0mcp-agv\scipilot-figure-skill\.venv\Lib\site-packages\plotly\graph_objs\image\_hoverlabel.py","_hoverlabel.py",".py",11250,"2026-08-25 20:49","mag"
"E:\0mcp-agv\scipilot-figure-skill\.venv\Lib\site-packages\plotly\graph_objs\image\_legendgrouptitle.py","_legendgrouptitle.py",".py",2925,"2026-08-25 20:49","mag"
"E:\0mcp-agv\scipilot-figure-skill\.venv\Lib\site-packages\plotly\graph_objs\image\_stream.py","_stream.py",".py",3489,"2026-08-25 20:49","mag"
"E:\0mcp-agv\scipilot-figure-skill\.venv\Lib\site-packages\plotly\graph_objs\image\__init__.py","__init__.py",".py",579,"2026-08-25 20:49","mag"
"E:\0mcp-agv\scipilot-figure-skill\.venv\Lib\site-packages\plotly\graph_objs\image\hoverlabel\_font.py","_font.py",".py",17134,"2026-08-25 20:49","mag"
"E:\0mcp-agv\scipilot-figure-skill\.venv\Lib\site-packages\plotly\graph_objs\image\hoverlabel\__init__.py","__init__.py",".py",237,"2026-08-25 20:49","mag"
"E:\0mcp-agv\scipilot-figure-skill\.venv\Lib\site-packages\plotly\graph_objs\image\legendgrouptitle\_font.py","_font.py",".py",9917,"2026-08-25 20:49","mag"
"E:\0mcp-agv\scipilot-figure-skill\.venv\Lib\site-packages\plotly\graph_objs\image\legendgrouptitle\__init__.py","__init__.py",".py",237,"2026-08-25 20:49","mag"
"E:\0mcp-agv\scipilot-figure-skill\.venv\Lib\site-packages\plotly\graph_objs\layout\_image.py","_image.py",".py",21521,"2026-08-25 20:49","mag"
"E:\0mcp-agv\scipilot-figure-skill\.venv\Lib\site-packages\plotly\graph_objs\layout\smith\_imaginaryaxis.py","_imaginaryaxis.py",".py",28582,"2026-08-25 20:49","mag"
"E:\0mcp-agv\scipilot-figure-skill\.venv\Lib\site-packages\plotly\graph_objs\layout\smith\imaginaryaxis\_tickfont.py","_tickfont.py",".py",9956,"2026-08-25 20:49","mag"
"E:\0mcp-agv\scipilot-figure-skill\.venv\Lib\site-packages\plotly\graph_objs\layout\smith\imaginaryaxis\__init__.py","__init__.py",".py",267,"2026-08-25 20:49","mag"
"E:\0mcp-agv\scipilot-figure-skill\.venv\Lib\site-packages\plotly\graph_objs\layout\template\data\_image.py","_image.py",".py",36,"2026-08-25 20:49","mag"
"E:\0mcp-agv\scipilot-figure-skill\.venv\Lib\site-packages\pythonwin\pywin\docking\DockingBar.py","DockingBar.py",".py",24001,"2026-08-25 20:48","dock"
"E:\0mcp-agv\scipilot-figure-skill\.venv\Lib\site-packages\pythonwin\pywin\docking\__init__.py","__init__.py",".py",0,"2026-08-25 20:48","dock"
"E:\0mcp-agv\scipilot-figure-skill\.venv\Lib\site-packages\scipy\ndimage\filters.py","filters.py",".py",1003,"2026-08-25 20:49","mag"
"E:\0mcp-agv\scipilot-figure-skill\.venv\Lib\site-packages\scipy\ndimage\fourier.py","fourier.py",".py",620,"2026-08-25 20:49","mag"
"E:\0mcp-agv\scipilot-figure-skill\.venv\Lib\site-packages\scipy\ndimage\interpolation.py","interpolation.py",".py",686,"2026-08-25 20:49","mag"
"E:\0mcp-agv\scipilot-figure-skill\.venv\Lib\site-packages\scipy\ndimage\measurements.py","measurements.py",".py",812,"2026-08-25 20:49","mag"
"E:\0mcp-agv\scipilot-figure-skill\.venv\Lib\site-packages\scipy\ndimage\morphology.py","morphology.py",".py",992,"2026-08-25 20:49","mag"
"E:\0mcp-agv\scipilot-figure-skill\.venv\Lib\site-packages\scipy\ndimage\_delegators.py","_delegators.py",".py",9713,"2026-08-25 20:49","mag"
"E:\0mcp-agv\scipilot-figure-skill\.venv\Lib\site-packages\scipy\ndimage\_filters.py","_filters.py",".py",94771,"2026-08-25 20:49","mag"
"E:\0mcp-agv\scipilot-figure-skill\.venv\Lib\site-packages\scipy\ndimage\_fourier.py","_fourier.py",".py",11572,"2026-08-25 20:49","mag"
"E:\0mcp-agv\scipilot-figure-skill\.venv\Lib\site-packages\scipy\ndimage\_interpolation.py","_interpolation.py",".py",38773,"2026-08-25 20:49","mag"
"E:\0mcp-agv\scipilot-figure-skill\.venv\Lib\site-packages\scipy\ndimage\_measurements.py","_measurements.py",".py",57938,"2026-08-25 20:49","mag"
"E:\0mcp-agv\scipilot-figure-skill\.venv\Lib\site-packages\scipy\ndimage\_morphology.py","_morphology.py",".py",103603,"2026-08-25 20:49","mag"
"E:\0mcp-agv\scipilot-figure-skill\.venv\Lib\site-packages\scipy\ndimage\_ndimage_api.py","_ndimage_api.py",".py",602,"2026-08-25 20:49","mag"
"E:\0mcp-agv\scipilot-figure-skill\.venv\Lib\site-packages\scipy\ndimage\_ni_docstrings.py","_ni_docstrings.py",".py",8941,"2026-08-25 20:49","mag"
"E:\0mcp-agv\scipilot-figure-skill\.venv\Lib\site-packages\scipy\ndimage\_ni_support.py","_ni_support.py",".py",5355,"2026-08-25 20:49","mag"
"E:\0mcp-agv\scipilot-figure-skill\.venv\Lib\site-packages\scipy\ndimage\_support_alternative_backends.py","_support_alternative_backends.py",".py",4265,"2026-08-25 20:49","mag"
"E:\0mcp-agv\scipilot-figure-skill\.venv\Lib\site-packages\scipy\ndimage\__init__.py","__init__.py",".py",5349,"2026-08-25 20:49","mag"
"E:\0mcp-agv\scipilot-figure-skill\.venv\Lib\site-packages\scipy\ndimage\tests\test_c_api.py","test_c_api.py",".py",3840,"2026-08-25 20:49","mag"
"E:\0mcp-agv\scipilot-figure-skill\.venv\Lib\site-packages\scipy\ndimage\tests\test_datatypes.py","test_datatypes.py",".py",2886,"2026-08-25 20:49","mag"
"E:\0mcp-agv\scipilot-figure-skill\.venv\Lib\site-packages\scipy\ndimage\tests\test_filters.py","test_filters.py",".py",138012,"2026-08-25 20:49","mag"
"E:\0mcp-agv\scipilot-figure-skill\.venv\Lib\site-packages\scipy\ndimage\tests\test_fourier.py","test_fourier.py",".py",8277,"2026-08-25 20:49","mag"
"E:\0mcp-agv\scipilot-figure-skill\.venv\Lib\site-packages\scipy\ndimage\tests\test_interpolation.py","test_interpolation.py",".py",62789,"2026-08-25 20:49","mag"
"E:\0mcp-agv\scipilot-figure-skill\.venv\Lib\site-packages\scipy\ndimage\tests\test_measurements.py","test_measurements.py",".py",64312,"2026-08-25 20:49","mag"
"E:\0mcp-agv\scipilot-figure-skill\.venv\Lib\site-packages\scipy\ndimage\tests\test_morphology.py","test_morphology.py",".py",140972,"2026-08-25 20:49","mag"
"E:\0mcp-agv\scipilot-figure-skill\.venv\Lib\site-packages\scipy\ndimage\tests\test_ni_support.py","test_ni_support.py",".py",2561,"2026-08-25 20:49","mag"
"E:\0mcp-agv\scipilot-figure-skill\.venv\Lib\site-packages\scipy\ndimage\tests\test_splines.py","test_splines.py",".py",2428,"2026-08-25 20:49","mag"
"E:\0mcp-agv\scipilot-figure-skill\.venv\Lib\site-packages\scipy\ndimage\tests\__init__.py","__init__.py",".py",326,"2026-08-25 20:49","mag"
"E:\0mcp-agv\scipilot-figure-skill\.venv\Lib\site-packages\scipy\ndimage\tests\data\label_inputs.txt","label_inputs.txt",".txt",315,"2026-08-25 20:49","mag"
"E:\0mcp-agv\scipilot-figure-skill\.venv\Lib\site-packages\scipy\ndimage\tests\data\label_results.txt","label_results.txt",".txt",4603,"2026-08-25 20:49","mag"
"E:\0mcp-agv\scipilot-figure-skill\.venv\Lib\site-packages\scipy\ndimage\tests\data\label_strels.txt","label_strels.txt",".txt",294,"2026-08-25 20:49","mag"
"E:\0mcp-agv\scipilot-figure-skill\.venv\Lib\site-packages\scipy\stats\sampling.py","sampling.py",".py",2012,"2026-08-25 20:49","amp"
"E:\0mcp-agv\scipilot-figure-skill\.venv\Lib\site-packages\scipy\stats\_resampling.py","_resampling.py",".py",108507,"2026-08-25 20:49","amp"
"E:\0mcp-agv\scipilot-figure-skill\.venv\Lib\site-packages\scipy\stats\_sampling.py","_sampling.py",".py",47721,"2026-08-25 20:49","amp"
"E:\0mcp-agv\scipilot-figure-skill\.venv\Lib\site-packages\scipy\stats\tests\test_resampling.py","test_resampling.py",".py",94416,"2026-08-25 20:49","amp"
"E:\0mcp-agv\scipilot-figure-skill\.venv\Lib\site-packages\scipy\stats\tests\test_sampling.py","test_sampling.py",".py",56322,"2026-08-25 20:49","amp"
"E:\0mcp-agv\scipilot-figure-skill\.venv\Lib\site-packages\scipy\_lib\_elementwise_iterative_method.py","_elementwise_iterative_method.py",".py",15369,"2026-08-25 20:49","method"
"E:\0mcp-agv\scipilot-figure-skill\.venv\Lib\site-packages\win32\lib\regutil.py","regutil.py",".py",12574,"2026-08-25 20:48","gut"
"E:\0mcp-agv\scipilot-figure-skill\.venv\Lib\site-packages\win32\lib\win32evtlogutil.py","win32evtlogutil.py",".py",7827,"2026-08-25 20:48","gut"
"E:\0mcp-agv\scipilot-figure-skill\.venv\Lib\site-packages\win32\lib\win32verstamp.py","win32verstamp.py",".py",7210,"2026-08-25 20:48","amp"
"E:\0mcp-agv\scipilot-figure-skill\.venv\Lib\site-packages\win32\lib\_win32verstamp_pywin32ctypes.py","_win32verstamp_pywin32ctypes.py",".py",4634,"2026-08-25 20:48","amp"
"E:\0mcp-agv\scipilot-figure-skill\.venv\Lib\site-packages\win32\scripts\VersionStamp\BrandProject.py","BrandProject.py",".py",2845,"2026-08-25 20:48","amp"
"E:\0mcp-agv\scipilot-figure-skill\.venv\Lib\site-packages\win32\scripts\VersionStamp\bulkstamp.py","bulkstamp.py",".py",4825,"2026-08-25 20:48","amp"
"E:\0mcp-agv\scipilot-figure-skill\.venv\Lib\site-packages\win32\scripts\VersionStamp\vssutil.py","vssutil.py",".py",5818,"2026-08-25 20:48","amp"
"E:\0mcp-agv\sci_docking_studio\build_portable_package.py","build_portable_package.py",".py",3939,"2026-08-26 10:01","dock"
"E:\0mcp-agv\sci_docking_studio\composite_multi_panel.py","composite_multi_panel.py",".py",6178,"2026-08-26 09:52","dock"
"E:\0mcp-agv\sci_docking_studio\core_engine.py","core_engine.py",".py",31075,"2026-10-05 19:29","dock"
"E:\0mcp-agv\sci_docking_studio\gui_app.py","gui_app.py",".py",35262,"2026-08-26 09:56","dock"
"E:\0mcp-agv\sci_docking_studio\README.md","README.md",".md",7957,"2026-08-26 09:57","dock"
"E:\0mcp-agv\sci_docking_studio\run_cli.bat","run_cli.bat",".bat",992,"2026-08-26 10:01","dock"
"E:\0mcp-agv\sci_docking_studio\run_gui.bat","run_gui.bat",".bat",504,"2026-08-26 09:42","dock"
"E:\0mcp-agv\sci_docking_studio\sci_docking_cli.py","sci_docking_cli.py",".py",7009,"2026-08-26 10:00","dock"
"E:\0mcp-agv\sci_docking_studio\spark_docking_pipeline.py","spark_docking_pipeline.py",".py",4697,"2026-08-26 10:01","dock"
"E:\0mcp-agv\smart-illustrator\references\slides-prompt-example.json","slides-prompt-example.json",".json",9217,"2026-08-24 17:59","amp"
"E:\0mcp-agv-arena-optimized\.venv\Lib\site-packages\adodbapi\examples\db_print.py","db_print.py",".py",2288,"2026-10-02 13:27","amp"
"E:\0mcp-agv-arena-optimized\.venv\Lib\site-packages\adodbapi\examples\db_table_names.py","db_table_names.py",".py",526,"2026-10-02 13:27","amp"
"E:\0mcp-agv-arena-optimized\.venv\Lib\site-packages\adodbapi\examples\xls_read.py","xls_read.py",".py",1131,"2026-10-02 13:27","amp"
"E:\0mcp-agv-arena-optimized\.venv\Lib\site-packages\adodbapi\examples\xls_write.py","xls_write.py",".py",1463,"2026-10-02 13:27","amp"
"E:\0mcp-agv-arena-optimized\.venv\Lib\site-packages\comtypes\logutil.py","logutil.py",".py",2308,"2026-10-02 13:27","gut"
"E:\0mcp-agv-arena-optimized\.venv\Lib\site-packages\comtypes\test\test_logutil.py","test_logutil.py",".py",9774,"2026-10-02 13:27","gut"
"E:\0mcp-agv-arena-optimized\.venv\Lib\site-packages\comtypes\_post_coinit\instancemethod.py","instancemethod.py",".py",369,"2026-10-02 13:27","method"
"E:\0mcp-agv-arena-optimized\.venv\Lib\site-packages\isapi\samples\advanced.py","advanced.py",".py",8124,"2026-10-02 13:27","amp"
"E:\0mcp-agv-arena-optimized\.venv\Lib\site-packages\isapi\samples\README.txt","README.txt",".txt",1023,"2026-10-02 13:27","amp"
"E:\0mcp-agv-arena-optimized\.venv\Lib\site-packages\isapi\samples\redirector.py","redirector.py",".py",4587,"2026-10-02 13:27","amp"
"E:\0mcp-agv-arena-optimized\.venv\Lib\site-packages\isapi\samples\redirector_asynch.py","redirector_asynch.py",".py",2812,"2026-10-02 13:27","amp"
"E:\0mcp-agv-arena-optimized\.venv\Lib\site-packages\isapi\samples\redirector_with_filter.py","redirector_with_filter.py",".py",6574,"2026-10-02 13:27","amp"
"E:\0mcp-agv-arena-optimized\.venv\Lib\site-packages\isapi\samples\test.py","test.py",".py",6513,"2026-10-02 13:27","amp"
"E:\0mcp-agv-arena-optimized\.venv\Lib\site-packages\pythonwin\pywin\docking\DockingBar.py","DockingBar.py",".py",24001,"2026-10-02 13:27","dock"
"E:\0mcp-agv-arena-optimized\.venv\Lib\site-packages\pythonwin\pywin\docking\__init__.py","__init__.py",".py",0,"2026-10-02 13:27","dock"
"E:\0mcp-agv-arena-optimized\.venv\Lib\site-packages\win32\lib\regutil.py","regutil.py",".py",12574,"2026-10-02 13:27","gut"
"E:\0mcp-agv-arena-optimized\.venv\Lib\site-packages\win32\lib\win32evtlogutil.py","win32evtlogutil.py",".py",7827,"2026-10-02 13:27","gut"
"E:\0mcp-agv-arena-optimized\.venv\Lib\site-packages\win32\lib\win32verstamp.py","win32verstamp.py",".py",7210,"2026-10-02 13:27","amp"
"E:\0mcp-agv-arena-optimized\.venv\Lib\site-packages\win32\lib\_win32verstamp_pywin32ctypes.py","_win32verstamp_pywin32ctypes.py",".py",4634,"2026-10-02 13:27","amp"
"E:\0mcp-agv-arena-optimized\.venv\Lib\site-packages\win32\scripts\VersionStamp\BrandProject.py","BrandProject.py",".py",2845,"2026-10-02 13:27","amp"
"E:\0mcp-agv-arena-optimized\.venv\Lib\site-packages\win32\scripts\VersionStamp\bulkstamp.py","bulkstamp.py",".py",4825,"2026-10-02 13:27","amp"
"E:\0mcp-agv-arena-optimized\.venv\Lib\site-packages\win32\scripts\VersionStamp\vssutil.py","vssutil.py",".py",5818,"2026-10-02 13:27","amp"
"E:\0mcp-agv-arena-optimized\browser-tests\browserskill_edge_r225\edge-profile\Edge Sidebar\2026.2.24.1\edge_hub_apps_ImageCreator_DarkMode.png\1.0.25\metadata.json","metadata.json",".json",172,"2026-02-24 08:08","mag"
"E:\0mcp-agv-arena-optimized\browser-tests\browserskill_edge_r225\edge-profile\Edge Sidebar\2026.2.24.1\edge_hub_apps_ImageCreator_HighContrast.png\1.0.25\metadata.json","metadata.json",".json",176,"2026-02-24 08:08","mag"
"E:\0mcp-agv-arena-optimized\browser-tests\browserskill_edge_r225\edge-profile\Edge Sidebar\2026.2.24.1\edge_hub_apps_ImageCreator_LightMode.png\1.0.25\metadata.json","metadata.json",".json",173,"2026-02-24 08:08","mag"
"E:\0mcp-agv-arena-optimized\browser-tests\browserskill_edge_r225\edge-profile\Edge3pSerp\2026.9.20.1\google_image_config\1.0.3\metadata.json","metadata.json",".json",166,"2026-09-20 10:54","mag"
"E:\0mcp-agv-arena-optimized\browser-tests\browserskill_edge_r225\edge-profile\Edge3pSerp\2026.9.20.1\google_image_v2_config\1.0.2\metadata.json","metadata.json",".json",169,"2026-09-20 10:54","mag"
"E:\0mcp-agv-arena-optimized\browser-tests\edge_task_r221\edge-cdp-profile\Edge Sidebar\2026.2.24.1\edge_hub_apps_ImageCreator_DarkMode.png\1.0.25\metadata.json","metadata.json",".json",172,"2026-02-24 08:08","mag"
"E:\0mcp-agv-arena-optimized\browser-tests\edge_task_r221\edge-cdp-profile\Edge Sidebar\2026.2.24.1\edge_hub_apps_ImageCreator_HighContrast.png\1.0.25\metadata.json","metadata.json",".json",176,"2026-02-24 08:08","mag"
"E:\0mcp-agv-arena-optimized\browser-tests\edge_task_r221\edge-cdp-profile\Edge Sidebar\2026.2.24.1\edge_hub_apps_ImageCreator_LightMode.png\1.0.25\metadata.json","metadata.json",".json",173,"2026-02-24 08:08","mag"
"E:\0mcp-agv-arena-optimized\browser-tests\edge_task_r221\edge-cdp-profile\Edge3pSerp\2026.9.20.1\google_image_config\1.0.3\metadata.json","metadata.json",".json",166,"2026-09-20 10:54","mag"
"E:\0mcp-agv-arena-optimized\browser-tests\edge_task_r221\edge-cdp-profile\Edge3pSerp\2026.9.20.1\google_image_v2_config\1.0.2\metadata.json","metadata.json",".json",169,"2026-09-20 10:54","mag"
"E:\0mcp-agv-arena-optimized\career\career-ops\docker-compose.yml","docker-compose.yml",".yml",1155,"2026-10-05 09:23","dock"
"E:\0mcp-agv-arena-optimized\career\career-ops\DOCKER.md","DOCKER.md",".md",4124,"2026-10-05 09:23","dock"
"E:\0mcp-agv-arena-optimized\career\career-ops\opencode.example.json","opencode.example.json",".json",189,"2026-10-05 09:23","amp"
"E:\0mcp-agv-arena-optimized\career\career-ops\config\cv-facts.example.json","cv-facts.example.json",".json",209,"2026-10-05 09:23","amp"
"E:\0mcp-agv-arena-optimized\career\career-ops\config\local-paths.example.txt","local-paths.example.txt",".txt",2082,"2026-10-05 09:23","amp"
"E:\0mcp-agv-arena-optimized\career\career-ops\config\plugins.example.yml","plugins.example.yml",".yml",1819,"2026-10-05 09:23","amp"
"E:\0mcp-agv-arena-optimized\career\career-ops\config\profile.example.yml","profile.example.yml",".yml",19156,"2026-10-05 09:23","amp"
"E:\0mcp-agv-arena-optimized\career\career-ops\examples\article-digest-example.md","article-digest-example.md",".md",1705,"2026-10-05 09:23","amp"
"E:\0mcp-agv-arena-optimized\career\career-ops\examples\ats-normalization-test.md","ats-normalization-test.md",".md",2369,"2026-10-05 09:23","amp"
"E:\0mcp-agv-arena-optimized\career\career-ops\examples\cv-example.md","cv-example.md",".md",2148,"2026-10-05 09:23","amp"
"E:\0mcp-agv-arena-optimized\career\career-ops\examples\README.md","README.md",".md",1838,"2026-10-05 09:23","amp"
"E:\0mcp-agv-arena-optimized\career\career-ops\examples\resume-example.md","resume-example.md",".md",2511,"2026-10-05 09:23","amp"
"E:\0mcp-agv-arena-optimized\career\career-ops\examples\sample-report.md","sample-report.md",".md",3265,"2026-10-05 09:23","amp"
"E:\0mcp-agv-arena-optimized\career\career-ops\examples\dual-track-engineer-instructor\cv.md","cv.md",".md",6713,"2026-10-05 09:23","amp"
"E:\0mcp-agv-arena-optimized\career\career-ops\examples\dual-track-engineer-instructor\profile.yml","profile.yml",".yml",5525,"2026-10-05 09:23","amp"
"E:\0mcp-agv-arena-optimized\career\career-ops\examples\dual-track-engineer-instructor\README.md","README.md",".md",7031,"2026-10-05 09:23","amp"
"E:\0mcp-agv-arena-optimized\career\career-ops\examples\latex-tex\README.md","README.md",".md",528,"2026-10-05 09:23","amp"
"E:\0mcp-agv-arena-optimized\career\career-ops\templates\blacklist.example.md","blacklist.example.md",".md",1432,"2026-10-05 09:23","amp"
"E:\0mcp-agv-arena-optimized\career\career-ops\templates\career-profile.example.yml","career-profile.example.yml",".yml",272,"2026-10-05 09:23","amp"
"E:\0mcp-agv-arena-optimized\career\career-ops\templates\portals.example.yml","portals.example.yml",".yml",144715,"2026-10-05 09:23","amp"
"E:\0mcp-agv-arena-optimized\career\career-ops\writing-samples\README.md","README.md",".md",754,"2026-10-05 09:23","amp"
"E:\0mcp-agv-arena-optimized\configs\windows-computer-use-mcp-sample.json","windows-computer-use-mcp-sample.json",".json",782,"2026-10-02 13:30","amp"
"E:\0mcp-agv-arena-optimized\github\claude-quickstarts-computer-use-demo\computer-use-demo\image\entrypoint.sh","entrypoint.sh",".sh",390,"2026-10-02 13:27","mag"
"E:\0mcp-agv-arena-optimized\github\claude-quickstarts-computer-use-demo\computer-use-demo\image\http_server.py","http_server.py",".py",492,"2026-10-02 13:27","mag"
"E:\0mcp-agv-arena-optimized\github\claude-quickstarts-computer-use-demo\computer-use-demo\image\mutter_startup.sh","mutter_startup.sh",".sh",466,"2026-10-02 13:27","mag"
"E:\0mcp-agv-arena-optimized\github\claude-quickstarts-computer-use-demo\computer-use-demo\image\novnc_startup.sh","novnc_startup.sh",".sh",436,"2026-10-02 13:27","mag"
"E:\0mcp-agv-arena-optimized\github\claude-quickstarts-computer-use-demo\computer-use-demo\image\start_all.sh","start_all.sh",".sh",138,"2026-10-02 13:27","mag"
"E:\0mcp-agv-arena-optimized\github\claude-quickstarts-computer-use-demo\computer-use-demo\image\tint2_startup.sh","tint2_startup.sh",".sh",568,"2026-10-02 13:27","mag"
"E:\0mcp-agv-arena-optimized\github\claude-quickstarts-computer-use-demo\computer-use-demo\image\x11vnc_startup.sh","x11vnc_startup.sh",".sh",1003,"2026-10-02 13:27","mag"
"E:\0mcp-agv-arena-optimized\github\claude-quickstarts-computer-use-demo\computer-use-demo\image\xvfb_startup.sh","xvfb_startup.sh",".sh",1166,"2026-10-02 13:27","mag"
"E:\0mcp-agv-arena-optimized\github\pywinauto-mcp\examples\calculator_advanced.py","calculator_advanced.py",".py",1409,"2026-10-02 15:30","amp"
"E:\0mcp-agv-arena-optimized\github\pywinauto-mcp\examples\demo_mouse_dance.py","demo_mouse_dance.py",".py",1917,"2026-10-02 15:30","amp"
"E:\0mcp-agv-arena-optimized\github\pywinauto-mcp\examples\demo_notepad_grid.py","demo_notepad_grid.py",".py",6940,"2026-10-02 15:30","amp"
"E:\0mcp-agv-arena-optimized\github\pywinauto-mcp\examples\demo_notepad_helpers.py","demo_notepad_helpers.py",".py",2799,"2026-10-02 15:30","amp"
"E:\0mcp-agv-arena-optimized\github\pywinauto-mcp\examples\demo_notepad_typewriter.py","demo_notepad_typewriter.py",".py",2175,"2026-10-02 15:30","amp"
"E:\0mcp-agv-arena-optimized\github\pywinauto-mcp\examples\notepad_automation.ps1","notepad_automation.ps1",".ps1",2019,"2026-10-02 15:30","amp"
"E:\0mcp-agv-arena-optimized\github\pywinauto-mcp\examples\notepad_basic.py","notepad_basic.py",".py",1370,"2026-10-02 15:30","amp"
"E:\0mcp-agv-arena-optimized\github\pywinauto-mcp\examples\README.md","README.md",".md",1599,"2026-10-02 15:30","amp"
"E:\0mcp-agv-arena-optimized\github\pywinauto-mcp\examples\system_monitoring.py","system_monitoring.py",".py",1117,"2026-10-02 15:30","amp"
"E:\0mcp-agv-arena-optimized\github\pywinauto-mcp\tests\test_images\README.md","README.md",".md",711,"2026-10-02 15:30","mag"
"E:\0mcp-agv-arena-optimized\resume-samples\resume_artifacts_manifest_r219.json","resume_artifacts_manifest_r219.json",".json",543,"2026-10-02 16:30","amp"
"E:\0mcp-agv-arena-optimized\resume-samples\sample_resume_privacy_safe_r219.docx","sample_resume_privacy_safe_r219.docx",".docx",2924,"2026-10-02 16:30","amp"
"E:\0mcp-agv-arena-optimized\resume-samples\sample_resume_privacy_safe_r219.md","sample_resume_privacy_safe_r219.md",".md",1941,"2026-10-02 16:30","amp"
"E:\0mcp-agv-arena-optimized\skills\jianying-editor\examples\all_elements_regen.py","all_elements_regen.py",".py",2479,"2026-10-03 01:18","amp"
"E:\0mcp-agv-arena-optimized\skills\jianying-editor\examples\auto_exposure_align_demo.py","auto_exposure_align_demo.py",".py",1565,"2026-10-03 01:18","amp"
"E:\0mcp-agv-arena-optimized\skills\jianying-editor\examples\cloud_video_music_tts_demo.py","cloud_video_music_tts_demo.py",".py",2159,"2026-10-03 01:18","amp"
"E:\0mcp-agv-arena-optimized\skills\jianying-editor\examples\compound_clip_demo.py","compound_clip_demo.py",".py",1999,"2026-10-03 01:18","amp"
"E:\0mcp-agv-arena-optimized\skills\jianying-editor\examples\my_first_vlog.py","my_first_vlog.py",".py",1393,"2026-10-03 01:18","amp"
"E:\0mcp-agv-arena-optimized\skills\jianying-editor\examples\robust_auto_export.py","robust_auto_export.py",".py",20609,"2026-10-03 01:18","amp"
"E:\0mcp-agv-arena-optimized\skills\jianying-editor\examples\simple_clip_demo.py","simple_clip_demo.py",".py",1417,"2026-10-03 01:18","amp"
"E:\0mcp-agv-arena-optimized\skills\jianying-editor\examples\video_transcribe_and_match.py","video_transcribe_and_match.py",".py",6458,"2026-10-03 01:18","amp"
"E:\0mcp-agv-arena-optimized\skills\jianying-editor\examples\web_to_video_intro_demo.py","web_to_video_intro_demo.py",".py",3373,"2026-10-03 01:18","amp"
"E:\0mcp-agv-arena-optimized\skills\jianying-editor\examples\_bootstrap.py","_bootstrap.py",".py",2175,"2026-10-03 01:18","amp"
"E:\0mcp-agv-arena-optimized\tools\hypit-npm-package\node_modules\@hypit\hypit\examples\README.md","README.md",".md",2600,"2026-10-05 09:24","amp"
"E:\0mcp-agv-arena-optimized\tools\hypit-npm-package\node_modules\@hypit\hypit\examples\minimal-author-package\README.md","README.md",".md",1258,"2026-10-05 09:24","amp"
"E:\0mcp-agv-arena-optimized\tools\hypit-npm-package\node_modules\@hypit\hypit\examples\minimal-author-package\packages\example-component\package.json","package.json",".json",525,"2026-10-05 09:24","amp"
"E:\0mcp-agv-arena-optimized\tools\hypit-npm-package\node_modules\@hypit\hypit\examples\minimal-author-package\packages\example-component\README.md","README.md",".md",2828,"2026-10-05 09:24","amp"
"E:\0mcp-agv-arena-optimized\tools\hypit-npm-package\node_modules\@hypit\hypit\examples\minimal-author-package\packages\example-component\tsconfig.json","tsconfig.json",".json",419,"2026-10-05 09:24","amp"
"E:\0mcp-agv-arena-optimized\tools\hypit-npm-package\node_modules\@hypit\hypit\examples\provider-package\hypit.runtime.json","hypit.runtime.json",".json",692,"2026-10-05 09:24","amp"
"E:\0mcp-agv-arena-optimized\tools\hypit-npm-package\node_modules\@hypit\hypit\examples\provider-package\README.md","README.md",".md",10603,"2026-10-05 09:24","amp"
"E:\0mcp-agv-arena-optimized\tools\hypit-npm-package\node_modules\@hypit\hypit\examples\provider-package\packages\provider-images\package.json","package.json",".json",421,"2026-10-05 09:24","amp|mag"
"E:\0mcp-agv-arena-optimized\tools\hypit-npm-package\node_modules\@hypit\hypit\examples\provider-package\packages\provider-images\tsconfig.json","tsconfig.json",".json",371,"2026-10-05 09:24","amp|mag"
"E:\0mcp-agv-arena-optimized\tools\hypit-npm-package\node_modules\@hypit\hypit\examples\provider-package\packages\provider-videos\package.json","package.json",".json",420,"2026-10-05 09:24","amp"
"E:\0mcp-agv-arena-optimized\tools\hypit-npm-package\node_modules\@hypit\hypit\examples\provider-package\packages\provider-videos\tsconfig.json","tsconfig.json",".json",371,"2026-10-05 09:24","amp"
"E:\0mcp-agv-arena-optimized\tools\hypit-npm-package\node_modules\@hypit\hypit\examples\semantic-composition\hypit.runtime.json","hypit.runtime.json",".json",326,"2026-10-05 09:24","amp"
"E:\0mcp-agv-arena-optimized\tools\hypit-npm-package\node_modules\@hypit\hypit\examples\semantic-composition\README.md","README.md",".md",2591,"2026-10-05 09:24","amp"
"E:\0mcp-agv-arena-optimized\tools\hypit-npm-package\node_modules\@hypit\hypit\examples\semantic-composition\packages\chat-scene\package.json","package.json",".json",413,"2026-10-05 09:24","amp"
"E:\0mcp-agv-arena-optimized\tools\hypit-npm-package\node_modules\@hypit\hypit\examples\semantic-composition\packages\chat-scene\README.md","README.md",".md",1741,"2026-10-05 09:24","amp"
"E:\0mcp-agv-arena-optimized\tools\hypit-npm-package\node_modules\@hypit\hypit\examples\semantic-composition\packages\chat-scene\tsconfig.json","tsconfig.json",".json",419,"2026-10-05 09:24","amp"
"E:\0mcp-agv-arena-optimized\tools\hypit-npm-package\node_modules\@hypit\hypit\examples\semantic-composition\packages\performance-styles\package.json","package.json",".json",469,"2026-10-05 09:24","amp"
"E:\0mcp-agv-arena-optimized\tools\hypit-npm-package\node_modules\@hypit\hypit\examples\semantic-composition\packages\performance-styles\README.md","README.md",".md",2651,"2026-10-05 09:24","amp"
"E:\0mcp-agv-arena-optimized\tools\hypit-npm-package\node_modules\@hypit\hypit\examples\semantic-composition\packages\performance-styles\tsconfig.json","tsconfig.json",".json",419,"2026-10-05 09:24","amp"
"E:\0mcp-agv-arena-optimized\tools\hypit-npm-package\node_modules\@hypit\hypit\examples\semantic-composition\packages\responsive-explainer\package.json","package.json",".json",423,"2026-10-05 09:24","amp"
"E:\0mcp-agv-arena-optimized\tools\hypit-npm-package\node_modules\@hypit\hypit\examples\semantic-composition\packages\responsive-explainer\README.md","README.md",".md",2819,"2026-10-05 09:24","amp"
"E:\0mcp-agv-arena-optimized\tools\hypit-npm-package\node_modules\@hypit\hypit\examples\semantic-composition\packages\responsive-explainer\tsconfig.json","tsconfig.json",".json",419,"2026-10-05 09:24","amp"
"E:\0mcp-agv-arena-optimized\tools\hypit-npm-package\node_modules\@hypit\hypit\examples\semantic-composition\packages\sound-styles\package.json","package.json",".json",463,"2026-10-05 09:24","amp"
"E:\0mcp-agv-arena-optimized\tools\hypit-npm-package\node_modules\@hypit\hypit\examples\semantic-composition\packages\sound-styles\README.md","README.md",".md",2001,"2026-10-05 09:24","amp"
"E:\0mcp-agv-arena-optimized\tools\hypit-npm-package\node_modules\@hypit\hypit\examples\semantic-composition\packages\sound-styles\tsconfig.json","tsconfig.json",".json",419,"2026-10-05 09:24","amp"
"E:\0mcp-agv-arena-optimized\tools\hypit-npm-package\node_modules\@hypit\hypit\packages\gpt-image\package.json","package.json",".json",933,"2026-10-05 09:24","mag"
"E:\0mcp-agv-arena-optimized\tools\hypit-npm-package\node_modules\@hypit\hypit\packages\gpt-image\README.md","README.md",".md",2507,"2026-10-05 09:24","mag"
"E:\0mcp-agv-arena-optimized\tools\hypit-npm-package\node_modules\@hypit\hypit\packages\gpt-image-kits\package.json","package.json",".json",338,"2026-10-05 09:24","mag"
"E:\0mcp-agv-arena-optimized\tools\hypit-npm-package\node_modules\@hypit\hypit\packages\gpt-image-kits\README.md","README.md",".md",2480,"2026-10-05 09:24","mag"
"E:\0mcp-agv-arena-optimized\tools\hypit-npm-package\node_modules\@hypit\hypit\packages\grok-imagine\package.json","package.json",".json",493,"2026-10-05 09:24","mag"
"E:\0mcp-agv-arena-optimized\tools\hypit-npm-package\node_modules\@hypit\hypit\packages\grok-imagine\README.md","README.md",".md",977,"2026-10-05 09:24","mag"
"E:\0mcp-agv-arena-optimized\tools\hypit-npm-package\node_modules\@hypit\hypit\packages\image-compose\package.json","package.json",".json",525,"2026-10-05 09:24","mag"
"E:\0mcp-agv-arena-optimized\tools\hypit-npm-package\node_modules\@hypit\hypit\packages\image-compose\README.md","README.md",".md",1768,"2026-10-05 09:24","mag"
"E:\0mcp-agv-arena-optimized\tools\hypit-npm-package\node_modules\@hypit\hypit\packages\image-transform\package.json","package.json",".json",502,"2026-10-05 09:24","mag"
"E:\0mcp-agv-arena-optimized\tools\hypit-npm-package\node_modules\@hypit\hypit\packages\image-transform\README.md","README.md",".md",1132,"2026-10-05 09:24","mag"
"E:\0mcp-agv-arena-optimized\tools\hypit-npm-package\node_modules\@hypit\hypit\packages\provider-image-opencv-local\package.json","package.json",".json",737,"2026-10-05 09:24","mag"
"E:\0mcp-agv-arena-optimized\tools\hypit-npm-package\node_modules\@hypit\hypit\packages\provider-image-opencv-local\README.md","README.md",".md",1117,"2026-10-05 09:24","mag"
"E:\0mcp-agv-arena-optimized\tools\hypit-npm-package\node_modules\@hypit\hypit\packages\provider-image-opencv-local\runtime\raster_execute.py","raster_execute.py",".py",11670,"2026-10-05 09:24","mag"
"E:\0mcp-agv-arena-optimized\tools\hypit-npm-package\node_modules\@hypit\hypit\services\image-opencv\package.json","package.json",".json",259,"2026-10-05 09:24","mag"
"E:\0mcp-agv-arena-optimized\tools\hypit-npm-package\node_modules\@hypit\hypit\services\image-opencv\README.md","README.md",".md",1292,"2026-10-05 09:24","mag"
"E:\0mcp-agv-arena-optimized\video\hypit\docs\quickstart\images.md","images.md",".md",4880,"2026-10-05 09:23","mag"
"E:\0mcp-agv-arena-optimized\video\hypit\docs\zh\quickstart\images.md","images.md",".md",4824,"2026-10-05 09:23","mag"
"E:\0mcp-agv-arena-optimized\video\hypit\examples\README.md","README.md",".md",2600,"2026-10-05 09:23","amp"
"E:\0mcp-agv-arena-optimized\video\hypit\examples\complex-explainer\hypit.runtime.json","hypit.runtime.json",".json",611,"2026-10-05 09:23","amp"
"E:\0mcp-agv-arena-optimized\video\hypit\examples\complex-explainer\package-lock.json","package-lock.json",".json",1927,"2026-10-05 09:23","amp"
"E:\0mcp-agv-arena-optimized\video\hypit\examples\complex-explainer\package.json","package.json",".json",454,"2026-10-05 09:23","amp"
"E:\0mcp-agv-arena-optimized\video\hypit\examples\complex-explainer\README.md","README.md",".md",7231,"2026-10-05 09:23","amp"
"E:\0mcp-agv-arena-optimized\video\hypit\examples\complex-explainer\packages\launch-scenes\package.json","package.json",".json",252,"2026-10-05 09:23","amp"
"E:\0mcp-agv-arena-optimized\video\hypit\examples\complex-explainer\packages\launch-scenes\README.md","README.md",".md",647,"2026-10-05 09:23","amp"
"E:\0mcp-agv-arena-optimized\video\hypit\examples\complex-explainer\packages\opening-system\package.json","package.json",".json",338,"2026-10-05 09:23","amp"
"E:\0mcp-agv-arena-optimized\video\hypit\examples\complex-explainer\packages\opening-system\README.md","README.md",".md",8182,"2026-10-05 09:23","amp"
"E:\0mcp-agv-arena-optimized\video\hypit\examples\complex-explainer\packages\single-line-captions\package.json","package.json",".json",166,"2026-10-05 09:23","amp"
"E:\0mcp-agv-arena-optimized\video\hypit\examples\complex-explainer\packages\single-line-captions\README.md","README.md",".md",597,"2026-10-05 09:23","amp"
"E:\0mcp-agv-arena-optimized\video\hypit\examples\complex-explainer\packages\visual-language\package.json","package.json",".json",150,"2026-10-05 09:23","amp"
"E:\0mcp-agv-arena-optimized\video\hypit\examples\complex-explainer\packages\visual-language\README.md","README.md",".md",821,"2026-10-05 09:23","amp"
"E:\0mcp-agv-arena-optimized\video\hypit\examples\complex-explainer\packages\web-scenes\package.json","package.json",".json",289,"2026-10-05 09:23","amp"
"E:\0mcp-agv-arena-optimized\video\hypit\examples\complex-explainer\packages\web-scenes\README.md","README.md",".md",3399,"2026-10-05 09:23","amp"
"E:\0mcp-agv-arena-optimized\video\hypit\examples\complex-explainer\productions\explainer\ASSET-PROVENANCE.md","ASSET-PROVENANCE.md",".md",1289,"2026-10-05 09:23","amp"
"E:\0mcp-agv-arena-optimized\video\hypit\examples\complex-explainer\productions\explainer\BRIEF.md","BRIEF.md",".md",1143,"2026-10-05 09:23","amp"
"E:\0mcp-agv-arena-optimized\video\hypit\examples\complex-explainer\productions\explainer\CRAFT-NOTES.md","CRAFT-NOTES.md",".md",10431,"2026-10-05 09:23","amp"
"E:\0mcp-agv-arena-optimized\video\hypit\examples\complex-explainer\productions\explainer\README.md","README.md",".md",2965,"2026-10-05 09:23","amp"
"E:\0mcp-agv-arena-optimized\video\hypit\examples\complex-explainer\productions\explainer\TREATMENT.md","TREATMENT.md",".md",2639,"2026-10-05 09:23","amp"
"E:\0mcp-agv-arena-optimized\video\hypit\examples\complex-explainer\productions\explainer\scripts\assemble-final-export.py","assemble-final-export.py",".py",2277,"2026-10-05 09:23","amp"
"E:\0mcp-agv-arena-optimized\video\hypit\examples\interview\hypit.runtime.json","hypit.runtime.json",".json",821,"2026-10-05 09:23","amp"
"E:\0mcp-agv-arena-optimized\video\hypit\examples\interview\package.json","package.json",".json",93,"2026-10-05 09:23","amp"
"E:\0mcp-agv-arena-optimized\video\hypit\examples\interview\README.md","README.md",".md",5959,"2026-10-05 09:23","amp"
"E:\0mcp-agv-arena-optimized\video\hypit\examples\interview\swap-host-README.md","swap-host-README.md",".md",143,"2026-10-05 09:23","amp"
"E:\0mcp-agv-arena-optimized\video\hypit\examples\interview\swap-lang-README.md","swap-lang-README.md",".md",139,"2026-10-05 09:23","amp"
"E:\0mcp-agv-arena-optimized\video\hypit\examples\interview\swap-ride-README.md","swap-ride-README.md",".md",118,"2026-10-05 09:23","amp"
"E:\0mcp-agv-arena-optimized\video\hypit\examples\interview\variants.md","variants.md",".md",293,"2026-10-05 09:23","amp"
"E:\0mcp-agv-arena-optimized\video\hypit\examples\minimal-author-package\README.md","README.md",".md",1258,"2026-10-05 09:23","amp"
"E:\0mcp-agv-arena-optimized\video\hypit\examples\minimal-author-package\packages\example-component\package.json","package.json",".json",525,"2026-10-05 09:23","amp"
"E:\0mcp-agv-arena-optimized\video\hypit\examples\minimal-author-package\packages\example-component\README.md","README.md",".md",2828,"2026-10-05 09:23","amp"
"E:\0mcp-agv-arena-optimized\video\hypit\examples\minimal-author-package\packages\example-component\tsconfig.json","tsconfig.json",".json",419,"2026-10-05 09:23","amp"
"E:\0mcp-agv-arena-optimized\video\hypit\examples\podcast\hypit.runtime.json","hypit.runtime.json",".json",884,"2026-10-05 09:23","amp"
"E:\0mcp-agv-arena-optimized\video\hypit\examples\podcast\package.json","package.json",".json",91,"2026-10-05 09:23","amp"
"E:\0mcp-agv-arena-optimized\video\hypit\examples\podcast\README.md","README.md",".md",4763,"2026-10-05 09:23","amp"
"E:\0mcp-agv-arena-optimized\video\hypit\examples\podcast\swap-app-README.md","swap-app-README.md",".md",101,"2026-10-05 09:23","amp"
"E:\0mcp-agv-arena-optimized\video\hypit\examples\podcast\swap-host-README.md","swap-host-README.md",".md",96,"2026-10-05 09:23","amp"
"E:\0mcp-agv-arena-optimized\video\hypit\examples\podcast\swap-item-README.md","swap-item-README.md",".md",105,"2026-10-05 09:23","amp"
"E:\0mcp-agv-arena-optimized\video\hypit\examples\podcast\variants.md","variants.md",".md",232,"2026-10-05 09:23","amp"
"E:\0mcp-agv-arena-optimized\video\hypit\examples\provider-package\hypit.runtime.json","hypit.runtime.json",".json",692,"2026-10-05 09:23","amp"
"E:\0mcp-agv-arena-optimized\video\hypit\examples\provider-package\README.md","README.md",".md",10603,"2026-10-05 09:23","amp"
"E:\0mcp-agv-arena-optimized\video\hypit\examples\provider-package\packages\provider-images\package.json","package.json",".json",421,"2026-10-05 09:23","amp|mag"
"E:\0mcp-agv-arena-optimized\video\hypit\examples\provider-package\packages\provider-images\tsconfig.json","tsconfig.json",".json",371,"2026-10-05 09:23","amp|mag"
"E:\0mcp-agv-arena-optimized\video\hypit\examples\provider-package\packages\provider-videos\package.json","package.json",".json",420,"2026-10-05 09:23","amp"
"E:\0mcp-agv-arena-optimized\video\hypit\examples\provider-package\packages\provider-videos\tsconfig.json","tsconfig.json",".json",371,"2026-10-05 09:23","amp"
"E:\0mcp-agv-arena-optimized\video\hypit\examples\ranking-football\hypit.runtime.json","hypit.runtime.json",".json",821,"2026-10-05 09:23","amp"
"E:\0mcp-agv-arena-optimized\video\hypit\examples\ranking-football\package.json","package.json",".json",100,"2026-10-05 09:23","amp"
"E:\0mcp-agv-arena-optimized\video\hypit\examples\ranking-football\README.md","README.md",".md",3861,"2026-10-05 09:23","amp"
"E:\0mcp-agv-arena-optimized\video\hypit\examples\ranking-football\swap-effect-README.md","swap-effect-README.md",".md",130,"2026-10-05 09:23","amp"
"E:\0mcp-agv-arena-optimized\video\hypit\examples\ranking-football\swap-host-README.md","swap-host-README.md",".md",110,"2026-10-05 09:23","amp"
"E:\0mcp-agv-arena-optimized\video\hypit\examples\ranking-football\swap-topic-README.md","swap-topic-README.md",".md",129,"2026-10-05 09:23","amp"
"E:\0mcp-agv-arena-optimized\video\hypit\examples\ranking-football\variants.md","variants.md",".md",302,"2026-10-05 09:23","amp"
"E:\0mcp-agv-arena-optimized\video\hypit\examples\ranking-football\reference-banana\hypit.runtime.json","hypit.runtime.json",".json",851,"2026-10-05 09:23","amp"
"E:\0mcp-agv-arena-optimized\video\hypit\examples\ranking-football\reference-banana\package.json","package.json",".json",100,"2026-10-05 09:23","amp"
"E:\0mcp-agv-arena-optimized\video\hypit\examples\ranking-football\reference-banana\README.md","README.md",".md",209,"2026-10-05 09:23","amp"
"E:\0mcp-agv-arena-optimized\video\hypit\examples\ranking-football\reference-banana-from-swap\hypit.runtime.json","hypit.runtime.json",".json",851,"2026-10-05 09:23","amp"
"E:\0mcp-agv-arena-optimized\video\hypit\examples\ranking-football\reference-banana-from-swap\package.json","package.json",".json",100,"2026-10-05 09:23","amp"
"E:\0mcp-agv-arena-optimized\video\hypit\examples\ranking-football\reference-banana-from-swap\README.md","README.md",".md",323,"2026-10-05 09:23","amp"
"E:\0mcp-agv-arena-optimized\video\hypit\examples\ranking-football\swap-effect-banana\hypit.runtime.json","hypit.runtime.json",".json",851,"2026-10-05 09:23","amp"
"E:\0mcp-agv-arena-optimized\video\hypit\examples\ranking-football\swap-effect-banana\package.json","package.json",".json",100,"2026-10-05 09:23","amp"
"E:\0mcp-agv-arena-optimized\video\hypit\examples\ranking-football\swap-effect-banana\README.md","README.md",".md",462,"2026-10-05 09:23","amp"
"E:\0mcp-agv-arena-optimized\video\hypit\examples\ranking-football\swap-effect-banana-reference-sync\hypit.runtime.json","hypit.runtime.json",".json",851,"2026-10-05 09:23","amp"
"E:\0mcp-agv-arena-optimized\video\hypit\examples\ranking-football\swap-effect-banana-reference-sync\package.json","package.json",".json",100,"2026-10-05 09:23","amp"
"E:\0mcp-agv-arena-optimized\video\hypit\examples\ranking-football\swap-effect-banana-reference-sync\README.md","README.md",".md",484,"2026-10-05 09:23","amp"
"E:\0mcp-agv-arena-optimized\video\hypit\examples\semantic-composition\hypit.runtime.json","hypit.runtime.json",".json",326,"2026-10-05 09:23","amp"
"E:\0mcp-agv-arena-optimized\video\hypit\examples\semantic-composition\README.md","README.md",".md",2591,"2026-10-05 09:23","amp"
"E:\0mcp-agv-arena-optimized\video\hypit\examples\semantic-composition\packages\chat-scene\package.json","package.json",".json",413,"2026-10-05 09:23","amp"
"E:\0mcp-agv-arena-optimized\video\hypit\examples\semantic-composition\packages\chat-scene\README.md","README.md",".md",1741,"2026-10-05 09:23","amp"
"E:\0mcp-agv-arena-optimized\video\hypit\examples\semantic-composition\packages\chat-scene\tsconfig.json","tsconfig.json",".json",419,"2026-10-05 09:23","amp"
"E:\0mcp-agv-arena-optimized\video\hypit\examples\semantic-composition\packages\performance-styles\package.json","package.json",".json",469,"2026-10-05 09:23","amp"
"E:\0mcp-agv-arena-optimized\video\hypit\examples\semantic-composition\packages\performance-styles\README.md","README.md",".md",2651,"2026-10-05 09:23","amp"
"E:\0mcp-agv-arena-optimized\video\hypit\examples\semantic-composition\packages\performance-styles\tsconfig.json","tsconfig.json",".json",419,"2026-10-05 09:23","amp"
"E:\0mcp-agv-arena-optimized\video\hypit\examples\semantic-composition\packages\responsive-explainer\package.json","package.json",".json",423,"2026-10-05 09:23","amp"
"E:\0mcp-agv-arena-optimized\video\hypit\examples\semantic-composition\packages\responsive-explainer\README.md","README.md",".md",2819,"2026-10-05 09:23","amp"
"E:\0mcp-agv-arena-optimized\video\hypit\examples\semantic-composition\packages\responsive-explainer\tsconfig.json","tsconfig.json",".json",419,"2026-10-05 09:23","amp"
"E:\0mcp-agv-arena-optimized\video\hypit\examples\semantic-composition\packages\sound-styles\package.json","package.json",".json",463,"2026-10-05 09:23","amp"
"E:\0mcp-agv-arena-optimized\video\hypit\examples\semantic-composition\packages\sound-styles\README.md","README.md",".md",2001,"2026-10-05 09:23","amp"
"E:\0mcp-agv-arena-optimized\video\hypit\examples\semantic-composition\packages\sound-styles\tsconfig.json","tsconfig.json",".json",419,"2026-10-05 09:23","amp"
"E:\0mcp-agv-arena-optimized\video\hypit\packages\gpt-image\package.json","package.json",".json",933,"2026-10-05 09:23","mag"
"E:\0mcp-agv-arena-optimized\video\hypit\packages\gpt-image\README.md","README.md",".md",2507,"2026-10-05 09:23","mag"
"E:\0mcp-agv-arena-optimized\video\hypit\packages\gpt-image-kits\package.json","package.json",".json",338,"2026-10-05 09:23","mag"
"E:\0mcp-agv-arena-optimized\video\hypit\packages\gpt-image-kits\README.md","README.md",".md",2480,"2026-10-05 09:23","mag"
"E:\0mcp-agv-arena-optimized\video\hypit\packages\grok-imagine\package.json","package.json",".json",493,"2026-10-05 09:23","mag"
"E:\0mcp-agv-arena-optimized\video\hypit\packages\grok-imagine\README.md","README.md",".md",977,"2026-10-05 09:23","mag"
"E:\0mcp-agv-arena-optimized\video\hypit\packages\image-compose\package.json","package.json",".json",525,"2026-10-05 09:23","mag"
"E:\0mcp-agv-arena-optimized\video\hypit\packages\image-compose\README.md","README.md",".md",1768,"2026-10-05 09:23","mag"
"E:\0mcp-agv-arena-optimized\video\hypit\packages\image-transform\package.json","package.json",".json",502,"2026-10-05 09:23","mag"
"E:\0mcp-agv-arena-optimized\video\hypit\packages\image-transform\README.md","README.md",".md",1132,"2026-10-05 09:23","mag"
"E:\0mcp-agv-arena-optimized\video\hypit\packages\provider-image-opencv-local\package.json","package.json",".json",737,"2026-10-05 09:23","mag"
"E:\0mcp-agv-arena-optimized\video\hypit\packages\provider-image-opencv-local\README.md","README.md",".md",1117,"2026-10-05 09:23","mag"
"E:\0mcp-agv-arena-optimized\video\hypit\packages\provider-image-opencv-local\runtime\raster_execute.py","raster_execute.py",".py",11670,"2026-10-05 09:23","mag"
"E:\0mcp-agv-arena-optimized\video\hypit\services\image-opencv\package.json","package.json",".json",259,"2026-10-05 09:23","mag"
"E:\0mcp-agv-arena-optimized\video\hypit\services\image-opencv\README.md","README.md",".md",1292,"2026-10-05 09:23","mag"
"E:\0mcp-agv-arena-optimized\video\hypit\skills\hypit\references\playbooks\craft\image-direction.md","image-direction.md",".md",11726,"2026-10-05 09:23","mag"
"E:\0mcp-agv-arena-optimized\video\hypit\skills\hypit\references\playbooks\craft\examples\conversation-images.md","conversation-images.md",".md",11841,"2026-10-05 09:23","amp|mag"
"E:\0mcp-agv-arena-optimized\video\hypit\skills\hypit\references\playbooks\craft\examples\image-direction.md","image-direction.md",".md",13409,"2026-10-05 09:23","amp|mag"
"E:\0mcp-agv-arena-optimized\video\hypit\skills\hypit\references\production\image-operations.md","image-operations.md",".md",5358,"2026-10-05 09:23","mag"
"E:\0github\amp.md","amp.md",".md",1273,"2026-09-28 19:31","amp"
"E:\0github\BrowserSkill-01a0b237\evals\browser\agents.example.json","agents.example.json",".json",351,"2026-09-18 20:54","amp"
"E:\0github\BrowserSkill-01a0b237\results\jobs\browser\phaseF4\f4_control_example.txt","f4_control_example.txt",".txt",454,"2026-09-18 20:54","amp"
"E:\0github\BrowserSkill-01a0b237\skills\git-sync\templates\success_criteria.example.json","success_criteria.example.json",".json",295,"2026-09-18 20:54","amp"
"E:\0github\BrowserSkill-01a0b352\evals\browser\agents.example.json","agents.example.json",".json",351,"2026-09-18 15:17","amp"
"E:\0github\BrowserSkill-01a0b352\skills\git-sync\templates\success_criteria.example.json","success_criteria.example.json",".json",295,"2026-09-18 15:17","amp"
"E:\0github\git-pull-arena-01a0b94f\code\peptide_ml.py","peptide_ml.py",".py",7775,"2026-09-19 19:09","peptide"
"E:\0github\git-pull-arena-01a0b94f\code\run_peptide_ml.py","run_peptide_ml.py",".py",3534,"2026-09-19 19:09","peptide"
"E:\0github\git-pull-arena-01a0b94f\code\run_peptide_ml.sh","run_peptide_ml.sh",".sh",3344,"2026-09-19 19:09","peptide"
"E:\0github\git-pull-arena-01a0b94f\code\recipes\local-install.example.json","local-install.example.json",".json",1517,"2026-09-19 19:09","amp"
"E:\0github\git-pull-arena-01a0b94f\code\recipes\peptide-ml.json","peptide-ml.json",".json",2353,"2026-09-19 19:09","peptide"
"E:\0github\git-pull-arena-01a0b94f\code\recipes\peptide-probe.json","peptide-probe.json",".json",1861,"2026-09-19 19:09","peptide"
"E:\0github\git-pull-arena-01a0b94f\code\recipes\sandbox-only.example.json","sandbox-only.example.json",".json",980,"2026-09-19 19:09","amp"
"E:\0github\git-pull-arena-01a0b94f\results\peptide_ml\metrics.json","metrics.json",".json",680,"2026-09-19 19:09","peptide"
"E:\0github\git-pull-arena-01a0b94f\results\peptide_ml\peptide_receipt.txt","peptide_receipt.txt",".txt",69,"2026-09-19 19:09","peptide"
"E:\0github\git-pull-arena-01a0b94f\results\peptide_ml\predictions.csv","predictions.csv",".csv",2160,"2026-09-19 19:09","peptide"
"E:\0github\git-pull-arena-01a0b94f\results\peptide_ml\run_report.txt","run_report.txt",".txt",542,"2026-09-19 19:09","peptide"
"E:\0github\git-pull-arena-01a0b94f\results\peptide_ml_linux\metrics.json","metrics.json",".json",684,"2026-09-19 19:09","peptide"
"E:\0github\git-pull-arena-01a0b94f\results\peptide_ml_linux\peptide_receipt.txt","peptide_receipt.txt",".txt",78,"2026-09-19 19:09","peptide"
"E:\0github\git-pull-arena-01a0b94f\results\peptide_ml_linux\predictions.csv","predictions.csv",".csv",2160,"2026-09-19 19:09","peptide"
"E:\0github\git-pull-arena-01a0b94f\results\peptide_ml_linux\run_report.txt","run_report.txt",".txt",543,"2026-09-19 19:09","peptide"
"E:\0github\git-pull-arena-01a0b94f\skills\git-sync\templates\success_criteria.example.json","success_criteria.example.json",".json",283,"2026-09-19 19:09","amp"
"E:\0github\git-pull-arena-01a0b94f\skills\office-loop\payload\code\recipes\local-install.example.json","local-install.example.json",".json",1517,"2026-09-19 19:09","amp"
"E:\0github\git-pull-arena-01a0b94f\skills\office-loop\payload\code\recipes\peptide-ml.json","peptide-ml.json",".json",2353,"2026-09-19 19:09","peptide"
"E:\0github\git-pull-arena-01a0b94f\skills\office-loop\payload\code\recipes\sandbox-only.example.json","sandbox-only.example.json",".json",980,"2026-09-19 19:09","amp"
"E:\0github\git-sync\agentarena\docker-compose.runner.yml","docker-compose.runner.yml",".yml",192,"2026-09-15 12:47","dock"
"E:\0github\git-sync\agentarena\docker-compose.yml","docker-compose.yml",".yml",201,"2026-09-15 12:47","dock"
"E:\0github\git-sync\agentarena\docs\runner-docker.md","runner-docker.md",".md",1579,"2026-09-15 12:47","dock"
"E:\0github\git-sync\agentarena\examples\taskpacks\demo-repo-health.json","demo-repo-health.json",".json",1083,"2026-09-15 12:47","amp"
"E:\0github\git-sync\agentarena\examples\taskpacks\demo-repo-health.yaml","demo-repo-health.yaml",".yaml",884,"2026-09-15 12:47","amp"
"E:\0github\git-sync\agentarena\examples\taskpacks\README.md","README.md",".md",929,"2026-09-15 12:47","amp"
"E:\0github\git-sync\agentarena\examples\taskpacks\official\add-error-handling.yaml","add-error-handling.yaml",".yaml",3016,"2026-09-15 12:47","amp"
"E:\0github\git-sync\agentarena\examples\taskpacks\official\add-feature-with-tests.yaml","add-feature-with-tests.yaml",".yaml",3354,"2026-09-15 12:47","amp"
"E:\0github\git-sync\agentarena\examples\taskpacks\official\api-documentation.yaml","api-documentation.yaml",".yaml",2751,"2026-09-15 12:47","amp"
"E:\0github\git-sync\agentarena\examples\taskpacks\official\bug-chain-fix.yaml","bug-chain-fix.yaml",".yaml",3297,"2026-09-15 12:47","amp"
"E:\0github\git-sync\agentarena\examples\taskpacks\official\builtin-demo-coding.yaml","builtin-demo-coding.yaml",".yaml",4786,"2026-09-15 12:47","amp"
"E:\0github\git-sync\agentarena\examples\taskpacks\official\config-repair.yaml","config-repair.yaml",".yaml",2749,"2026-09-15 12:47","amp"
"E:\0github\git-sync\agentarena\examples\taskpacks\official\cross-file-refactor.yaml","cross-file-refactor.yaml",".yaml",3100,"2026-09-15 12:47","amp"
"E:\0github\git-sync\agentarena\examples\taskpacks\official\cross-module-refactor.yaml","cross-module-refactor.yaml",".yaml",4406,"2026-09-15 12:47","amp"
"E:\0github\git-sync\agentarena\examples\taskpacks\official\dependency-update.yaml","dependency-update.yaml",".yaml",3932,"2026-09-15 12:47","amp"
"E:\0github\git-sync\agentarena\examples\taskpacks\official\docker-setup.yaml","docker-setup.yaml",".yaml",1522,"2026-09-15 12:47","amp|dock"
"E:\0github\git-sync\agentarena\examples\taskpacks\official\efficiency-first-example.yaml","efficiency-first-example.yaml",".yaml",1954,"2026-09-15 12:47","amp"
"E:\0github\git-sync\agentarena\examples\taskpacks\official\error-handling.yaml","error-handling.yaml",".yaml",3898,"2026-09-15 12:47","amp"
"E:\0github\git-sync\agentarena\examples\taskpacks\official\failing-test-fix.yaml","failing-test-fix.yaml",".yaml",1756,"2026-09-15 12:47","amp"
"E:\0github\git-sync\agentarena\examples\taskpacks\official\go-microservice.yaml","go-microservice.yaml",".yaml",1315,"2026-09-15 12:47","amp"
"E:\0github\git-sync\agentarena\examples\taskpacks\official\input-validation.yaml","input-validation.yaml",".yaml",3117,"2026-09-15 12:47","amp"
"E:\0github\git-sync\agentarena\examples\taskpacks\official\issue-resolution-example.yaml","issue-resolution-example.yaml",".yaml",1700,"2026-09-15 12:47","amp"
"E:\0github\git-sync\agentarena\examples\taskpacks\official\iterative-debug.yaml","iterative-debug.yaml",".yaml",2398,"2026-09-15 12:47","amp"
"E:\0github\git-sync\agentarena\examples\taskpacks\official\json-contract-repair.yaml","json-contract-repair.yaml",".yaml",3581,"2026-09-15 12:47","amp"
"E:\0github\git-sync\agentarena\examples\taskpacks\official\logging-improvement.yaml","logging-improvement.yaml",".yaml",3872,"2026-09-15 12:47","amp"
"E:\0github\git-sync\agentarena\examples\taskpacks\official\multi-file-rename.yaml","multi-file-rename.yaml",".yaml",2206,"2026-09-15 12:47","amp"
"E:\0github\git-sync\agentarena\examples\taskpacks\official\performance-optimize.yaml","performance-optimize.yaml",".yaml",2771,"2026-09-15 12:47","amp"
"E:\0github\git-sync\agentarena\examples\taskpacks\official\python-api.yaml","python-api.yaml",".yaml",1326,"2026-09-15 12:47","amp"
"E:\0github\git-sync\agentarena\examples\taskpacks\official\react-bugfix.yaml","react-bugfix.yaml",".yaml",1889,"2026-09-15 12:47","amp"
"E:\0github\git-sync\agentarena\examples\taskpacks\official\README.md","README.md",".md",7091,"2026-09-15 12:47","amp"
"E:\0github\git-sync\agentarena\examples\taskpacks\official\refactor-with-tests.yaml","refactor-with-tests.yaml",".yaml",2672,"2026-09-15 12:47","amp"
"E:\0github\git-sync\agentarena\examples\taskpacks\official\repo-health.yaml","repo-health.yaml",".yaml",2673,"2026-09-15 12:47","amp"
"E:\0github\git-sync\agentarena\examples\taskpacks\official\rotating-tasks-example.yaml","rotating-tasks-example.yaml",".yaml",2176,"2026-09-15 12:47","amp"
"E:\0github\git-sync\agentarena\examples\taskpacks\official\security-hardening.yaml","security-hardening.yaml",".yaml",2860,"2026-09-15 12:47","amp"
"E:\0github\git-sync\agentarena\examples\taskpacks\official\small-refactor.yaml","small-refactor.yaml",".yaml",2623,"2026-09-15 12:47","amp"
"E:\0github\git-sync\agentarena\examples\taskpacks\official\snapshot-fix.yaml","snapshot-fix.yaml",".yaml",3551,"2026-09-15 12:47","amp"
"E:\0github\git-sync\agentarena\examples\taskpacks\official\test-coverage.yaml","test-coverage.yaml",".yaml",2292,"2026-09-15 12:47","amp"
"E:\0github\git-sync\agentarena\examples\taskpacks\repos\nodejs-app\package.json","package.json",".json",233,"2026-09-15 12:47","amp"
"E:\0github\git-sync\agentarena\examples\taskpacks\repos\nodejs-app\fixtures\config.json","config.json",".json",172,"2026-09-15 12:47","amp"
"E:\0github\git-sync\agentarena\examples\taskpacks\repos\nodejs-monorepo\package.json","package.json",".json",262,"2026-09-15 12:47","amp"
"E:\0github\git-sync\agentarena\examples\taskpacks\repos\nodejs-monorepo\README.md","README.md",".md",302,"2026-09-15 12:47","amp"
"E:\0github\git-sync\agentarena\examples\taskpacks\repos\nodejs-monorepo\packages\cli\package.json","package.json",".json",203,"2026-09-15 12:47","amp"
"E:\0github\git-sync\agentarena\examples\taskpacks\repos\nodejs-monorepo\packages\core\package.json","package.json",".json",150,"2026-09-15 12:47","amp"
"E:\0github\git-sync\agentarena\examples\taskpacks\repos\nodejs-monorepo\packages\runner\package.json","package.json",".json",209,"2026-09-15 12:47","amp"
"E:\0github\git-sync\agentarena\examples\taskpacks\repos\nodejs-monorepo\packages\shared\package.json","package.json",".json",154,"2026-09-15 12:47","amp"
"E:\0github\git-sync\agentarena-int\docker-compose.runner.yml","docker-compose.runner.yml",".yml",192,"2026-09-15 15:31","dock"
"E:\0github\git-sync\agentarena-int\docker-compose.yml","docker-compose.yml",".yml",201,"2026-09-15 15:31","dock"
"E:\0github\git-sync\agentarena-int\docs\runner-docker.md","runner-docker.md",".md",1579,"2026-09-15 15:31","dock"
"E:\0github\git-sync\agentarena-int\docs\examples\local-runner\demo-smoke.job.json","demo-smoke.job.json",".json",927,"2026-09-15 16:25","amp"
"E:\0github\git-sync\agentarena-int\docs\examples\local-runner\probe-hardware.job.json","probe-hardware.job.json",".json",652,"2026-09-15 16:25","amp"
"E:\0github\git-sync\agentarena-int\docs\examples\local-runner\status.example.json","status.example.json",".json",3697,"2026-09-15 16:25","amp"
"E:\0github\git-sync\agentarena-int\examples\taskpacks\demo-repo-health.json","demo-repo-health.json",".json",1083,"2026-09-15 15:31","amp"
"E:\0github\git-sync\agentarena-int\examples\taskpacks\demo-repo-health.yaml","demo-repo-health.yaml",".yaml",884,"2026-09-15 15:31","amp"
"E:\0github\git-sync\agentarena-int\examples\taskpacks\README.md","README.md",".md",929,"2026-09-15 15:31","amp"
"E:\0github\git-sync\agentarena-int\examples\taskpacks\official\add-error-handling.yaml","add-error-handling.yaml",".yaml",3016,"2026-09-15 15:31","amp"
"E:\0github\git-sync\agentarena-int\examples\taskpacks\official\add-feature-with-tests.yaml","add-feature-with-tests.yaml",".yaml",3354,"2026-09-15 15:31","amp"
"E:\0github\git-sync\agentarena-int\examples\taskpacks\official\api-documentation.yaml","api-documentation.yaml",".yaml",2751,"2026-09-15 15:31","amp"
"E:\0github\git-sync\agentarena-int\examples\taskpacks\official\bug-chain-fix.yaml","bug-chain-fix.yaml",".yaml",3297,"2026-09-15 15:31","amp"
"E:\0github\git-sync\agentarena-int\examples\taskpacks\official\builtin-demo-coding.yaml","builtin-demo-coding.yaml",".yaml",4786,"2026-09-15 15:31","amp"
"E:\0github\git-sync\agentarena-int\examples\taskpacks\official\config-repair.yaml","config-repair.yaml",".yaml",2749,"2026-09-15 15:31","amp"
"E:\0github\git-sync\agentarena-int\examples\taskpacks\official\cross-file-refactor.yaml","cross-file-refactor.yaml",".yaml",3100,"2026-09-15 15:31","amp"
"E:\0github\git-sync\agentarena-int\examples\taskpacks\official\cross-module-refactor.yaml","cross-module-refactor.yaml",".yaml",4406,"2026-09-15 15:31","amp"
"E:\0github\git-sync\agentarena-int\examples\taskpacks\official\dependency-update.yaml","dependency-update.yaml",".yaml",3932,"2026-09-15 15:31","amp"
"E:\0github\git-sync\agentarena-int\examples\taskpacks\official\docker-setup.yaml","docker-setup.yaml",".yaml",1522,"2026-09-15 15:31","amp|dock"
"E:\0github\git-sync\agentarena-int\examples\taskpacks\official\efficiency-first-example.yaml","efficiency-first-example.yaml",".yaml",1954,"2026-09-15 15:31","amp"
"E:\0github\git-sync\agentarena-int\examples\taskpacks\official\error-handling.yaml","error-handling.yaml",".yaml",3898,"2026-09-15 15:31","amp"
"E:\0github\git-sync\agentarena-int\examples\taskpacks\official\failing-test-fix.yaml","failing-test-fix.yaml",".yaml",1756,"2026-09-15 15:31","amp"
"E:\0github\git-sync\agentarena-int\examples\taskpacks\official\go-microservice.yaml","go-microservice.yaml",".yaml",1315,"2026-09-15 15:31","amp"
"E:\0github\git-sync\agentarena-int\examples\taskpacks\official\input-validation.yaml","input-validation.yaml",".yaml",3117,"2026-09-15 15:31","amp"
"E:\0github\git-sync\agentarena-int\examples\taskpacks\official\issue-resolution-example.yaml","issue-resolution-example.yaml",".yaml",1700,"2026-09-15 15:31","amp"
"E:\0github\git-sync\agentarena-int\examples\taskpacks\official\iterative-debug.yaml","iterative-debug.yaml",".yaml",2398,"2026-09-15 15:31","amp"
"E:\0github\git-sync\agentarena-int\examples\taskpacks\official\json-contract-repair.yaml","json-contract-repair.yaml",".yaml",3581,"2026-09-15 15:31","amp"
"E:\0github\git-sync\agentarena-int\examples\taskpacks\official\logging-improvement.yaml","logging-improvement.yaml",".yaml",3872,"2026-09-15 15:31","amp"
"E:\0github\git-sync\agentarena-int\examples\taskpacks\official\multi-file-rename.yaml","multi-file-rename.yaml",".yaml",2206,"2026-09-15 15:31","amp"
"E:\0github\git-sync\agentarena-int\examples\taskpacks\official\performance-optimize.yaml","performance-optimize.yaml",".yaml",2771,"2026-09-15 15:31","amp"
"E:\0github\git-sync\agentarena-int\examples\taskpacks\official\python-api.yaml","python-api.yaml",".yaml",1326,"2026-09-15 15:31","amp"
"E:\0github\git-sync\agentarena-int\examples\taskpacks\official\react-bugfix.yaml","react-bugfix.yaml",".yaml",1889,"2026-09-15 15:31","amp"
"E:\0github\git-sync\agentarena-int\examples\taskpacks\official\README.md","README.md",".md",7091,"2026-09-15 15:31","amp"
"E:\0github\git-sync\agentarena-int\examples\taskpacks\official\refactor-with-tests.yaml","refactor-with-tests.yaml",".yaml",2672,"2026-09-15 15:31","amp"
"E:\0github\git-sync\agentarena-int\examples\taskpacks\official\repo-health.yaml","repo-health.yaml",".yaml",2673,"2026-09-15 15:31","amp"
"E:\0github\git-sync\agentarena-int\examples\taskpacks\official\rotating-tasks-example.yaml","rotating-tasks-example.yaml",".yaml",2176,"2026-09-15 15:31","amp"
"E:\0github\git-sync\agentarena-int\examples\taskpacks\official\security-hardening.yaml","security-hardening.yaml",".yaml",2860,"2026-09-15 15:31","amp"
"E:\0github\git-sync\agentarena-int\examples\taskpacks\official\small-refactor.yaml","small-refactor.yaml",".yaml",2623,"2026-09-15 15:31","amp"
"E:\0github\git-sync\agentarena-int\examples\taskpacks\official\snapshot-fix.yaml","snapshot-fix.yaml",".yaml",3551,"2026-09-15 15:31","amp"
"E:\0github\git-sync\agentarena-int\examples\taskpacks\official\test-coverage.yaml","test-coverage.yaml",".yaml",2292,"2026-09-15 15:31","amp"
"E:\0github\git-sync\agentarena-int\examples\taskpacks\repos\nodejs-app\package.json","package.json",".json",233,"2026-09-15 15:31","amp"
"E:\0github\git-sync\agentarena-int\examples\taskpacks\repos\nodejs-app\fixtures\config.json","config.json",".json",172,"2026-09-15 15:31","amp"
"E:\0github\git-sync\agentarena-int\examples\taskpacks\repos\nodejs-monorepo\package.json","package.json",".json",262,"2026-09-15 15:31","amp"
"E:\0github\git-sync\agentarena-int\examples\taskpacks\repos\nodejs-monorepo\README.md","README.md",".md",302,"2026-09-15 15:31","amp"
"E:\0github\git-sync\agentarena-int\examples\taskpacks\repos\nodejs-monorepo\packages\cli\package.json","package.json",".json",203,"2026-09-15 15:31","amp"
"E:\0github\git-sync\agentarena-int\examples\taskpacks\repos\nodejs-monorepo\packages\core\package.json","package.json",".json",150,"2026-09-15 15:31","amp"
"E:\0github\git-sync\agentarena-int\examples\taskpacks\repos\nodejs-monorepo\packages\runner\package.json","package.json",".json",209,"2026-09-15 15:31","amp"
"E:\0github\git-sync\agentarena-int\examples\taskpacks\repos\nodejs-monorepo\packages\shared\package.json","package.json",".json",154,"2026-09-15 15:31","amp"
"E:\0github\git-sync\agentarena-w1\docker-compose.runner.yml","docker-compose.runner.yml",".yml",192,"2026-09-15 15:31","dock"
"E:\0github\git-sync\agentarena-w1\docker-compose.yml","docker-compose.yml",".yml",201,"2026-09-15 15:31","dock"
"E:\0github\git-sync\agentarena-w1\docs\runner-docker.md","runner-docker.md",".md",1579,"2026-09-15 15:31","dock"
"E:\0github\git-sync\agentarena-w1\docs\examples\local-runner\demo-smoke.job.json","demo-smoke.job.json",".json",927,"2026-09-15 15:46","amp"
"E:\0github\git-sync\agentarena-w1\docs\examples\local-runner\probe-hardware.job.json","probe-hardware.job.json",".json",652,"2026-09-15 15:46","amp"
"E:\0github\git-sync\agentarena-w1\docs\examples\local-runner\status.example.json","status.example.json",".json",3697,"2026-09-15 15:46","amp"
"E:\0github\git-sync\agentarena-w1\examples\taskpacks\demo-repo-health.json","demo-repo-health.json",".json",1083,"2026-09-15 15:31","amp"
"E:\0github\git-sync\agentarena-w1\examples\taskpacks\demo-repo-health.yaml","demo-repo-health.yaml",".yaml",884,"2026-09-15 15:31","amp"
"E:\0github\git-sync\agentarena-w1\examples\taskpacks\README.md","README.md",".md",929,"2026-09-15 15:31","amp"
"E:\0github\git-sync\agentarena-w1\examples\taskpacks\official\add-error-handling.yaml","add-error-handling.yaml",".yaml",3016,"2026-09-15 15:31","amp"
"E:\0github\git-sync\agentarena-w1\examples\taskpacks\official\add-feature-with-tests.yaml","add-feature-with-tests.yaml",".yaml",3354,"2026-09-15 15:31","amp"
"E:\0github\git-sync\agentarena-w1\examples\taskpacks\official\api-documentation.yaml","api-documentation.yaml",".yaml",2751,"2026-09-15 15:31","amp"
"E:\0github\git-sync\agentarena-w1\examples\taskpacks\official\bug-chain-fix.yaml","bug-chain-fix.yaml",".yaml",3297,"2026-09-15 15:31","amp"
"E:\0github\git-sync\agentarena-w1\examples\taskpacks\official\builtin-demo-coding.yaml","builtin-demo-coding.yaml",".yaml",4786,"2026-09-15 15:31","amp"
"E:\0github\git-sync\agentarena-w1\examples\taskpacks\official\config-repair.yaml","config-repair.yaml",".yaml",2749,"2026-09-15 15:31","amp"
"E:\0github\git-sync\agentarena-w1\examples\taskpacks\official\cross-file-refactor.yaml","cross-file-refactor.yaml",".yaml",3100,"2026-09-15 15:31","amp"
"E:\0github\git-sync\agentarena-w1\examples\taskpacks\official\cross-module-refactor.yaml","cross-module-refactor.yaml",".yaml",4406,"2026-09-15 15:31","amp"
"E:\0github\git-sync\agentarena-w1\examples\taskpacks\official\dependency-update.yaml","dependency-update.yaml",".yaml",3932,"2026-09-15 15:31","amp"
"E:\0github\git-sync\agentarena-w1\examples\taskpacks\official\docker-setup.yaml","docker-setup.yaml",".yaml",1522,"2026-09-15 15:31","amp|dock"
"E:\0github\git-sync\agentarena-w1\examples\taskpacks\official\efficiency-first-example.yaml","efficiency-first-example.yaml",".yaml",1954,"2026-09-15 15:31","amp"
"E:\0github\git-sync\agentarena-w1\examples\taskpacks\official\error-handling.yaml","error-handling.yaml",".yaml",3898,"2026-09-15 15:31","amp"
"E:\0github\git-sync\agentarena-w1\examples\taskpacks\official\failing-test-fix.yaml","failing-test-fix.yaml",".yaml",1756,"2026-09-15 15:31","amp"
"E:\0github\git-sync\agentarena-w1\examples\taskpacks\official\go-microservice.yaml","go-microservice.yaml",".yaml",1315,"2026-09-15 15:31","amp"
"E:\0github\git-sync\agentarena-w1\examples\taskpacks\official\input-validation.yaml","input-validation.yaml",".yaml",3117,"2026-09-15 15:31","amp"
"E:\0github\git-sync\agentarena-w1\examples\taskpacks\official\issue-resolution-example.yaml","issue-resolution-example.yaml",".yaml",1700,"2026-09-15 15:31","amp"
"E:\0github\git-sync\agentarena-w1\examples\taskpacks\official\iterative-debug.yaml","iterative-debug.yaml",".yaml",2398,"2026-09-15 15:31","amp"
"E:\0github\git-sync\agentarena-w1\examples\taskpacks\official\json-contract-repair.yaml","json-contract-repair.yaml",".yaml",3581,"2026-09-15 15:31","amp"
"E:\0github\git-sync\agentarena-w1\examples\taskpacks\official\logging-improvement.yaml","logging-improvement.yaml",".yaml",3872,"2026-09-15 15:31","amp"
"E:\0github\git-sync\agentarena-w1\examples\taskpacks\official\multi-file-rename.yaml","multi-file-rename.yaml",".yaml",2206,"2026-09-15 15:31","amp"
"E:\0github\git-sync\agentarena-w1\examples\taskpacks\official\performance-optimize.yaml","performance-optimize.yaml",".yaml",2771,"2026-09-15 15:31","amp"
"E:\0github\git-sync\agentarena-w1\examples\taskpacks\official\python-api.yaml","python-api.yaml",".yaml",1326,"2026-09-15 15:31","amp"
"E:\0github\git-sync\agentarena-w1\examples\taskpacks\official\react-bugfix.yaml","react-bugfix.yaml",".yaml",1889,"2026-09-15 15:31","amp"
"E:\0github\git-sync\agentarena-w1\examples\taskpacks\official\README.md","README.md",".md",7091,"2026-09-15 15:31","amp"
"E:\0github\git-sync\agentarena-w1\examples\taskpacks\official\refactor-with-tests.yaml","refactor-with-tests.yaml",".yaml",2672,"2026-09-15 15:31","amp"
"E:\0github\git-sync\agentarena-w1\examples\taskpacks\official\repo-health.yaml","repo-health.yaml",".yaml",2673,"2026-09-15 15:31","amp"
"E:\0github\git-sync\agentarena-w1\examples\taskpacks\official\rotating-tasks-example.yaml","rotating-tasks-example.yaml",".yaml",2176,"2026-09-15 15:31","amp"
"E:\0github\git-sync\agentarena-w1\examples\taskpacks\official\security-hardening.yaml","security-hardening.yaml",".yaml",2860,"2026-09-15 15:31","amp"
"E:\0github\git-sync\agentarena-w1\examples\taskpacks\official\small-refactor.yaml","small-refactor.yaml",".yaml",2623,"2026-09-15 15:31","amp"
"E:\0github\git-sync\agentarena-w1\examples\taskpacks\official\snapshot-fix.yaml","snapshot-fix.yaml",".yaml",3551,"2026-09-15 15:31","amp"
"E:\0github\git-sync\agentarena-w1\examples\taskpacks\official\test-coverage.yaml","test-coverage.yaml",".yaml",2292,"2026-09-15 15:31","amp"
"E:\0github\git-sync\agentarena-w1\examples\taskpacks\repos\nodejs-app\package.json","package.json",".json",233,"2026-09-15 15:31","amp"
"E:\0github\git-sync\agentarena-w1\examples\taskpacks\repos\nodejs-app\fixtures\config.json","config.json",".json",172,"2026-09-15 15:31","amp"
"E:\0github\git-sync\agentarena-w1\examples\taskpacks\repos\nodejs-monorepo\package.json","package.json",".json",262,"2026-09-15 15:31","amp"
"E:\0github\git-sync\agentarena-w1\examples\taskpacks\repos\nodejs-monorepo\README.md","README.md",".md",302,"2026-09-15 15:31","amp"
"E:\0github\git-sync\agentarena-w1\examples\taskpacks\repos\nodejs-monorepo\packages\cli\package.json","package.json",".json",203,"2026-09-15 15:31","amp"
"E:\0github\git-sync\agentarena-w1\examples\taskpacks\repos\nodejs-monorepo\packages\core\package.json","package.json",".json",150,"2026-09-15 15:31","amp"
"E:\0github\git-sync\agentarena-w1\examples\taskpacks\repos\nodejs-monorepo\packages\runner\package.json","package.json",".json",209,"2026-09-15 15:31","amp"
"E:\0github\git-sync\agentarena-w1\examples\taskpacks\repos\nodejs-monorepo\packages\shared\package.json","package.json",".json",154,"2026-09-15 15:31","amp"
"E:\0github\git-sync\agentarena-w1\local-runs\settings.example.json","settings.example.json",".json",706,"2026-09-15 16:25","amp"
"E:\0github\git-sync\agentarena-w2\docker-compose.runner.yml","docker-compose.runner.yml",".yml",192,"2026-09-15 15:31","dock"
"E:\0github\git-sync\agentarena-w2\docker-compose.yml","docker-compose.yml",".yml",201,"2026-09-15 15:31","dock"
"E:\0github\git-sync\agentarena-w2\docs\runner-docker.md","runner-docker.md",".md",1579,"2026-09-15 15:31","dock"
"E:\0github\git-sync\agentarena-w2\examples\taskpacks\demo-repo-health.json","demo-repo-health.json",".json",1083,"2026-09-15 15:31","amp"
"E:\0github\git-sync\agentarena-w2\examples\taskpacks\demo-repo-health.yaml","demo-repo-health.yaml",".yaml",884,"2026-09-15 15:31","amp"
"E:\0github\git-sync\agentarena-w2\examples\taskpacks\README.md","README.md",".md",929,"2026-09-15 15:31","amp"
"E:\0github\git-sync\agentarena-w2\examples\taskpacks\official\add-error-handling.yaml","add-error-handling.yaml",".yaml",3016,"2026-09-15 15:31","amp"
"E:\0github\git-sync\agentarena-w2\examples\taskpacks\official\add-feature-with-tests.yaml","add-feature-with-tests.yaml",".yaml",3354,"2026-09-15 15:31","amp"
"E:\0github\git-sync\agentarena-w2\examples\taskpacks\official\api-documentation.yaml","api-documentation.yaml",".yaml",2751,"2026-09-15 15:31","amp"
"E:\0github\git-sync\agentarena-w2\examples\taskpacks\official\bug-chain-fix.yaml","bug-chain-fix.yaml",".yaml",3297,"2026-09-15 15:31","amp"
"E:\0github\git-sync\agentarena-w2\examples\taskpacks\official\builtin-demo-coding.yaml","builtin-demo-coding.yaml",".yaml",4786,"2026-09-15 15:31","amp"
"E:\0github\git-sync\agentarena-w2\examples\taskpacks\official\config-repair.yaml","config-repair.yaml",".yaml",2749,"2026-09-15 15:31","amp"
"E:\0github\git-sync\agentarena-w2\examples\taskpacks\official\cross-file-refactor.yaml","cross-file-refactor.yaml",".yaml",3100,"2026-09-15 15:31","amp"
"E:\0github\git-sync\agentarena-w2\examples\taskpacks\official\cross-module-refactor.yaml","cross-module-refactor.yaml",".yaml",4406,"2026-09-15 15:31","amp"
"E:\0github\git-sync\agentarena-w2\examples\taskpacks\official\dependency-update.yaml","dependency-update.yaml",".yaml",3932,"2026-09-15 15:31","amp"
"E:\0github\git-sync\agentarena-w2\examples\taskpacks\official\docker-setup.yaml","docker-setup.yaml",".yaml",1522,"2026-09-15 15:31","amp|dock"
"E:\0github\git-sync\agentarena-w2\examples\taskpacks\official\efficiency-first-example.yaml","efficiency-first-example.yaml",".yaml",1954,"2026-09-15 15:31","amp"
"E:\0github\git-sync\agentarena-w2\examples\taskpacks\official\error-handling.yaml","error-handling.yaml",".yaml",3898,"2026-09-15 15:31","amp"
"E:\0github\git-sync\agentarena-w2\examples\taskpacks\official\failing-test-fix.yaml","failing-test-fix.yaml",".yaml",1756,"2026-09-15 15:31","amp"
"E:\0github\git-sync\agentarena-w2\examples\taskpacks\official\go-microservice.yaml","go-microservice.yaml",".yaml",1315,"2026-09-15 15:31","amp"
"E:\0github\git-sync\agentarena-w2\examples\taskpacks\official\input-validation.yaml","input-validation.yaml",".yaml",3117,"2026-09-15 15:31","amp"
"E:\0github\git-sync\agentarena-w2\examples\taskpacks\official\issue-resolution-example.yaml","issue-resolution-example.yaml",".yaml",1700,"2026-09-15 15:31","amp"
"E:\0github\git-sync\agentarena-w2\examples\taskpacks\official\iterative-debug.yaml","iterative-debug.yaml",".yaml",2398,"2026-09-15 15:31","amp"
"E:\0github\git-sync\agentarena-w2\examples\taskpacks\official\json-contract-repair.yaml","json-contract-repair.yaml",".yaml",3581,"2026-09-15 15:31","amp"
"E:\0github\git-sync\agentarena-w2\examples\taskpacks\official\logging-improvement.yaml","logging-improvement.yaml",".yaml",3872,"2026-09-15 15:31","amp"
"E:\0github\git-sync\agentarena-w2\examples\taskpacks\official\multi-file-rename.yaml","multi-file-rename.yaml",".yaml",2206,"2026-09-15 15:31","amp"
"E:\0github\git-sync\agentarena-w2\examples\taskpacks\official\performance-optimize.yaml","performance-optimize.yaml",".yaml",2771,"2026-09-15 15:31","amp"
"E:\0github\git-sync\agentarena-w2\examples\taskpacks\official\python-api.yaml","python-api.yaml",".yaml",1326,"2026-09-15 15:31","amp"
"E:\0github\git-sync\agentarena-w2\examples\taskpacks\official\react-bugfix.yaml","react-bugfix.yaml",".yaml",1889,"2026-09-15 15:31","amp"
"E:\0github\git-sync\agentarena-w2\examples\taskpacks\official\README.md","README.md",".md",7091,"2026-09-15 15:31","amp"
"E:\0github\git-sync\agentarena-w2\examples\taskpacks\official\refactor-with-tests.yaml","refactor-with-tests.yaml",".yaml",2672,"2026-09-15 15:31","amp"
"E:\0github\git-sync\agentarena-w2\examples\taskpacks\official\repo-health.yaml","repo-health.yaml",".yaml",2673,"2026-09-15 15:31","amp"
"E:\0github\git-sync\agentarena-w2\examples\taskpacks\official\rotating-tasks-example.yaml","rotating-tasks-example.yaml",".yaml",2176,"2026-09-15 15:31","amp"
"E:\0github\git-sync\agentarena-w2\examples\taskpacks\official\security-hardening.yaml","security-hardening.yaml",".yaml",2860,"2026-09-15 15:31","amp"
"E:\0github\git-sync\agentarena-w2\examples\taskpacks\official\small-refactor.yaml","small-refactor.yaml",".yaml",2623,"2026-09-15 15:31","amp"
"E:\0github\git-sync\agentarena-w2\examples\taskpacks\official\snapshot-fix.yaml","snapshot-fix.yaml",".yaml",3551,"2026-09-15 15:31","amp"
"E:\0github\git-sync\agentarena-w2\examples\taskpacks\official\test-coverage.yaml","test-coverage.yaml",".yaml",2292,"2026-09-15 15:31","amp"
"E:\0github\git-sync\agentarena-w2\examples\taskpacks\repos\nodejs-app\package.json","package.json",".json",233,"2026-09-15 15:31","amp"
"E:\0github\git-sync\agentarena-w2\examples\taskpacks\repos\nodejs-app\fixtures\config.json","config.json",".json",172,"2026-09-15 15:31","amp"
"E:\0github\git-sync\agentarena-w2\examples\taskpacks\repos\nodejs-monorepo\package.json","package.json",".json",262,"2026-09-15 15:31","amp"
"E:\0github\git-sync\agentarena-w2\examples\taskpacks\repos\nodejs-monorepo\README.md","README.md",".md",302,"2026-09-15 15:31","amp"
"E:\0github\git-sync\agentarena-w2\examples\taskpacks\repos\nodejs-monorepo\packages\cli\package.json","package.json",".json",203,"2026-09-15 15:31","amp"
"E:\0github\git-sync\agentarena-w2\examples\taskpacks\repos\nodejs-monorepo\packages\core\package.json","package.json",".json",150,"2026-09-15 15:31","amp"
"E:\0github\git-sync\agentarena-w2\examples\taskpacks\repos\nodejs-monorepo\packages\runner\package.json","package.json",".json",209,"2026-09-15 15:31","amp"
"E:\0github\git-sync\agentarena-w2\examples\taskpacks\repos\nodejs-monorepo\packages\shared\package.json","package.json",".json",154,"2026-09-15 15:31","amp"
"E:\0github\git-sync\BrowserSkill-01a0b237\evals\browser\agents.example.json","agents.example.json",".json",351,"2026-09-18 09:57","amp"
"E:\0github\git-sync\BrowserSkill-01a0b237\results\jobs\browser\phaseF4\f4_control_example.txt","f4_control_example.txt",".txt",454,"2026-09-18 11:51","amp"
"E:\0github\git-sync\BrowserSkill-01a0b237\skills\git-sync\templates\success_criteria.example.json","success_criteria.example.json",".json",295,"2026-09-18 09:57","amp"
"E:\0github\git-sync\BrowserSkill-01a0b25b\evals\browser\agents.example.json","agents.example.json",".json",351,"2026-09-18 10:35","amp"
"E:\0github\git-sync\BrowserSkill-01a0b25b\skills\git-sync\templates\success_criteria.example.json","success_criteria.example.json",".json",295,"2026-09-18 10:35","amp"
"E:\0github\git-sync\git-pull-arena-01a0a9ba\skills\git-sync\templates\success_criteria.example.json","success_criteria.example.json",".json",295,"2026-09-16 18:26","amp"
"E:\0github\git-sync\git-pull-arena-01a0a9f0\code\tasks\amp_deck_build.py","amp_deck_build.py",".py",16739,"2026-10-02 01:13","amp"
"E:\0github\git-sync\git-pull-arena-01a0a9f0\code\tasks\amp_deck_v2_build.py","amp_deck_v2_build.py",".py",36459,"2026-10-02 01:40","amp"
"E:\0github\git-sync\git-pull-arena-01a0a9f0\code\tasks\desk_amp_deck.ps1","desk_amp_deck.ps1",".ps1",4495,"2026-10-02 01:13","amp"
"E:\0github\git-sync\git-pull-arena-01a0a9f0\code\tasks\desk_amp_deck2.ps1","desk_amp_deck2.ps1",".ps1",4553,"2026-10-02 01:29","amp"
"E:\0github\git-sync\git-pull-arena-01a0a9f0\code\tasks\t122_amp_deck.ps1","t122_amp_deck.ps1",".ps1",3809,"2026-10-02 01:13","amp"
"E:\0github\git-sync\git-pull-arena-01a0a9f0\code\tasks\t123_amp_deck2.ps1","t123_amp_deck2.ps1",".ps1",3851,"2026-10-02 01:29","amp"
"E:\0github\git-sync\git-pull-arena-01a0a9f0\code\tasks\t13_docker_autofigure.ps1","t13_docker_autofigure.ps1",".ps1",2917,"2026-09-29 17:54","dock"
"E:\0github\git-sync\git-pull-arena-01a0a9f0\code\tasks\t20_docker_pagefile.ps1","t20_docker_pagefile.ps1",".ps1",5765,"2026-09-30 08:50","dock"
"E:\0github\git-sync\git-pull-arena-01a0a9f0\code\tasks\t6_docker_report.ps1","t6_docker_report.ps1",".ps1",5648,"2026-09-29 17:10","dock"
"E:\0github\git-sync\git-pull-arena-01a0a9f0\results\amp_deck\amp_deck_v2_log.txt","amp_deck_v2_log.txt",".txt",224,"2026-10-02 01:30","amp"
"E:\0github\git-sync\git-pull-arena-01a0a9f0\results\amp_deck\proj_amp.json","proj_amp.json",".json",7021,"2026-10-02 01:16","amp"
"E:\0github\git-sync\git-pull-arena-01a0a9f0\results\amp_deck\proj_amp_v2.json","proj_amp_v2.json",".json",2336,"2026-10-02 01:41","amp"
"E:\0github\git-sync\git-pull-arena-01a0a9f0\results\amp_deck\REPORT.md","REPORT.md",".md",3497,"2026-10-02 01:44","amp"
"E:\0github\git-sync\git-pull-arena-01a0a9f0\skills\git-sync\templates\success_criteria.example.json","success_criteria.example.json",".json",283,"2026-09-16 19:26","amp"
"E:\0github\git-sync\git-pull-arena-01a0aa00\code\recipes\local-install.example.json","local-install.example.json",".json",1517,"2026-09-17 09:15","amp"
"E:\0github\git-sync\git-pull-arena-01a0aa00\code\recipes\sandbox-only.example.json","sandbox-only.example.json",".json",980,"2026-09-17 09:15","amp"
"E:\0github\git-sync\git-pull-arena-01a0aa00\skills\git-sync\templates\success_criteria.example.json","success_criteria.example.json",".json",283,"2026-09-16 19:43","amp"
"E:\0github\git-sync\git-pull-arena-01a0aa00\skills\office-loop\payload\code\recipes\local-install.example.json","local-install.example.json",".json",1517,"2026-09-17 09:15","amp"
"E:\0github\git-sync\git-pull-arena-01a0aa00\skills\office-loop\payload\code\recipes\sandbox-only.example.json","sandbox-only.example.json",".json",980,"2026-09-17 09:15","amp"
"E:\0github\git-sync\git-pull-arena-01a0ad15\code\peptide_ml.py","peptide_ml.py",".py",7775,"2026-09-17 10:38","peptide"
"E:\0github\git-sync\git-pull-arena-01a0ad15\code\run_peptide_ml.py","run_peptide_ml.py",".py",3534,"2026-09-17 14:44","peptide"
"E:\0github\git-sync\git-pull-arena-01a0ad15\code\run_peptide_ml.sh","run_peptide_ml.sh",".sh",3344,"2026-09-17 10:38","peptide"
"E:\0github\git-sync\git-pull-arena-01a0ad15\code\recipes\local-install.example.json","local-install.example.json",".json",1517,"2026-09-17 10:32","amp"
"E:\0github\git-sync\git-pull-arena-01a0ad15\code\recipes\peptide-ml.json","peptide-ml.json",".json",2353,"2026-09-17 14:31","peptide"
"E:\0github\git-sync\git-pull-arena-01a0ad15\code\recipes\peptide-probe.json","peptide-probe.json",".json",1861,"2026-09-17 10:32","peptide"
"E:\0github\git-sync\git-pull-arena-01a0ad15\code\recipes\sandbox-only.example.json","sandbox-only.example.json",".json",980,"2026-09-17 10:32","amp"
"E:\0github\git-sync\git-pull-arena-01a0ad15\results\peptide_ml\metrics.json","metrics.json",".json",708,"2026-09-17 14:49","peptide"
"E:\0github\git-sync\git-pull-arena-01a0ad15\results\peptide_ml\peptide_receipt.txt","peptide_receipt.txt",".txt",70,"2026-09-17 14:49","peptide"
"E:\0github\git-sync\git-pull-arena-01a0ad15\results\peptide_ml\predictions.csv","predictions.csv",".csv",2261,"2026-09-17 14:49","peptide"
"E:\0github\git-sync\git-pull-arena-01a0ad15\results\peptide_ml\run_report.txt","run_report.txt",".txt",550,"2026-09-17 14:49","peptide"
"E:\0github\git-sync\git-pull-arena-01a0ad15\results\peptide_ml_linux\metrics.json","metrics.json",".json",684,"2026-09-17 14:31","peptide"
"E:\0github\git-sync\git-pull-arena-01a0ad15\results\peptide_ml_linux\peptide_receipt.txt","peptide_receipt.txt",".txt",78,"2026-09-17 14:31","peptide"
"E:\0github\git-sync\git-pull-arena-01a0ad15\results\peptide_ml_linux\predictions.csv","predictions.csv",".csv",2160,"2026-09-17 14:31","peptide"
"E:\0github\git-sync\git-pull-arena-01a0ad15\results\peptide_ml_linux\run_report.txt","run_report.txt",".txt",543,"2026-09-17 14:31","peptide"
"E:\0github\git-sync\git-pull-arena-01a0ad15\skills\git-sync\templates\success_criteria.example.json","success_criteria.example.json",".json",283,"2026-09-17 10:32","amp"
"E:\0github\git-sync\git-pull-arena-01a0ad15\skills\office-loop\payload\code\recipes\local-install.example.json","local-install.example.json",".json",1517,"2026-09-17 10:32","amp"
"E:\0github\git-sync\git-pull-arena-01a0ad15\skills\office-loop\payload\code\recipes\peptide-ml.json","peptide-ml.json",".json",2353,"2026-09-17 14:31","peptide"
"E:\0github\git-sync\git-pull-arena-01a0ad15\skills\office-loop\payload\code\recipes\sandbox-only.example.json","sandbox-only.example.json",".json",980,"2026-09-17 10:32","amp"
"E:\0github\git-sync\git-pull-arena-01a0fa39\code\tasks\amp_deck_build.py","amp_deck_build.py",".py",16739,"2026-10-02 09:52","amp"
"E:\0github\git-sync\git-pull-arena-01a0fa39\code\tasks\amp_deck_v2_build.py","amp_deck_v2_build.py",".py",36459,"2026-10-02 09:52","amp"
"E:\0github\git-sync\git-pull-arena-01a0fa39\code\tasks\desk_amp_deck.ps1","desk_amp_deck.ps1",".ps1",4495,"2026-10-02 09:52","amp"
"E:\0github\git-sync\git-pull-arena-01a0fa39\code\tasks\desk_amp_deck2.ps1","desk_amp_deck2.ps1",".ps1",4553,"2026-10-02 09:52","amp"
"E:\0github\git-sync\git-pull-arena-01a0fa39\code\tasks\t122_amp_deck.ps1","t122_amp_deck.ps1",".ps1",3809,"2026-10-02 09:52","amp"
"E:\0github\git-sync\git-pull-arena-01a0fa39\code\tasks\t123_amp_deck2.ps1","t123_amp_deck2.ps1",".ps1",3851,"2026-10-02 09:52","amp"
"E:\0github\git-sync\git-pull-arena-01a0fa39\code\tasks\t13_docker_autofigure.ps1","t13_docker_autofigure.ps1",".ps1",2917,"2026-10-02 09:52","dock"
"E:\0github\git-sync\git-pull-arena-01a0fa39\code\tasks\t20_docker_pagefile.ps1","t20_docker_pagefile.ps1",".ps1",5765,"2026-10-02 09:52","dock"
"E:\0github\git-sync\git-pull-arena-01a0fa39\code\tasks\t6_docker_report.ps1","t6_docker_report.ps1",".ps1",5648,"2026-10-02 09:52","dock"
"E:\0github\git-sync\git-pull-arena-01a0fa39\results\amp_deck\amp_deck_v2_log.txt","amp_deck_v2_log.txt",".txt",219,"2026-10-02 09:52","amp"
"E:\0github\git-sync\git-pull-arena-01a0fa39\results\amp_deck\proj_amp.json","proj_amp.json",".json",6811,"2026-10-02 09:52","amp"
"E:\0github\git-sync\git-pull-arena-01a0fa39\results\amp_deck\proj_amp_v2.json","proj_amp_v2.json",".json",2252,"2026-10-02 09:52","amp"
"E:\0github\git-sync\git-pull-arena-01a0fa39\results\amp_deck\REPORT.md","REPORT.md",".md",3497,"2026-10-02 09:52","amp"
"E:\0github\git-sync\git-pull-arena-01a0fa39\results\wps_continue\amp_deck_v2_log.txt","amp_deck_v2_log.txt",".txt",224,"2026-10-02 01:30","amp"
"E:\0github\git-sync\git-pull-arena-01a0fa39\skills\git-sync\templates\success_criteria.example.json","success_criteria.example.json",".json",283,"2026-10-02 09:52","amp"
"E:\0github\git-sync\git-pull-arena-01a0ff64\code\tasks\amp_deck_build.py","amp_deck_build.py",".py",16739,"2026-10-03 09:49","amp"
"E:\0github\git-sync\git-pull-arena-01a0ff64\code\tasks\amp_deck_v2_build.py","amp_deck_v2_build.py",".py",36459,"2026-10-03 09:49","amp"
"E:\0github\git-sync\git-pull-arena-01a0ff64\code\tasks\desk_amp_deck.ps1","desk_amp_deck.ps1",".ps1",4495,"2026-10-03 09:49","amp"
"E:\0github\git-sync\git-pull-arena-01a0ff64\code\tasks\desk_amp_deck2.ps1","desk_amp_deck2.ps1",".ps1",4553,"2026-10-03 09:49","amp"
"E:\0github\git-sync\git-pull-arena-01a0ff64\code\tasks\t122_amp_deck.ps1","t122_amp_deck.ps1",".ps1",3809,"2026-10-03 09:49","amp"
"E:\0github\git-sync\git-pull-arena-01a0ff64\code\tasks\t123_amp_deck2.ps1","t123_amp_deck2.ps1",".ps1",3851,"2026-10-03 09:49","amp"
"E:\0github\git-sync\git-pull-arena-01a0ff64\code\tasks\t13_docker_autofigure.ps1","t13_docker_autofigure.ps1",".ps1",2917,"2026-10-03 09:49","dock"
"E:\0github\git-sync\git-pull-arena-01a0ff64\code\tasks\t20_docker_pagefile.ps1","t20_docker_pagefile.ps1",".ps1",5765,"2026-10-03 09:49","dock"
"E:\0github\git-sync\git-pull-arena-01a0ff64\code\tasks\t6_docker_report.ps1","t6_docker_report.ps1",".ps1",5648,"2026-10-03 09:49","dock"
"E:\0github\git-sync\git-pull-arena-01a0ff64\results\amp_deck\amp_deck_v2_log.txt","amp_deck_v2_log.txt",".txt",219,"2026-10-03 09:49","amp"
"E:\0github\git-sync\git-pull-arena-01a0ff64\results\amp_deck\proj_amp.json","proj_amp.json",".json",6811,"2026-10-03 09:49","amp"
"E:\0github\git-sync\git-pull-arena-01a0ff64\results\amp_deck\proj_amp_v2.json","proj_amp_v2.json",".json",2252,"2026-10-03 09:49","amp"
"E:\0github\git-sync\git-pull-arena-01a0ff64\results\amp_deck\REPORT.md","REPORT.md",".md",3497,"2026-10-03 09:49","amp"
"E:\0github\git-sync\git-pull-arena-01a0ff64\results\wps_continue\amp_deck_v2_log.txt","amp_deck_v2_log.txt",".txt",219,"2026-10-03 09:49","amp"
"E:\0github\git-sync\git-pull-arena-01a0ff64\skills\git-sync\templates\success_criteria.example.json","success_criteria.example.json",".json",283,"2026-10-03 09:49","amp"
"E:\0github\git-sync\git-pull-arena-01a0ff69\code\tasks\amp_deck_build.py","amp_deck_build.py",".py",16739,"2026-10-03 15:31","amp"
"E:\0github\git-sync\git-pull-arena-01a0ff69\code\tasks\amp_deck_v2_build.py","amp_deck_v2_build.py",".py",36459,"2026-10-03 15:31","amp"
"E:\0github\git-sync\git-pull-arena-01a0ff69\code\tasks\amp_docking_report_and_sci_figures.py","amp_docking_report_and_sci_figures.py",".py",39648,"2026-10-05 17:45","amp|dock"
"E:\0github\git-sync\git-pull-arena-01a0ff69\code\tasks\desk_amp_deck.ps1","desk_amp_deck.ps1",".ps1",4495,"2026-10-03 15:31","amp"
"E:\0github\git-sync\git-pull-arena-01a0ff69\code\tasks\desk_amp_deck2.ps1","desk_amp_deck2.ps1",".ps1",4553,"2026-10-03 15:31","amp"
"E:\0github\git-sync\git-pull-arena-01a0ff69\code\tasks\peptide_vina_pipeline.py","peptide_vina_pipeline.py",".py",32370,"2026-10-05 15:25","peptide|vina"
"E:\0github\git-sync\git-pull-arena-01a0ff69\code\tasks\t122_amp_deck.ps1","t122_amp_deck.ps1",".ps1",3809,"2026-10-03 15:31","amp"
"E:\0github\git-sync\git-pull-arena-01a0ff69\code\tasks\t123_amp_deck2.ps1","t123_amp_deck2.ps1",".ps1",3851,"2026-10-03 15:31","amp"
"E:\0github\git-sync\git-pull-arena-01a0ff69\code\tasks\t13_docker_autofigure.ps1","t13_docker_autofigure.ps1",".ps1",2917,"2026-10-03 15:31","dock"
"E:\0github\git-sync\git-pull-arena-01a0ff69\code\tasks\t197_amp_vina_docking_r255.ps1","t197_amp_vina_docking_r255.ps1",".ps1",9180,"2026-10-05 15:25","amp|dock|vina"
"E:\0github\git-sync\git-pull-arena-01a0ff69\code\tasks\t198_docking_path_probe_r259.ps1","t198_docking_path_probe_r259.ps1",".ps1",2613,"2026-10-05 15:54","dock"
"E:\0github\git-sync\git-pull-arena-01a0ff69\code\tasks\t199_amp_report_sci_figures_r260.ps1","t199_amp_report_sci_figures_r260.ps1",".ps1",8375,"2026-10-05 17:41","amp"
"E:\0github\git-sync\git-pull-arena-01a0ff69\code\tasks\t204_collect_user_amp_assets.ps1","t204_collect_user_amp_assets.ps1",".ps1",5902,"2026-10-07 15:32","amp"
"E:\0github\git-sync\git-pull-arena-01a0ff69\code\tasks\t20_docker_pagefile.ps1","t20_docker_pagefile.ps1",".ps1",5765,"2026-10-03 15:31","dock"
"E:\0github\git-sync\git-pull-arena-01a0ff69\code\tasks\t6_docker_report.ps1","t6_docker_report.ps1",".ps1",5648,"2026-10-03 15:31","dock"
"E:\0github\git-sync\git-pull-arena-01a0ff69\results\amp_deck\amp_deck_v2_log.txt","amp_deck_v2_log.txt",".txt",219,"2026-10-03 15:31","amp"
"E:\0github\git-sync\git-pull-arena-01a0ff69\results\amp_deck\proj_amp.json","proj_amp.json",".json",6811,"2026-10-03 15:31","amp"
"E:\0github\git-sync\git-pull-arena-01a0ff69\results\amp_deck\proj_amp_v2.json","proj_amp_v2.json",".json",2252,"2026-10-03 15:31","amp"
"E:\0github\git-sync\git-pull-arena-01a0ff69\results\amp_deck\REPORT.md","REPORT.md",".md",3497,"2026-10-03 15:31","amp"
"E:\0github\git-sync\git-pull-arena-01a0ff69\results\docking\AMP_DOCKING_R255.md","AMP_DOCKING_R255.md",".md",12348,"2026-10-05 17:49","amp|dock"
"E:\0github\git-sync\git-pull-arena-01a0ff69\results\docking\AMP_REPORT_SCI_FIGURES_R260.md","AMP_REPORT_SCI_FIGURES_R260.md",".md",3216,"2026-10-05 17:49","amp|dock"
"E:\0github\git-sync\git-pull-arena-01a0ff69\results\docking\DESKTOP_RESULT_PATH_R259.md","DESKTOP_RESULT_PATH_R259.md",".md",384,"2026-10-05 15:55","dock"
"E:\0github\git-sync\git-pull-arena-01a0ff69\results\docking\AMP_Docking_Vina_R255\AMP_Docking_Report_SciFigures_manifest.json","AMP_Docking_Report_SciFigures_manifest.json",".json",1003,"2026-10-05 17:49","amp|dock|vina"
"E:\0github\git-sync\git-pull-arena-01a0ff69\results\docking\AMP_Docking_Vina_R255\AMP_Docking_Targets_Methods_Results.docx","AMP_Docking_Targets_Methods_Results.docx",".docx",6939691,"2026-10-05 17:49","amp|dock|vina|method"
"E:\0github\git-sync\git-pull-arena-01a0ff69\results\docking\AMP_Docking_Vina_R255\AMP_Docking_Targets_Methods_Results.md","AMP_Docking_Targets_Methods_Results.md",".md",12580,"2026-10-05 17:49","amp|dock|vina|method"
"E:\0github\git-sync\git-pull-arena-01a0ff69\results\docking\AMP_Docking_Vina_R255\manifest.json","manifest.json",".json",16824,"2026-10-05 15:52","amp|dock|vina"
"E:\0github\git-sync\git-pull-arena-01a0ff69\results\docking\AMP_Docking_Vina_R255\REPORT.md","REPORT.md",".md",6476,"2026-10-05 15:52","amp|dock|vina"
"E:\0github\git-sync\git-pull-arena-01a0ff69\results\docking\AMP_Docking_Vina_R255\complexes_best_vina\all_contacts_4A.csv","all_contacts_4A.csv",".csv",12132,"2026-10-05 17:49","amp|dock|vina"
"E:\0github\git-sync\git-pull-arena-01a0ff69\results\docking\AMP_Docking_Vina_R255\complexes_best_vina\all_panel_render_records.csv","all_panel_render_records.csv",".csv",11497,"2026-10-05 17:49","amp|dock|vina"
"E:\0github\git-sync\git-pull-arena-01a0ff69\results\docking\AMP_Docking_Vina_R255\complexes_best_vina\contacts_4A\A_ecoli_FtsZ_6UNX__P1_FVNKLNRIIPVKGFSMR_contacts_4A.csv","A_ecoli_FtsZ_6UNX__P1_FVNKLNRIIPVKGFSMR_contacts_4A.csv",".csv",954,"2026-10-05 17:45","amp|dock|vina|ftsz"
"E:\0github\git-sync\git-pull-arena-01a0ff69\results\docking\AMP_Docking_Vina_R255\complexes_best_vina\contacts_4A\B_ecoli_FtsZ_6UNX__P2_LISNTKKFGTAIASHR_contacts_4A.csv","B_ecoli_FtsZ_6UNX__P2_LISNTKKFGTAIASHR_contacts_4A.csv",".csv",708,"2026-10-05 17:45","amp|dock|vina|ftsz"
"E:\0github\git-sync\git-pull-arena-01a0ff69\results\docking\AMP_Docking_Vina_R255\complexes_best_vina\contacts_4A\C_ecoli_FtsZ_6UNX__P3_ISLAIPLASKISGFTLALVKNAST_contacts_4A.csv","C_ecoli_FtsZ_6UNX__P3_ISLAIPLASKISGFTLALVKNAST_contacts_4A.csv",".csv",1118,"2026-10-05 17:46","amp|dock|vina|ftsz"
"E:\0github\git-sync\git-pull-arena-01a0ff69\results\docking\AMP_Docking_Vina_R255\complexes_best_vina\contacts_4A\D_ecoli_GyrB_4DUH__P1_FVNKLNRIIPVKGFSMR_contacts_4A.csv","D_ecoli_GyrB_4DUH__P1_FVNKLNRIIPVKGFSMR_contacts_4A.csv",".csv",719,"2026-10-05 17:46","amp|dock|vina|gyrb"
"E:\0github\git-sync\git-pull-arena-01a0ff69\results\docking\AMP_Docking_Vina_R255\complexes_best_vina\contacts_4A\E_ecoli_GyrB_4DUH__P2_LISNTKKFGTAIASHR_contacts_4A.csv","E_ecoli_GyrB_4DUH__P2_LISNTKKFGTAIASHR_contacts_4A.csv",".csv",709,"2026-10-05 17:46","amp|dock|vina|gyrb"
"E:\0github\git-sync\git-pull-arena-01a0ff69\results\docking\AMP_Docking_Vina_R255\complexes_best_vina\contacts_4A\F_ecoli_GyrB_4DUH__P3_ISLAIPLASKISGFTLALVKNAST_contacts_4A.csv","F_ecoli_GyrB_4DUH__P3_ISLAIPLASKISGFTLALVKNAST_contacts_4A.csv",".csv",925,"2026-10-05 17:47","amp|dock|vina|gyrb"
"E:\0github\git-sync\git-pull-arena-01a0ff69\results\docking\AMP_Docking_Vina_R255\complexes_best_vina\contacts_4A\G_saureus_FtsZ_5MN4__P1_FVNKLNRIIPVKGFSMR_contacts_4A.csv","G_saureus_FtsZ_5MN4__P1_FVNKLNRIIPVKGFSMR_contacts_4A.csv",".csv",684,"2026-10-05 17:47","amp|dock|vina|ftsz"
"E:\0github\git-sync\git-pull-arena-01a0ff69\results\docking\AMP_Docking_Vina_R255\complexes_best_vina\contacts_4A\H_saureus_FtsZ_5MN4__P2_LISNTKKFGTAIASHR_contacts_4A.csv","H_saureus_FtsZ_5MN4__P2_LISNTKKFGTAIASHR_contacts_4A.csv",".csv",904,"2026-10-05 17:47","amp|dock|vina|ftsz"
"E:\0github\git-sync\git-pull-arena-01a0ff69\results\docking\AMP_Docking_Vina_R255\complexes_best_vina\contacts_4A\I_saureus_FtsZ_5MN4__P3_ISLAIPLASKISGFTLALVKNAST_contacts_4A.csv","I_saureus_FtsZ_5MN4__P3_ISLAIPLASKISGFTLALVKNAST_contacts_4A.csv",".csv",1429,"2026-10-05 17:47","amp|dock|vina|ftsz"
"E:\0github\git-sync\git-pull-arena-01a0ff69\results\docking\AMP_Docking_Vina_R255\complexes_best_vina\contacts_4A\J_saureus_SrtA_1T2W__P1_FVNKLNRIIPVKGFSMR_contacts_4A.csv","J_saureus_SrtA_1T2W__P1_FVNKLNRIIPVKGFSMR_contacts_4A.csv",".csv",1657,"2026-10-05 17:48","amp|dock|vina"
"E:\0github\git-sync\git-pull-arena-01a0ff69\results\docking\AMP_Docking_Vina_R255\complexes_best_vina\contacts_4A\K_saureus_SrtA_1T2W__P2_LISNTKKFGTAIASHR_contacts_4A.csv","K_saureus_SrtA_1T2W__P2_LISNTKKFGTAIASHR_contacts_4A.csv",".csv",1082,"2026-10-05 17:48","amp|dock|vina"
"E:\0github\git-sync\git-pull-arena-01a0ff69\results\docking\AMP_Docking_Vina_R255\complexes_best_vina\contacts_4A\L_saureus_SrtA_1T2W__P3_ISLAIPLASKISGFTLALVKNAST_contacts_4A.csv","L_saureus_SrtA_1T2W__P3_ISLAIPLASKISGFTLALVKNAST_contacts_4A.csv",".csv",2090,"2026-10-05 17:49","amp|dock|vina"
"E:\0github\git-sync\git-pull-arena-01a0ff69\results\docking\AMP_Docking_Vina_R255\complexes_best_vina\pymol_scripts\A_ecoli_FtsZ_6UNX__P1_FVNKLNRIIPVKGFSMR_pymol.log","A_ecoli_FtsZ_6UNX__P1_FVNKLNRIIPVKGFSMR_pymol.log",".log",1803,"2026-10-05 17:45","amp|dock|vina|ftsz"
"E:\0github\git-sync\git-pull-arena-01a0ff69\results\docking\AMP_Docking_Vina_R255\complexes_best_vina\pymol_scripts\A_ecoli_FtsZ_6UNX__P1_FVNKLNRIIPVKGFSMR_render.pml","A_ecoli_FtsZ_6UNX__P1_FVNKLNRIIPVKGFSMR_render.pml",".pml",2188,"2026-10-05 17:45","amp|dock|vina|ftsz"
"E:\0github\git-sync\git-pull-arena-01a0ff69\results\docking\AMP_Docking_Vina_R255\complexes_best_vina\pymol_scripts\B_ecoli_FtsZ_6UNX__P2_LISNTKKFGTAIASHR_pymol.log","B_ecoli_FtsZ_6UNX__P2_LISNTKKFGTAIASHR_pymol.log",".log",1801,"2026-10-05 17:46","amp|dock|vina|ftsz"
"E:\0github\git-sync\git-pull-arena-01a0ff69\results\docking\AMP_Docking_Vina_R255\complexes_best_vina\pymol_scripts\B_ecoli_FtsZ_6UNX__P2_LISNTKKFGTAIASHR_render.pml","B_ecoli_FtsZ_6UNX__P2_LISNTKKFGTAIASHR_render.pml",".pml",2155,"2026-10-05 17:45","amp|dock|vina|ftsz"
"E:\0github\git-sync\git-pull-arena-01a0ff69\results\docking\AMP_Docking_Vina_R255\complexes_best_vina\pymol_scripts\C_ecoli_FtsZ_6UNX__P3_ISLAIPLASKISGFTLALVKNAST_pymol.log","C_ecoli_FtsZ_6UNX__P3_ISLAIPLASKISGFTLALVKNAST_pymol.log",".log",1820,"2026-10-05 17:46","amp|dock|vina|ftsz"
"E:\0github\git-sync\git-pull-arena-01a0ff69\results\docking\AMP_Docking_Vina_R255\complexes_best_vina\pymol_scripts\C_ecoli_FtsZ_6UNX__P3_ISLAIPLASKISGFTLALVKNAST_render.pml","C_ecoli_FtsZ_6UNX__P3_ISLAIPLASKISGFTLALVKNAST_render.pml",".pml",2214,"2026-10-05 17:46","amp|dock|vina|ftsz"
"E:\0github\git-sync\git-pull-arena-01a0ff69\results\docking\AMP_Docking_Vina_R255\complexes_best_vina\pymol_scripts\D_ecoli_GyrB_4DUH__P1_FVNKLNRIIPVKGFSMR_pymol.log","D_ecoli_GyrB_4DUH__P1_FVNKLNRIIPVKGFSMR_pymol.log",".log",1803,"2026-10-05 17:46","amp|dock|vina|gyrb"
"E:\0github\git-sync\git-pull-arena-01a0ff69\results\docking\AMP_Docking_Vina_R255\complexes_best_vina\pymol_scripts\D_ecoli_GyrB_4DUH__P1_FVNKLNRIIPVKGFSMR_render.pml","D_ecoli_GyrB_4DUH__P1_FVNKLNRIIPVKGFSMR_render.pml",".pml",2159,"2026-10-05 17:46","amp|dock|vina|gyrb"
"E:\0github\git-sync\git-pull-arena-01a0ff69\results\docking\AMP_Docking_Vina_R255\complexes_best_vina\pymol_scripts\E_ecoli_GyrB_4DUH__P2_LISNTKKFGTAIASHR_pymol.log","E_ecoli_GyrB_4DUH__P2_LISNTKKFGTAIASHR_pymol.log",".log",1801,"2026-10-05 17:47","amp|dock|vina|gyrb"
"E:\0github\git-sync\git-pull-arena-01a0ff69\results\docking\AMP_Docking_Vina_R255\complexes_best_vina\pymol_scripts\E_ecoli_GyrB_4DUH__P2_LISNTKKFGTAIASHR_render.pml","E_ecoli_GyrB_4DUH__P2_LISNTKKFGTAIASHR_render.pml",".pml",2156,"2026-10-05 17:46","amp|dock|vina|gyrb"
"E:\0github\git-sync\git-pull-arena-01a0ff69\results\docking\AMP_Docking_Vina_R255\complexes_best_vina\pymol_scripts\F_ecoli_GyrB_4DUH__P3_ISLAIPLASKISGFTLALVKNAST_pymol.log","F_ecoli_GyrB_4DUH__P3_ISLAIPLASKISGFTLALVKNAST_pymol.log",".log",1820,"2026-10-05 17:47","amp|dock|vina|gyrb"
"E:\0github\git-sync\git-pull-arena-01a0ff69\results\docking\AMP_Docking_Vina_R255\complexes_best_vina\pymol_scripts\F_ecoli_GyrB_4DUH__P3_ISLAIPLASKISGFTLALVKNAST_render.pml","F_ecoli_GyrB_4DUH__P3_ISLAIPLASKISGFTLALVKNAST_render.pml",".pml",2212,"2026-10-05 17:47","amp|dock|vina|gyrb"
"E:\0github\git-sync\git-pull-arena-01a0ff69\results\docking\AMP_Docking_Vina_R255\complexes_best_vina\pymol_scripts\G_saureus_FtsZ_5MN4__P1_FVNKLNRIIPVKGFSMR_pymol.log","G_saureus_FtsZ_5MN4__P1_FVNKLNRIIPVKGFSMR_pymol.log",".log",1807,"2026-10-05 17:47","amp|dock|vina|ftsz"
"E:\0github\git-sync\git-pull-arena-01a0ff69\results\docking\AMP_Docking_Vina_R255\complexes_best_vina\pymol_scripts\G_saureus_FtsZ_5MN4__P1_FVNKLNRIIPVKGFSMR_render.pml","G_saureus_FtsZ_5MN4__P1_FVNKLNRIIPVKGFSMR_render.pml",".pml",2145,"2026-10-05 17:47","amp|dock|vina|ftsz"
"E:\0github\git-sync\git-pull-arena-01a0ff69\results\docking\AMP_Docking_Vina_R255\complexes_best_vina\pymol_scripts\H_saureus_FtsZ_5MN4__P2_LISNTKKFGTAIASHR_pymol.log","H_saureus_FtsZ_5MN4__P2_LISNTKKFGTAIASHR_pymol.log",".log",1805,"2026-10-05 17:47","amp|dock|vina|ftsz"
"E:\0github\git-sync\git-pull-arena-01a0ff69\results\docking\AMP_Docking_Vina_R255\complexes_best_vina\pymol_scripts\H_saureus_FtsZ_5MN4__P2_LISNTKKFGTAIASHR_render.pml","H_saureus_FtsZ_5MN4__P2_LISNTKKFGTAIASHR_render.pml",".pml",2187,"2026-10-05 17:47","amp|dock|vina|ftsz"
"E:\0github\git-sync\git-pull-arena-01a0ff69\results\docking\AMP_Docking_Vina_R255\complexes_best_vina\pymol_scripts\I_saureus_FtsZ_5MN4__P3_ISLAIPLASKISGFTLALVKNAST_pymol.log","I_saureus_FtsZ_5MN4__P3_ISLAIPLASKISGFTLALVKNAST_pymol.log",".log",1824,"2026-10-05 17:48","amp|dock|vina|ftsz"
"E:\0github\git-sync\git-pull-arena-01a0ff69\results\docking\AMP_Docking_Vina_R255\complexes_best_vina\pymol_scripts\I_saureus_FtsZ_5MN4__P3_ISLAIPLASKISGFTLALVKNAST_render.pml","I_saureus_FtsZ_5MN4__P3_ISLAIPLASKISGFTLALVKNAST_render.pml",".pml",2222,"2026-10-05 17:47","amp|dock|vina|ftsz"
"E:\0github\git-sync\git-pull-arena-01a0ff69\results\docking\AMP_Docking_Vina_R255\complexes_best_vina\pymol_scripts\J_saureus_SrtA_1T2W__P1_FVNKLNRIIPVKGFSMR_pymol.log","J_saureus_SrtA_1T2W__P1_FVNKLNRIIPVKGFSMR_pymol.log",".log",1811,"2026-10-05 17:48","amp|dock|vina"
"E:\0github\git-sync\git-pull-arena-01a0ff69\results\docking\AMP_Docking_Vina_R255\complexes_best_vina\pymol_scripts\J_saureus_SrtA_1T2W__P1_FVNKLNRIIPVKGFSMR_render.pml","J_saureus_SrtA_1T2W__P1_FVNKLNRIIPVKGFSMR_render.pml",".pml",2197,"2026-10-05 17:48","amp|dock|vina"
"E:\0github\git-sync\git-pull-arena-01a0ff69\results\docking\AMP_Docking_Vina_R255\complexes_best_vina\pymol_scripts\K_saureus_SrtA_1T2W__P2_LISNTKKFGTAIASHR_pymol.log","K_saureus_SrtA_1T2W__P2_LISNTKKFGTAIASHR_pymol.log",".log",1808,"2026-10-05 17:49","amp|dock|vina"
"E:\0github\git-sync\git-pull-arena-01a0ff69\results\docking\AMP_Docking_Vina_R255\complexes_best_vina\pymol_scripts\K_saureus_SrtA_1T2W__P2_LISNTKKFGTAIASHR_render.pml","K_saureus_SrtA_1T2W__P2_LISNTKKFGTAIASHR_render.pml",".pml",2190,"2026-10-05 17:48","amp|dock|vina"
"E:\0github\git-sync\git-pull-arena-01a0ff69\results\docking\AMP_Docking_Vina_R255\complexes_best_vina\pymol_scripts\L_saureus_SrtA_1T2W__P3_ISLAIPLASKISGFTLALVKNAST_pymol.log","L_saureus_SrtA_1T2W__P3_ISLAIPLASKISGFTLALVKNAST_pymol.log",".log",1824,"2026-10-05 17:49","amp|dock|vina"
"E:\0github\git-sync\git-pull-arena-01a0ff69\results\docking\AMP_Docking_Vina_R255\complexes_best_vina\pymol_scripts\L_saureus_SrtA_1T2W__P3_ISLAIPLASKISGFTLALVKNAST_render.pml","L_saureus_SrtA_1T2W__P3_ISLAIPLASKISGFTLALVKNAST_render.pml",".pml",2221,"2026-10-05 17:49","amp|dock|vina"
"E:\0github\git-sync\git-pull-arena-01a0ff69\results\docking\AMP_Docking_Vina_R255\contacts\ecoli_GyrB_4DUH__P1_FVNKLNRIIPVKGFSMR_contacts_4A.csv","ecoli_GyrB_4DUH__P1_FVNKLNRIIPVKGFSMR_contacts_4A.csv",".csv",412,"2026-10-05 15:52","amp|dock|vina|gyrb"
"E:\0github\git-sync\git-pull-arena-01a0ff69\results\docking\AMP_Docking_Vina_R255\contacts\ecoli_GyrB_4DUH__P2_LISNTKKFGTAIASHR_contacts_4A.csv","ecoli_GyrB_4DUH__P2_LISNTKKFGTAIASHR_contacts_4A.csv",".csv",393,"2026-10-05 15:52","amp|dock|vina|gyrb"
"E:\0github\git-sync\git-pull-arena-01a0ff69\results\docking\AMP_Docking_Vina_R255\contacts\ecoli_GyrB_4DUH__P3_ISLAIPLASKISGFTLALVKNAST_contacts_4A.csv","ecoli_GyrB_4DUH__P3_ISLAIPLASKISGFTLALVKNAST_contacts_4A.csv",".csv",337,"2026-10-05 15:52","amp|dock|vina|gyrb"
"E:\0github\git-sync\git-pull-arena-01a0ff69\results\docking\AMP_Docking_Vina_R255\contacts\saureus_FtsZ_5MN4__P1_FVNKLNRIIPVKGFSMR_contacts_4A.csv","saureus_FtsZ_5MN4__P1_FVNKLNRIIPVKGFSMR_contacts_4A.csv",".csv",265,"2026-10-05 15:52","amp|dock|vina|ftsz"
"E:\0github\git-sync\git-pull-arena-01a0ff69\results\docking\AMP_Docking_Vina_R255\contacts\saureus_FtsZ_5MN4__P2_LISNTKKFGTAIASHR_contacts_4A.csv","saureus_FtsZ_5MN4__P2_LISNTKKFGTAIASHR_contacts_4A.csv",".csv",437,"2026-10-05 15:52","amp|dock|vina|ftsz"
"E:\0github\git-sync\git-pull-arena-01a0ff69\results\docking\AMP_Docking_Vina_R255\contacts\saureus_FtsZ_5MN4__P3_ISLAIPLASKISGFTLALVKNAST_contacts_4A.csv","saureus_FtsZ_5MN4__P3_ISLAIPLASKISGFTLALVKNAST_contacts_4A.csv",".csv",440,"2026-10-05 15:52","amp|dock|vina|ftsz"
"E:\0github\git-sync\git-pull-arena-01a0ff69\results\docking\AMP_Docking_Vina_R255\poses\ecoli_FtsZ_6UNX\P1_FVNKLNRIIPVKGFSMR\ecoli_FtsZ_6UNX__P1_FVNKLNRIIPVKGFSMR__rep1_vina.log","ecoli_FtsZ_6UNX__P1_FVNKLNRIIPVKGFSMR__rep1_vina.log",".log",2086,"2026-10-05 15:29","amp|dock|vina|ftsz"
"E:\0github\git-sync\git-pull-arena-01a0ff69\results\docking\AMP_Docking_Vina_R255\poses\ecoli_FtsZ_6UNX\P1_FVNKLNRIIPVKGFSMR\ecoli_FtsZ_6UNX__P1_FVNKLNRIIPVKGFSMR__rep2_vina.log","ecoli_FtsZ_6UNX__P1_FVNKLNRIIPVKGFSMR__rep2_vina.log",".log",2086,"2026-10-05 15:30","amp|dock|vina|ftsz"
"E:\0github\git-sync\git-pull-arena-01a0ff69\results\docking\AMP_Docking_Vina_R255\poses\ecoli_FtsZ_6UNX\P1_FVNKLNRIIPVKGFSMR\ecoli_FtsZ_6UNX__P1_FVNKLNRIIPVKGFSMR__rep3_vina.log","ecoli_FtsZ_6UNX__P1_FVNKLNRIIPVKGFSMR__rep3_vina.log",".log",2045,"2026-10-05 15:30","amp|dock|vina|ftsz"
"E:\0github\git-sync\git-pull-arena-01a0ff69\results\docking\AMP_Docking_Vina_R255\poses\ecoli_FtsZ_6UNX\P2_LISNTKKFGTAIASHR\ecoli_FtsZ_6UNX__P2_LISNTKKFGTAIASHR__rep1_vina.log","ecoli_FtsZ_6UNX__P2_LISNTKKFGTAIASHR__rep1_vina.log",".log",2003,"2026-10-05 15:31","amp|dock|vina|ftsz"
"E:\0github\git-sync\git-pull-arena-01a0ff69\results\docking\AMP_Docking_Vina_R255\poses\ecoli_FtsZ_6UNX\P2_LISNTKKFGTAIASHR\ecoli_FtsZ_6UNX__P2_LISNTKKFGTAIASHR__rep2_vina.log","ecoli_FtsZ_6UNX__P2_LISNTKKFGTAIASHR__rep2_vina.log",".log",2044,"2026-10-05 15:31","amp|dock|vina|ftsz"
"E:\0github\git-sync\git-pull-arena-01a0ff69\results\docking\AMP_Docking_Vina_R255\poses\ecoli_FtsZ_6UNX\P2_LISNTKKFGTAIASHR\ecoli_FtsZ_6UNX__P2_LISNTKKFGTAIASHR__rep3_vina.log","ecoli_FtsZ_6UNX__P2_LISNTKKFGTAIASHR__rep3_vina.log",".log",2003,"2026-10-05 15:32","amp|dock|vina|ftsz"
"E:\0github\git-sync\git-pull-arena-01a0ff69\results\docking\AMP_Docking_Vina_R255\poses\ecoli_FtsZ_6UNX\P3_ISLAIPLASKISGFTLALVKNAST\ecoli_FtsZ_6UNX__P3_ISLAIPLASKISGFTLALVKNAST__rep1_vina.log","ecoli_FtsZ_6UNX__P3_ISLAIPLASKISGFTLALVKNAST__rep1_vina.log",".log",2011,"2026-10-05 15:32","amp|dock|vina|ftsz"
"E:\0github\git-sync\git-pull-arena-01a0ff69\results\docking\AMP_Docking_Vina_R255\poses\ecoli_FtsZ_6UNX\P3_ISLAIPLASKISGFTLALVKNAST\ecoli_FtsZ_6UNX__P3_ISLAIPLASKISGFTLALVKNAST__rep2_vina.log","ecoli_FtsZ_6UNX__P3_ISLAIPLASKISGFTLALVKNAST__rep2_vina.log",".log",2052,"2026-10-05 15:33","amp|dock|vina|ftsz"
"E:\0github\git-sync\git-pull-arena-01a0ff69\results\docking\AMP_Docking_Vina_R255\poses\ecoli_FtsZ_6UNX\P3_ISLAIPLASKISGFTLALVKNAST\ecoli_FtsZ_6UNX__P3_ISLAIPLASKISGFTLALVKNAST__rep3_vina.log","ecoli_FtsZ_6UNX__P3_ISLAIPLASKISGFTLALVKNAST__rep3_vina.log",".log",2011,"2026-10-05 15:34","amp|dock|vina|ftsz"
"E:\0github\git-sync\git-pull-arena-01a0ff69\results\docking\AMP_Docking_Vina_R255\poses\ecoli_GyrB_4DUH\P1_FVNKLNRIIPVKGFSMR\ecoli_GyrB_4DUH__P1_FVNKLNRIIPVKGFSMR__rep1_vina.log","ecoli_GyrB_4DUH__P1_FVNKLNRIIPVKGFSMR__rep1_vina.log",".log",2045,"2026-10-05 15:34","amp|dock|vina|gyrb"
"E:\0github\git-sync\git-pull-arena-01a0ff69\results\docking\AMP_Docking_Vina_R255\poses\ecoli_GyrB_4DUH\P1_FVNKLNRIIPVKGFSMR\ecoli_GyrB_4DUH__P1_FVNKLNRIIPVKGFSMR__rep2_vina.log","ecoli_GyrB_4DUH__P1_FVNKLNRIIPVKGFSMR__rep2_vina.log",".log",2045,"2026-10-05 15:35","amp|dock|vina|gyrb"
"E:\0github\git-sync\git-pull-arena-01a0ff69\results\docking\AMP_Docking_Vina_R255\poses\ecoli_GyrB_4DUH\P1_FVNKLNRIIPVKGFSMR\ecoli_GyrB_4DUH__P1_FVNKLNRIIPVKGFSMR__rep3_vina.log","ecoli_GyrB_4DUH__P1_FVNKLNRIIPVKGFSMR__rep3_vina.log",".log",2086,"2026-10-05 15:36","amp|dock|vina|gyrb"
"E:\0github\git-sync\git-pull-arena-01a0ff69\results\docking\AMP_Docking_Vina_R255\poses\ecoli_GyrB_4DUH\P2_LISNTKKFGTAIASHR\ecoli_GyrB_4DUH__P2_LISNTKKFGTAIASHR__rep1_vina.log","ecoli_GyrB_4DUH__P2_LISNTKKFGTAIASHR__rep1_vina.log",".log",2044,"2026-10-05 15:36","amp|dock|vina|gyrb"
"E:\0github\git-sync\git-pull-arena-01a0ff69\results\docking\AMP_Docking_Vina_R255\poses\ecoli_GyrB_4DUH\P2_LISNTKKFGTAIASHR\ecoli_GyrB_4DUH__P2_LISNTKKFGTAIASHR__rep2_vina.log","ecoli_GyrB_4DUH__P2_LISNTKKFGTAIASHR__rep2_vina.log",".log",2085,"2026-10-05 15:36","amp|dock|vina|gyrb"
"E:\0github\git-sync\git-pull-arena-01a0ff69\results\docking\AMP_Docking_Vina_R255\poses\ecoli_GyrB_4DUH\P2_LISNTKKFGTAIASHR\ecoli_GyrB_4DUH__P2_LISNTKKFGTAIASHR__rep3_vina.log","ecoli_GyrB_4DUH__P2_LISNTKKFGTAIASHR__rep3_vina.log",".log",2044,"2026-10-05 15:37","amp|dock|vina|gyrb"
"E:\0github\git-sync\git-pull-arena-01a0ff69\results\docking\AMP_Docking_Vina_R255\poses\ecoli_GyrB_4DUH\P3_ISLAIPLASKISGFTLALVKNAST\ecoli_GyrB_4DUH__P3_ISLAIPLASKISGFTLALVKNAST__rep1_vina.log","ecoli_GyrB_4DUH__P3_ISLAIPLASKISGFTLALVKNAST__rep1_vina.log",".log",2052,"2026-10-05 15:38","amp|dock|vina|gyrb"
"E:\0github\git-sync\git-pull-arena-01a0ff69\results\docking\AMP_Docking_Vina_R255\poses\ecoli_GyrB_4DUH\P3_ISLAIPLASKISGFTLALVKNAST\ecoli_GyrB_4DUH__P3_ISLAIPLASKISGFTLALVKNAST__rep2_vina.log","ecoli_GyrB_4DUH__P3_ISLAIPLASKISGFTLALVKNAST__rep2_vina.log",".log",2052,"2026-10-05 15:39","amp|dock|vina|gyrb"
"E:\0github\git-sync\git-pull-arena-01a0ff69\results\docking\AMP_Docking_Vina_R255\poses\ecoli_GyrB_4DUH\P3_ISLAIPLASKISGFTLALVKNAST\ecoli_GyrB_4DUH__P3_ISLAIPLASKISGFTLALVKNAST__rep3_vina.log","ecoli_GyrB_4DUH__P3_ISLAIPLASKISGFTLALVKNAST__rep3_vina.log",".log",2093,"2026-10-05 15:40","amp|dock|vina|gyrb"
"E:\0github\git-sync\git-pull-arena-01a0ff69\results\docking\AMP_Docking_Vina_R255\poses\saureus_FtsZ_5MN4\P1_FVNKLNRIIPVKGFSMR\saureus_FtsZ_5MN4__P1_FVNKLNRIIPVKGFSMR__rep1_vina.log","saureus_FtsZ_5MN4__P1_FVNKLNRIIPVKGFSMR__rep1_vina.log",".log",2008,"2026-10-05 15:40","amp|dock|vina|ftsz"
"E:\0github\git-sync\git-pull-arena-01a0ff69\results\docking\AMP_Docking_Vina_R255\poses\saureus_FtsZ_5MN4\P1_FVNKLNRIIPVKGFSMR\saureus_FtsZ_5MN4__P1_FVNKLNRIIPVKGFSMR__rep2_vina.log","saureus_FtsZ_5MN4__P1_FVNKLNRIIPVKGFSMR__rep2_vina.log",".log",2049,"2026-10-05 15:41","amp|dock|vina|ftsz"
"E:\0github\git-sync\git-pull-arena-01a0ff69\results\docking\AMP_Docking_Vina_R255\poses\saureus_FtsZ_5MN4\P1_FVNKLNRIIPVKGFSMR\saureus_FtsZ_5MN4__P1_FVNKLNRIIPVKGFSMR__rep3_vina.log","saureus_FtsZ_5MN4__P1_FVNKLNRIIPVKGFSMR__rep3_vina.log",".log",2090,"2026-10-05 15:41","amp|dock|vina|ftsz"
"E:\0github\git-sync\git-pull-arena-01a0ff69\results\docking\AMP_Docking_Vina_R255\poses\saureus_FtsZ_5MN4\P2_LISNTKKFGTAIASHR\saureus_FtsZ_5MN4__P2_LISNTKKFGTAIASHR__rep1_vina.log","saureus_FtsZ_5MN4__P2_LISNTKKFGTAIASHR__rep1_vina.log",".log",2048,"2026-10-05 15:42","amp|dock|vina|ftsz"
"E:\0github\git-sync\git-pull-arena-01a0ff69\results\docking\AMP_Docking_Vina_R255\poses\saureus_FtsZ_5MN4\P2_LISNTKKFGTAIASHR\saureus_FtsZ_5MN4__P2_LISNTKKFGTAIASHR__rep2_vina.log","saureus_FtsZ_5MN4__P2_LISNTKKFGTAIASHR__rep2_vina.log",".log",2089,"2026-10-05 15:42","amp|dock|vina|ftsz"
"E:\0github\git-sync\git-pull-arena-01a0ff69\results\docking\AMP_Docking_Vina_R255\poses\saureus_FtsZ_5MN4\P2_LISNTKKFGTAIASHR\saureus_FtsZ_5MN4__P2_LISNTKKFGTAIASHR__rep3_vina.log","saureus_FtsZ_5MN4__P2_LISNTKKFGTAIASHR__rep3_vina.log",".log",2089,"2026-10-05 15:43","amp|dock|vina|ftsz"
"E:\0github\git-sync\git-pull-arena-01a0ff69\results\docking\AMP_Docking_Vina_R255\poses\saureus_FtsZ_5MN4\P3_ISLAIPLASKISGFTLALVKNAST\saureus_FtsZ_5MN4__P3_ISLAIPLASKISGFTLALVKNAST__rep1_vina.log","saureus_FtsZ_5MN4__P3_ISLAIPLASKISGFTLALVKNAST__rep1_vina.log",".log",2056,"2026-10-05 15:44","amp|dock|vina|ftsz"
"E:\0github\git-sync\git-pull-arena-01a0ff69\results\docking\AMP_Docking_Vina_R255\poses\saureus_FtsZ_5MN4\P3_ISLAIPLASKISGFTLALVKNAST\saureus_FtsZ_5MN4__P3_ISLAIPLASKISGFTLALVKNAST__rep2_vina.log","saureus_FtsZ_5MN4__P3_ISLAIPLASKISGFTLALVKNAST__rep2_vina.log",".log",2097,"2026-10-05 15:45","amp|dock|vina|ftsz"
"E:\0github\git-sync\git-pull-arena-01a0ff69\results\docking\AMP_Docking_Vina_R255\poses\saureus_FtsZ_5MN4\P3_ISLAIPLASKISGFTLALVKNAST\saureus_FtsZ_5MN4__P3_ISLAIPLASKISGFTLALVKNAST__rep3_vina.log","saureus_FtsZ_5MN4__P3_ISLAIPLASKISGFTLALVKNAST__rep3_vina.log",".log",2097,"2026-10-05 15:46","amp|dock|vina|ftsz"
"E:\0github\git-sync\git-pull-arena-01a0ff69\results\docking\AMP_Docking_Vina_R255\poses\saureus_SrtA_1T2W\P1_FVNKLNRIIPVKGFSMR\saureus_SrtA_1T2W__P1_FVNKLNRIIPVKGFSMR__rep1_vina.log","saureus_SrtA_1T2W__P1_FVNKLNRIIPVKGFSMR__rep1_vina.log",".log",2050,"2026-10-05 15:46","amp|dock|vina"
"E:\0github\git-sync\git-pull-arena-01a0ff69\results\docking\AMP_Docking_Vina_R255\poses\saureus_SrtA_1T2W\P1_FVNKLNRIIPVKGFSMR\saureus_SrtA_1T2W__P1_FVNKLNRIIPVKGFSMR__rep2_vina.log","saureus_SrtA_1T2W__P1_FVNKLNRIIPVKGFSMR__rep2_vina.log",".log",2050,"2026-10-05 15:47","amp|dock|vina"
"E:\0github\git-sync\git-pull-arena-01a0ff69\results\docking\AMP_Docking_Vina_R255\poses\saureus_SrtA_1T2W\P1_FVNKLNRIIPVKGFSMR\saureus_SrtA_1T2W__P1_FVNKLNRIIPVKGFSMR__rep3_vina.log","saureus_SrtA_1T2W__P1_FVNKLNRIIPVKGFSMR__rep3_vina.log",".log",2050,"2026-10-05 15:47","amp|dock|vina"
"E:\0github\git-sync\git-pull-arena-01a0ff69\results\docking\AMP_Docking_Vina_R255\poses\saureus_SrtA_1T2W\P2_LISNTKKFGTAIASHR\saureus_SrtA_1T2W__P2_LISNTKKFGTAIASHR__rep1_vina.log","saureus_SrtA_1T2W__P2_LISNTKKFGTAIASHR__rep1_vina.log",".log",2090,"2026-10-05 15:48","amp|dock|vina"
"E:\0github\git-sync\git-pull-arena-01a0ff69\results\docking\AMP_Docking_Vina_R255\poses\saureus_SrtA_1T2W\P2_LISNTKKFGTAIASHR\saureus_SrtA_1T2W__P2_LISNTKKFGTAIASHR__rep2_vina.log","saureus_SrtA_1T2W__P2_LISNTKKFGTAIASHR__rep2_vina.log",".log",2008,"2026-10-05 15:48","amp|dock|vina"
"E:\0github\git-sync\git-pull-arena-01a0ff69\results\docking\AMP_Docking_Vina_R255\poses\saureus_SrtA_1T2W\P2_LISNTKKFGTAIASHR\saureus_SrtA_1T2W__P2_LISNTKKFGTAIASHR__rep3_vina.log","saureus_SrtA_1T2W__P2_LISNTKKFGTAIASHR__rep3_vina.log",".log",2049,"2026-10-05 15:49","amp|dock|vina"
"E:\0github\git-sync\git-pull-arena-01a0ff69\results\docking\AMP_Docking_Vina_R255\poses\saureus_SrtA_1T2W\P3_ISLAIPLASKISGFTLALVKNAST\saureus_SrtA_1T2W__P3_ISLAIPLASKISGFTLALVKNAST__rep1_vina.log","saureus_SrtA_1T2W__P3_ISLAIPLASKISGFTLALVKNAST__rep1_vina.log",".log",2016,"2026-10-05 15:50","amp|dock|vina"
"E:\0github\git-sync\git-pull-arena-01a0ff69\results\docking\AMP_Docking_Vina_R255\poses\saureus_SrtA_1T2W\P3_ISLAIPLASKISGFTLALVKNAST\saureus_SrtA_1T2W__P3_ISLAIPLASKISGFTLALVKNAST__rep2_vina.log","saureus_SrtA_1T2W__P3_ISLAIPLASKISGFTLALVKNAST__rep2_vina.log",".log",2098,"2026-10-05 15:51","amp|dock|vina"
"E:\0github\git-sync\git-pull-arena-01a0ff69\results\docking\AMP_Docking_Vina_R255\poses\saureus_SrtA_1T2W\P3_ISLAIPLASKISGFTLALVKNAST\saureus_SrtA_1T2W__P3_ISLAIPLASKISGFTLALVKNAST__rep3_vina.log","saureus_SrtA_1T2W__P3_ISLAIPLASKISGFTLALVKNAST__rep3_vina.log",".log",2016,"2026-10-05 15:52","amp|dock|vina"
"E:\0github\git-sync\git-pull-arena-01a0ff69\results\docking\AMP_Docking_Vina_R255\scripts\ecoli_GyrB_4DUH__P1_FVNKLNRIIPVKGFSMR_view.pml","ecoli_GyrB_4DUH__P1_FVNKLNRIIPVKGFSMR_view.pml",".pml",1268,"2026-10-05 15:52","amp|dock|vina|gyrb"
"E:\0github\git-sync\git-pull-arena-01a0ff69\results\docking\AMP_Docking_Vina_R255\scripts\ecoli_GyrB_4DUH__P2_LISNTKKFGTAIASHR_view.pml","ecoli_GyrB_4DUH__P2_LISNTKKFGTAIASHR_view.pml",".pml",1266,"2026-10-05 15:52","amp|dock|vina|gyrb"
"E:\0github\git-sync\git-pull-arena-01a0ff69\results\docking\AMP_Docking_Vina_R255\scripts\ecoli_GyrB_4DUH__P3_ISLAIPLASKISGFTLALVKNAST_view.pml","ecoli_GyrB_4DUH__P3_ISLAIPLASKISGFTLALVKNAST_view.pml",".pml",1289,"2026-10-05 15:52","amp|dock|vina|gyrb"
"E:\0github\git-sync\git-pull-arena-01a0ff69\results\docking\AMP_Docking_Vina_R255\scripts\saureus_FtsZ_5MN4__P1_FVNKLNRIIPVKGFSMR_view.pml","saureus_FtsZ_5MN4__P1_FVNKLNRIIPVKGFSMR_view.pml",".pml",1253,"2026-10-05 15:52","amp|dock|vina|ftsz"
"E:\0github\git-sync\git-pull-arena-01a0ff69\results\docking\AMP_Docking_Vina_R255\scripts\saureus_FtsZ_5MN4__P2_LISNTKKFGTAIASHR_view.pml","saureus_FtsZ_5MN4__P2_LISNTKKFGTAIASHR_view.pml",".pml",1274,"2026-10-05 15:52","amp|dock|vina|ftsz"
"E:\0github\git-sync\git-pull-arena-01a0ff69\results\docking\AMP_Docking_Vina_R255\scripts\saureus_FtsZ_5MN4__P3_ISLAIPLASKISGFTLALVKNAST_view.pml","saureus_FtsZ_5MN4__P3_ISLAIPLASKISGFTLALVKNAST_view.pml",".pml",1298,"2026-10-05 15:52","amp|dock|vina|ftsz"
"E:\0github\git-sync\git-pull-arena-01a0ff69\results\docking\AMP_Docking_Vina_R255\tables\selected_best_complexes_for_figures.csv","selected_best_complexes_for_figures.csv",".csv",5432,"2026-10-05 15:52","amp|dock|vina"
"E:\0github\git-sync\git-pull-arena-01a0ff69\results\docking\AMP_Docking_Vina_R255\tables\vina_repeats.csv","vina_repeats.csv",".csv",20601,"2026-10-05 15:52","amp|dock|vina"
"E:\0github\git-sync\git-pull-arena-01a0ff69\results\docking\AMP_Docking_Vina_R255\tables\vina_summary_mean_of_3.csv","vina_summary_mean_of_3.csv",".csv",4000,"2026-10-05 15:52","amp|dock|vina"
"E:\0github\git-sync\git-pull-arena-01a0ff69\results\user_amp\clue_sweep.csv","clue_sweep.csv",".csv",38,"2026-10-07 15:33","amp"
"E:\0github\git-sync\git-pull-arena-01a0ff69\results\user_amp\desktop_result_tree.txt","desktop_result_tree.txt",".txt",33473,"2026-10-07 15:36","amp"
"E:\0github\git-sync\git-pull-arena-01a0ff69\results\user_amp\user_figures_inventory.csv","user_figures_inventory.csv",".csv",782,"2026-10-07 15:33","amp"
"E:\0github\git-sync\git-pull-arena-01a0ff69\results\user_amp\user_suite_tree.txt","user_suite_tree.txt",".txt",13221,"2026-10-07 15:33","amp"
"E:\0github\git-sync\git-pull-arena-01a0ff69\results\wps_continue\amp_deck_v2_log.txt","amp_deck_v2_log.txt",".txt",219,"2026-10-03 15:31","amp"
"E:\0github\git-sync\git-pull-arena-01a0ff69\skills\git-sync\templates\success_criteria.example.json","success_criteria.example.json",".json",283,"2026-10-03 15:31","amp"
"E:\0github\git-sync\git-pull-arena-01a0ff69\sources\user_amp\jieguo.csv","jieguo.csv",".csv",878,"2026-03-25 17:21","amp|jieguo"
"E:\0github\git-sync\git-pull-arena-01a0ff69\sources\user_amp\method (1).docx","method (1).docx",".docx",147801,"2026-10-07 13:05","amp|method"
"E:\0github\git-sync\git-pull-arena-01a0ff69\sources\user_amp\Prediction_Result(1).csv","Prediction_Result(1).csv",".csv",1433,"2026-03-23 20:45","amp|prediction_result"
"E:\0github\git-sync\git-pull-arena-01a0ff69\sources\user_amp\Prediction_Result.csv","Prediction_Result.csv",".csv",294,"2026-03-23 20:44","amp|prediction_result"
"E:\0github\git-sync\git-pull-arena-01a0ff69\sources\user_amp\run_algpred2_allergen.sh","run_algpred2_allergen.sh",".sh",14626,"2026-03-22 16:47","amp|algpred|allerg"
"E:\0github\git-sync\git-pull-arena-01a0ff69\sources\user_amp\usersuite_complexes_interaction_summary.csv","usersuite_complexes_interaction_summary.csv",".csv",2012,"2026-10-05 19:31","amp"
"E:\0github\git-sync\git-pull-arena-01a0ff69\sources\user_amp\usersuite_README.md","usersuite_README.md",".md",1857,"2026-10-05 19:31","amp"
"E:\0github\git-sync\git-pull-arena-01a10bde\code\tasks\amp_deck_build.py","amp_deck_build.py",".py",16739,"2026-10-05 19:55","amp"
"E:\0github\git-sync\git-pull-arena-01a10bde\code\tasks\amp_deck_v2_build.py","amp_deck_v2_build.py",".py",36459,"2026-10-05 19:55","amp"
"E:\0github\git-sync\git-pull-arena-01a10bde\code\tasks\desk_amp_deck.ps1","desk_amp_deck.ps1",".ps1",4495,"2026-10-05 19:55","amp"
"E:\0github\git-sync\git-pull-arena-01a10bde\code\tasks\desk_amp_deck2.ps1","desk_amp_deck2.ps1",".ps1",4553,"2026-10-05 19:55","amp"
"E:\0github\git-sync\git-pull-arena-01a10bde\code\tasks\t122_amp_deck.ps1","t122_amp_deck.ps1",".ps1",3809,"2026-10-05 19:55","amp"
"E:\0github\git-sync\git-pull-arena-01a10bde\code\tasks\t123_amp_deck2.ps1","t123_amp_deck2.ps1",".ps1",3851,"2026-10-05 19:55","amp"
"E:\0github\git-sync\git-pull-arena-01a10bde\code\tasks\t13_docker_autofigure.ps1","t13_docker_autofigure.ps1",".ps1",2917,"2026-10-05 19:55","dock"
"E:\0github\git-sync\git-pull-arena-01a10bde\code\tasks\t20_docker_pagefile.ps1","t20_docker_pagefile.ps1",".ps1",5765,"2026-10-05 19:55","dock"
"E:\0github\git-sync\git-pull-arena-01a10bde\code\tasks\t6_docker_report.ps1","t6_docker_report.ps1",".ps1",5648,"2026-10-05 19:55","dock"
"E:\0github\git-sync\git-pull-arena-01a10bde\results\amp_deck\amp_deck_v2_log.txt","amp_deck_v2_log.txt",".txt",219,"2026-10-05 19:55","amp"
"E:\0github\git-sync\git-pull-arena-01a10bde\results\amp_deck\proj_amp.json","proj_amp.json",".json",6811,"2026-10-05 19:55","amp"
"E:\0github\git-sync\git-pull-arena-01a10bde\results\amp_deck\proj_amp_v2.json","proj_amp_v2.json",".json",2252,"2026-10-05 19:55","amp"
"E:\0github\git-sync\git-pull-arena-01a10bde\results\amp_deck\REPORT.md","REPORT.md",".md",3497,"2026-10-05 19:55","amp"
"E:\0github\git-sync\git-pull-arena-01a10bde\results\wps_continue\amp_deck_v2_log.txt","amp_deck_v2_log.txt",".txt",219,"2026-10-05 19:55","amp"
"E:\0github\git-sync\git-pull-arena-01a10bde\skills\git-sync\templates\success_criteria.example.json","success_criteria.example.json",".json",283,"2026-10-05 19:55","amp"
"E:\0github\git-sync\git-pull-arena-01a10bf3\code\tasks\amp_deck_build.py","amp_deck_build.py",".py",16739,"2026-10-05 20:20","amp"
"E:\0github\git-sync\git-pull-arena-01a10bf3\code\tasks\amp_deck_v2_build.py","amp_deck_v2_build.py",".py",36459,"2026-10-05 20:20","amp"
"E:\0github\git-sync\git-pull-arena-01a10bf3\code\tasks\desk_amp_deck.ps1","desk_amp_deck.ps1",".ps1",4495,"2026-10-05 20:20","amp"
"E:\0github\git-sync\git-pull-arena-01a10bf3\code\tasks\desk_amp_deck2.ps1","desk_amp_deck2.ps1",".ps1",4553,"2026-10-05 20:20","amp"
"E:\0github\git-sync\git-pull-arena-01a10bf3\code\tasks\t122_amp_deck.ps1","t122_amp_deck.ps1",".ps1",3809,"2026-10-05 20:20","amp"
"E:\0github\git-sync\git-pull-arena-01a10bf3\code\tasks\t123_amp_deck2.ps1","t123_amp_deck2.ps1",".ps1",3851,"2026-10-05 20:20","amp"
"E:\0github\git-sync\git-pull-arena-01a10bf3\code\tasks\t13_docker_autofigure.ps1","t13_docker_autofigure.ps1",".ps1",2917,"2026-10-05 20:20","dock"
"E:\0github\git-sync\git-pull-arena-01a10bf3\code\tasks\t20_docker_pagefile.ps1","t20_docker_pagefile.ps1",".ps1",5765,"2026-10-05 20:20","dock"
"E:\0github\git-sync\git-pull-arena-01a10bf3\code\tasks\t6_docker_report.ps1","t6_docker_report.ps1",".ps1",5648,"2026-10-05 20:20","dock"
"E:\0github\git-sync\git-pull-arena-01a10bf3\results\amp_deck\amp_deck_v2_log.txt","amp_deck_v2_log.txt",".txt",219,"2026-10-05 20:20","amp"
"E:\0github\git-sync\git-pull-arena-01a10bf3\results\amp_deck\proj_amp.json","proj_amp.json",".json",6811,"2026-10-05 20:20","amp"
"E:\0github\git-sync\git-pull-arena-01a10bf3\results\amp_deck\proj_amp_v2.json","proj_amp_v2.json",".json",2252,"2026-10-05 20:20","amp"
"E:\0github\git-sync\git-pull-arena-01a10bf3\results\amp_deck\REPORT.md","REPORT.md",".md",3497,"2026-10-05 20:20","amp"
"E:\0github\git-sync\git-pull-arena-01a10bf3\results\wps_continue\amp_deck_v2_log.txt","amp_deck_v2_log.txt",".txt",219,"2026-10-05 20:20","amp"
"E:\0github\git-sync\git-pull-arena-01a10bf3\skills\git-sync\templates\success_criteria.example.json","success_criteria.example.json",".json",283,"2026-10-05 20:20","amp"
"E:\0github\git-sync\git-pull-arena-01a10bfd\code\tasks\amp_deck_build.py","amp_deck_build.py",".py",16739,"2026-10-05 20:19","amp"
"E:\0github\git-sync\git-pull-arena-01a10bfd\code\tasks\amp_deck_v2_build.py","amp_deck_v2_build.py",".py",36459,"2026-10-05 20:19","amp"
"E:\0github\git-sync\git-pull-arena-01a10bfd\code\tasks\amp_docking_report_and_sci_figures.py","amp_docking_report_and_sci_figures.py",".py",39648,"2026-10-05 20:19","amp|dock"
"E:\0github\git-sync\git-pull-arena-01a10bfd\code\tasks\desk_amp_deck.ps1","desk_amp_deck.ps1",".ps1",4495,"2026-10-05 20:19","amp"
"E:\0github\git-sync\git-pull-arena-01a10bfd\code\tasks\desk_amp_deck2.ps1","desk_amp_deck2.ps1",".ps1",4553,"2026-10-05 20:19","amp"
"E:\0github\git-sync\git-pull-arena-01a10bfd\code\tasks\peptide_vina_pipeline.py","peptide_vina_pipeline.py",".py",32370,"2026-10-05 20:19","peptide|vina"
"E:\0github\git-sync\git-pull-arena-01a10bfd\code\tasks\t122_amp_deck.ps1","t122_amp_deck.ps1",".ps1",3809,"2026-10-05 20:19","amp"
"E:\0github\git-sync\git-pull-arena-01a10bfd\code\tasks\t123_amp_deck2.ps1","t123_amp_deck2.ps1",".ps1",3851,"2026-10-05 20:19","amp"
"E:\0github\git-sync\git-pull-arena-01a10bfd\code\tasks\t13_docker_autofigure.ps1","t13_docker_autofigure.ps1",".ps1",2917,"2026-10-05 20:19","dock"
"E:\0github\git-sync\git-pull-arena-01a10bfd\code\tasks\t197_amp_vina_docking_r255.ps1","t197_amp_vina_docking_r255.ps1",".ps1",9180,"2026-10-05 20:19","amp|dock|vina"
"E:\0github\git-sync\git-pull-arena-01a10bfd\code\tasks\t198_docking_path_probe_r259.ps1","t198_docking_path_probe_r259.ps1",".ps1",2613,"2026-10-05 20:19","dock"
"E:\0github\git-sync\git-pull-arena-01a10bfd\code\tasks\t199_amp_report_sci_figures_r260.ps1","t199_amp_report_sci_figures_r260.ps1",".ps1",8375,"2026-10-05 20:19","amp"
"E:\0github\git-sync\git-pull-arena-01a10bfd\code\tasks\t20_docker_pagefile.ps1","t20_docker_pagefile.ps1",".ps1",5765,"2026-10-05 20:19","dock"
"E:\0github\git-sync\git-pull-arena-01a10bfd\code\tasks\t6_docker_report.ps1","t6_docker_report.ps1",".ps1",5648,"2026-10-05 20:19","dock"
"E:\0github\git-sync\git-pull-arena-01a10bfd\results\amp_deck\amp_deck_v2_log.txt","amp_deck_v2_log.txt",".txt",219,"2026-10-05 20:19","amp"
"E:\0github\git-sync\git-pull-arena-01a10bfd\results\amp_deck\proj_amp.json","proj_amp.json",".json",6811,"2026-10-05 20:19","amp"
"E:\0github\git-sync\git-pull-arena-01a10bfd\results\amp_deck\proj_amp_v2.json","proj_amp_v2.json",".json",2252,"2026-10-05 20:19","amp"
"E:\0github\git-sync\git-pull-arena-01a10bfd\results\amp_deck\REPORT.md","REPORT.md",".md",3497,"2026-10-05 20:19","amp"
"E:\0github\git-sync\git-pull-arena-01a10bfd\results\docking\AMP_DOCKING_R255.md","AMP_DOCKING_R255.md",".md",12340,"2026-10-05 20:19","amp|dock"
"E:\0github\git-sync\git-pull-arena-01a10bfd\results\docking\AMP_REPORT_SCI_FIGURES_R260.md","AMP_REPORT_SCI_FIGURES_R260.md",".md",3161,"2026-10-05 20:19","amp|dock"
"E:\0github\git-sync\git-pull-arena-01a10bfd\results\docking\DESKTOP_RESULT_PATH_R259.md","DESKTOP_RESULT_PATH_R259.md",".md",375,"2026-10-05 20:19","dock"
"E:\0github\git-sync\git-pull-arena-01a10bfd\results\docking\AMP_Docking_Vina_R255\AMP_Docking_Report_SciFigures_manifest.json","AMP_Docking_Report_SciFigures_manifest.json",".json",989,"2026-10-05 20:19","amp|dock|vina"
"E:\0github\git-sync\git-pull-arena-01a10bfd\results\docking\AMP_Docking_Vina_R255\AMP_Docking_Targets_Methods_Results.docx","AMP_Docking_Targets_Methods_Results.docx",".docx",6939691,"2026-10-05 20:19","amp|dock|vina|method"
"E:\0github\git-sync\git-pull-arena-01a10bfd\results\docking\AMP_Docking_Vina_R255\AMP_Docking_Targets_Methods_Results.md","AMP_Docking_Targets_Methods_Results.md",".md",12479,"2026-10-05 20:19","amp|dock|vina|method"
"E:\0github\git-sync\git-pull-arena-01a10bfd\results\docking\AMP_Docking_Vina_R255\manifest.json","manifest.json",".json",16533,"2026-10-05 20:19","amp|dock|vina"
"E:\0github\git-sync\git-pull-arena-01a10bfd\results\docking\AMP_Docking_Vina_R255\REPORT.md","REPORT.md",".md",6408,"2026-10-05 20:19","amp|dock|vina"
"E:\0github\git-sync\git-pull-arena-01a10bfd\results\docking\AMP_Docking_Vina_R255\complexes_best_vina\all_contacts_4A.csv","all_contacts_4A.csv",".csv",11937,"2026-10-05 20:19","amp|dock|vina"
"E:\0github\git-sync\git-pull-arena-01a10bfd\results\docking\AMP_Docking_Vina_R255\complexes_best_vina\all_panel_render_records.csv","all_panel_render_records.csv",".csv",11484,"2026-10-05 20:19","amp|dock|vina"
"E:\0github\git-sync\git-pull-arena-01a10bfd\results\docking\AMP_Docking_Vina_R255\complexes_best_vina\contacts_4A\A_ecoli_FtsZ_6UNX__P1_FVNKLNRIIPVKGFSMR_contacts_4A.csv","A_ecoli_FtsZ_6UNX__P1_FVNKLNRIIPVKGFSMR_contacts_4A.csv",".csv",938,"2026-10-05 20:19","amp|dock|vina|ftsz"
"E:\0github\git-sync\git-pull-arena-01a10bfd\results\docking\AMP_Docking_Vina_R255\complexes_best_vina\contacts_4A\B_ecoli_FtsZ_6UNX__P2_LISNTKKFGTAIASHR_contacts_4A.csv","B_ecoli_FtsZ_6UNX__P2_LISNTKKFGTAIASHR_contacts_4A.csv",".csv",696,"2026-10-05 20:19","amp|dock|vina|ftsz"
"E:\0github\git-sync\git-pull-arena-01a10bfd\results\docking\AMP_Docking_Vina_R255\complexes_best_vina\contacts_4A\C_ecoli_FtsZ_6UNX__P3_ISLAIPLASKISGFTLALVKNAST_contacts_4A.csv","C_ecoli_FtsZ_6UNX__P3_ISLAIPLASKISGFTLALVKNAST_contacts_4A.csv",".csv",1101,"2026-10-05 20:19","amp|dock|vina|ftsz"
"E:\0github\git-sync\git-pull-arena-01a10bfd\results\docking\AMP_Docking_Vina_R255\complexes_best_vina\contacts_4A\D_ecoli_GyrB_4DUH__P1_FVNKLNRIIPVKGFSMR_contacts_4A.csv","D_ecoli_GyrB_4DUH__P1_FVNKLNRIIPVKGFSMR_contacts_4A.csv",".csv",707,"2026-10-05 20:19","amp|dock|vina|gyrb"
"E:\0github\git-sync\git-pull-arena-01a10bfd\results\docking\AMP_Docking_Vina_R255\complexes_best_vina\contacts_4A\E_ecoli_GyrB_4DUH__P2_LISNTKKFGTAIASHR_contacts_4A.csv","E_ecoli_GyrB_4DUH__P2_LISNTKKFGTAIASHR_contacts_4A.csv",".csv",697,"2026-10-05 20:19","amp|dock|vina|gyrb"
"E:\0github\git-sync\git-pull-arena-01a10bfd\results\docking\AMP_Docking_Vina_R255\complexes_best_vina\contacts_4A\F_ecoli_GyrB_4DUH__P3_ISLAIPLASKISGFTLALVKNAST_contacts_4A.csv","F_ecoli_GyrB_4DUH__P3_ISLAIPLASKISGFTLALVKNAST_contacts_4A.csv",".csv",911,"2026-10-05 20:19","amp|dock|vina|gyrb"
"E:\0github\git-sync\git-pull-arena-01a10bfd\results\docking\AMP_Docking_Vina_R255\complexes_best_vina\contacts_4A\G_saureus_FtsZ_5MN4__P1_FVNKLNRIIPVKGFSMR_contacts_4A.csv","G_saureus_FtsZ_5MN4__P1_FVNKLNRIIPVKGFSMR_contacts_4A.csv",".csv",673,"2026-10-05 20:19","amp|dock|vina|ftsz"
"E:\0github\git-sync\git-pull-arena-01a10bfd\results\docking\AMP_Docking_Vina_R255\complexes_best_vina\contacts_4A\H_saureus_FtsZ_5MN4__P2_LISNTKKFGTAIASHR_contacts_4A.csv","H_saureus_FtsZ_5MN4__P2_LISNTKKFGTAIASHR_contacts_4A.csv",".csv",889,"2026-10-05 20:19","amp|dock|vina|ftsz"
"E:\0github\git-sync\git-pull-arena-01a10bfd\results\docking\AMP_Docking_Vina_R255\complexes_best_vina\contacts_4A\I_saureus_FtsZ_5MN4__P3_ISLAIPLASKISGFTLALVKNAST_contacts_4A.csv","I_saureus_FtsZ_5MN4__P3_ISLAIPLASKISGFTLALVKNAST_contacts_4A.csv",".csv",1408,"2026-10-05 20:19","amp|dock|vina|ftsz"
"E:\0github\git-sync\git-pull-arena-01a10bfd\results\docking\AMP_Docking_Vina_R255\complexes_best_vina\contacts_4A\J_saureus_SrtA_1T2W__P1_FVNKLNRIIPVKGFSMR_contacts_4A.csv","J_saureus_SrtA_1T2W__P1_FVNKLNRIIPVKGFSMR_contacts_4A.csv",".csv",1630,"2026-10-05 20:19","amp|dock|vina"
"E:\0github\git-sync\git-pull-arena-01a10bfd\results\docking\AMP_Docking_Vina_R255\complexes_best_vina\contacts_4A\K_saureus_SrtA_1T2W__P2_LISNTKKFGTAIASHR_contacts_4A.csv","K_saureus_SrtA_1T2W__P2_LISNTKKFGTAIASHR_contacts_4A.csv",".csv",1064,"2026-10-05 20:19","amp|dock|vina"
"E:\0github\git-sync\git-pull-arena-01a10bfd\results\docking\AMP_Docking_Vina_R255\complexes_best_vina\contacts_4A\L_saureus_SrtA_1T2W__P3_ISLAIPLASKISGFTLALVKNAST_contacts_4A.csv","L_saureus_SrtA_1T2W__P3_ISLAIPLASKISGFTLALVKNAST_contacts_4A.csv",".csv",2059,"2026-10-05 20:19","amp|dock|vina"
"E:\0github\git-sync\git-pull-arena-01a10bfd\results\docking\AMP_Docking_Vina_R255\complexes_best_vina\pymol_scripts\A_ecoli_FtsZ_6UNX__P1_FVNKLNRIIPVKGFSMR_render.pml","A_ecoli_FtsZ_6UNX__P1_FVNKLNRIIPVKGFSMR_render.pml",".pml",2138,"2026-10-05 20:19","amp|dock|vina|ftsz"
"E:\0github\git-sync\git-pull-arena-01a10bfd\results\docking\AMP_Docking_Vina_R255\complexes_best_vina\pymol_scripts\B_ecoli_FtsZ_6UNX__P2_LISNTKKFGTAIASHR_render.pml","B_ecoli_FtsZ_6UNX__P2_LISNTKKFGTAIASHR_render.pml",".pml",2105,"2026-10-05 20:19","amp|dock|vina|ftsz"
"E:\0github\git-sync\git-pull-arena-01a10bfd\results\docking\AMP_Docking_Vina_R255\complexes_best_vina\pymol_scripts\C_ecoli_FtsZ_6UNX__P3_ISLAIPLASKISGFTLALVKNAST_render.pml","C_ecoli_FtsZ_6UNX__P3_ISLAIPLASKISGFTLALVKNAST_render.pml",".pml",2164,"2026-10-05 20:19","amp|dock|vina|ftsz"
"E:\0github\git-sync\git-pull-arena-01a10bfd\results\docking\AMP_Docking_Vina_R255\complexes_best_vina\pymol_scripts\D_ecoli_GyrB_4DUH__P1_FVNKLNRIIPVKGFSMR_render.pml","D_ecoli_GyrB_4DUH__P1_FVNKLNRIIPVKGFSMR_render.pml",".pml",2109,"2026-10-05 20:19","amp|dock|vina|gyrb"
"E:\0github\git-sync\git-pull-arena-01a10bfd\results\docking\AMP_Docking_Vina_R255\complexes_best_vina\pymol_scripts\E_ecoli_GyrB_4DUH__P2_LISNTKKFGTAIASHR_render.pml","E_ecoli_GyrB_4DUH__P2_LISNTKKFGTAIASHR_render.pml",".pml",2106,"2026-10-05 20:19","amp|dock|vina|gyrb"
"E:\0github\git-sync\git-pull-arena-01a10bfd\results\docking\AMP_Docking_Vina_R255\complexes_best_vina\pymol_scripts\F_ecoli_GyrB_4DUH__P3_ISLAIPLASKISGFTLALVKNAST_render.pml","F_ecoli_GyrB_4DUH__P3_ISLAIPLASKISGFTLALVKNAST_render.pml",".pml",2162,"2026-10-05 20:19","amp|dock|vina|gyrb"
"E:\0github\git-sync\git-pull-arena-01a10bfd\results\docking\AMP_Docking_Vina_R255\complexes_best_vina\pymol_scripts\G_saureus_FtsZ_5MN4__P1_FVNKLNRIIPVKGFSMR_render.pml","G_saureus_FtsZ_5MN4__P1_FVNKLNRIIPVKGFSMR_render.pml",".pml",2095,"2026-10-05 20:19","amp|dock|vina|ftsz"
"E:\0github\git-sync\git-pull-arena-01a10bfd\results\docking\AMP_Docking_Vina_R255\complexes_best_vina\pymol_scripts\H_saureus_FtsZ_5MN4__P2_LISNTKKFGTAIASHR_render.pml","H_saureus_FtsZ_5MN4__P2_LISNTKKFGTAIASHR_render.pml",".pml",2137,"2026-10-05 20:19","amp|dock|vina|ftsz"
"E:\0github\git-sync\git-pull-arena-01a10bfd\results\docking\AMP_Docking_Vina_R255\complexes_best_vina\pymol_scripts\I_saureus_FtsZ_5MN4__P3_ISLAIPLASKISGFTLALVKNAST_render.pml","I_saureus_FtsZ_5MN4__P3_ISLAIPLASKISGFTLALVKNAST_render.pml",".pml",2172,"2026-10-05 20:19","amp|dock|vina|ftsz"
"E:\0github\git-sync\git-pull-arena-01a10bfd\results\docking\AMP_Docking_Vina_R255\complexes_best_vina\pymol_scripts\J_saureus_SrtA_1T2W__P1_FVNKLNRIIPVKGFSMR_render.pml","J_saureus_SrtA_1T2W__P1_FVNKLNRIIPVKGFSMR_render.pml",".pml",2147,"2026-10-05 20:19","amp|dock|vina"
"E:\0github\git-sync\git-pull-arena-01a10bfd\results\docking\AMP_Docking_Vina_R255\complexes_best_vina\pymol_scripts\K_saureus_SrtA_1T2W__P2_LISNTKKFGTAIASHR_render.pml","K_saureus_SrtA_1T2W__P2_LISNTKKFGTAIASHR_render.pml",".pml",2140,"2026-10-05 20:19","amp|dock|vina"
"E:\0github\git-sync\git-pull-arena-01a10bfd\results\docking\AMP_Docking_Vina_R255\complexes_best_vina\pymol_scripts\L_saureus_SrtA_1T2W__P3_ISLAIPLASKISGFTLALVKNAST_render.pml","L_saureus_SrtA_1T2W__P3_ISLAIPLASKISGFTLALVKNAST_render.pml",".pml",2171,"2026-10-05 20:19","amp|dock|vina"
"E:\0github\git-sync\git-pull-arena-01a10bfd\results\docking\AMP_Docking_Vina_R255\contacts\ecoli_GyrB_4DUH__P1_FVNKLNRIIPVKGFSMR_contacts_4A.csv","ecoli_GyrB_4DUH__P1_FVNKLNRIIPVKGFSMR_contacts_4A.csv",".csv",392,"2026-10-05 20:19","amp|dock|vina|gyrb"
"E:\0github\git-sync\git-pull-arena-01a10bfd\results\docking\AMP_Docking_Vina_R255\contacts\ecoli_GyrB_4DUH__P2_LISNTKKFGTAIASHR_contacts_4A.csv","ecoli_GyrB_4DUH__P2_LISNTKKFGTAIASHR_contacts_4A.csv",".csv",374,"2026-10-05 20:19","amp|dock|vina|gyrb"
"E:\0github\git-sync\git-pull-arena-01a10bfd\results\docking\AMP_Docking_Vina_R255\contacts\ecoli_GyrB_4DUH__P3_ISLAIPLASKISGFTLALVKNAST_contacts_4A.csv","ecoli_GyrB_4DUH__P3_ISLAIPLASKISGFTLALVKNAST_contacts_4A.csv",".csv",321,"2026-10-05 20:19","amp|dock|vina|gyrb"
"E:\0github\git-sync\git-pull-arena-01a10bfd\results\docking\AMP_Docking_Vina_R255\contacts\saureus_FtsZ_5MN4__P1_FVNKLNRIIPVKGFSMR_contacts_4A.csv","saureus_FtsZ_5MN4__P1_FVNKLNRIIPVKGFSMR_contacts_4A.csv",".csv",253,"2026-10-05 20:19","amp|dock|vina|ftsz"
"E:\0github\git-sync\git-pull-arena-01a10bfd\results\docking\AMP_Docking_Vina_R255\contacts\saureus_FtsZ_5MN4__P2_LISNTKKFGTAIASHR_contacts_4A.csv","saureus_FtsZ_5MN4__P2_LISNTKKFGTAIASHR_contacts_4A.csv",".csv",416,"2026-10-05 20:19","amp|dock|vina|ftsz"
"E:\0github\git-sync\git-pull-arena-01a10bfd\results\docking\AMP_Docking_Vina_R255\contacts\saureus_FtsZ_5MN4__P3_ISLAIPLASKISGFTLALVKNAST_contacts_4A.csv","saureus_FtsZ_5MN4__P3_ISLAIPLASKISGFTLALVKNAST_contacts_4A.csv",".csv",419,"2026-10-05 20:19","amp|dock|vina|ftsz"
"E:\0github\git-sync\git-pull-arena-01a10bfd\results\docking\AMP_Docking_Vina_R255\scripts\ecoli_GyrB_4DUH__P1_FVNKLNRIIPVKGFSMR_view.pml","ecoli_GyrB_4DUH__P1_FVNKLNRIIPVKGFSMR_view.pml",".pml",1246,"2026-10-05 20:19","amp|dock|vina|gyrb"
"E:\0github\git-sync\git-pull-arena-01a10bfd\results\docking\AMP_Docking_Vina_R255\scripts\ecoli_GyrB_4DUH__P2_LISNTKKFGTAIASHR_view.pml","ecoli_GyrB_4DUH__P2_LISNTKKFGTAIASHR_view.pml",".pml",1244,"2026-10-05 20:19","amp|dock|vina|gyrb"
"E:\0github\git-sync\git-pull-arena-01a10bfd\results\docking\AMP_Docking_Vina_R255\scripts\ecoli_GyrB_4DUH__P3_ISLAIPLASKISGFTLALVKNAST_view.pml","ecoli_GyrB_4DUH__P3_ISLAIPLASKISGFTLALVKNAST_view.pml",".pml",1267,"2026-10-05 20:19","amp|dock|vina|gyrb"
"E:\0github\git-sync\git-pull-arena-01a10bfd\results\docking\AMP_Docking_Vina_R255\scripts\saureus_FtsZ_5MN4__P1_FVNKLNRIIPVKGFSMR_view.pml","saureus_FtsZ_5MN4__P1_FVNKLNRIIPVKGFSMR_view.pml",".pml",1231,"2026-10-05 20:19","amp|dock|vina|ftsz"
"E:\0github\git-sync\git-pull-arena-01a10bfd\results\docking\AMP_Docking_Vina_R255\scripts\saureus_FtsZ_5MN4__P2_LISNTKKFGTAIASHR_view.pml","saureus_FtsZ_5MN4__P2_LISNTKKFGTAIASHR_view.pml",".pml",1252,"2026-10-05 20:19","amp|dock|vina|ftsz"
"E:\0github\git-sync\git-pull-arena-01a10bfd\results\docking\AMP_Docking_Vina_R255\scripts\saureus_FtsZ_5MN4__P3_ISLAIPLASKISGFTLALVKNAST_view.pml","saureus_FtsZ_5MN4__P3_ISLAIPLASKISGFTLALVKNAST_view.pml",".pml",1276,"2026-10-05 20:19","amp|dock|vina|ftsz"
"E:\0github\git-sync\git-pull-arena-01a10bfd\results\docking\AMP_Docking_Vina_R255\tables\selected_best_complexes_for_figures.csv","selected_best_complexes_for_figures.csv",".csv",5425,"2026-10-05 20:19","amp|dock|vina"
"E:\0github\git-sync\git-pull-arena-01a10bfd\results\docking\AMP_Docking_Vina_R255\tables\vina_repeats.csv","vina_repeats.csv",".csv",20564,"2026-10-05 20:19","amp|dock|vina"
"E:\0github\git-sync\git-pull-arena-01a10bfd\results\docking\AMP_Docking_Vina_R255\tables\vina_summary_mean_of_3.csv","vina_summary_mean_of_3.csv",".csv",3987,"2026-10-05 20:19","amp|dock|vina"
"E:\0github\git-sync\git-pull-arena-01a10bfd\results\wps_continue\amp_deck_v2_log.txt","amp_deck_v2_log.txt",".txt",219,"2026-10-05 20:19","amp"
"E:\0github\git-sync\git-pull-arena-01a10bfd\skills\git-sync\templates\success_criteria.example.json","success_criteria.example.json",".json",283,"2026-10-05 20:19","amp"
"E:\0github\git-sync\git-pull-arena-s2\skills\git-sync\templates\success_criteria.example.json","success_criteria.example.json",".json",283,"2026-09-16 19:12","amp"
"E:\0github\git-sync\goutoujunshi-01a101bf\skills\git-sync\templates\success_criteria.example.json","success_criteria.example.json",".json",295,"2026-10-04 15:49","amp"
"E:\0github\git-sync\image-to-editable-pptx\bootstrap.ps1","bootstrap.ps1",".ps1",4709,"2026-09-14 20:51","mag"
"E:\0github\git-sync\image-to-editable-pptx\CHANGELOG.md","CHANGELOG.md",".md",621,"2026-09-14 20:51","mag"
"E:\0github\git-sync\image-to-editable-pptx\CODE_OF_CONDUCT.md","CODE_OF_CONDUCT.md",".md",339,"2026-09-14 20:51","mag"
"E:\0github\git-sync\image-to-editable-pptx\CONTRIBUTING.md","CONTRIBUTING.md",".md",696,"2026-09-14 20:51","mag"
"E:\0github\git-sync\image-to-editable-pptx\doctor.ps1","doctor.ps1",".ps1",7513,"2026-09-15 09:38","mag"
"E:\0github\git-sync\image-to-editable-pptx\download.ps1","download.ps1",".ps1",6849,"2026-09-15 09:38","mag"
"E:\0github\git-sync\image-to-editable-pptx\FIRST_GITHUB_RELEASE_REPORT.md","FIRST_GITHUB_RELEASE_REPORT.md",".md",655,"2026-09-14 20:51","mag"
"E:\0github\git-sync\image-to-editable-pptx\GITHUB_REPO_SETTINGS.md","GITHUB_REPO_SETTINGS.md",".md",803,"2026-09-14 20:51","mag"
"E:\0github\git-sync\image-to-editable-pptx\hardware.ps1","hardware.ps1",".ps1",11831,"2026-09-15 09:38","mag"
"E:\0github\git-sync\image-to-editable-pptx\NOTICE.md","NOTICE.md",".md",1204,"2026-09-14 20:51","mag"
"E:\0github\git-sync\image-to-editable-pptx\ORIGINALITY_AND_PROVENANCE_REPORT.md","ORIGINALITY_AND_PROVENANCE_REPORT.md",".md",2138,"2026-09-14 20:51","mag"
"E:\0github\git-sync\image-to-editable-pptx\pack.ps1","pack.ps1",".ps1",4377,"2026-09-14 20:51","mag"
"E:\0github\git-sync\image-to-editable-pptx\package.json","package.json",".json",525,"2026-09-14 20:51","mag"
"E:\0github\git-sync\image-to-editable-pptx\pr.ps1","pr.ps1",".ps1",4376,"2026-09-14 20:51","mag"
"E:\0github\git-sync\image-to-editable-pptx\PUBLISH_COMMANDS.md","PUBLISH_COMMANDS.md",".md",622,"2026-09-14 20:51","mag"
"E:\0github\git-sync\image-to-editable-pptx\push.ps1","push.ps1",".ps1",5487,"2026-09-15 09:38","mag"
"E:\0github\git-sync\image-to-editable-pptx\README.md","README.md",".md",6992,"2026-09-14 20:51","mag"
"E:\0github\git-sync\image-to-editable-pptx\README.zh-CN.md","README.zh-CN.md",".md",6787,"2026-09-14 20:51","mag"
"E:\0github\git-sync\image-to-editable-pptx\RELEASE_CHECKLIST.md","RELEASE_CHECKLIST.md",".md",751,"2026-09-14 20:51","mag"
"E:\0github\git-sync\image-to-editable-pptx\requirements.txt","requirements.txt",".txt",89,"2026-09-14 20:51","mag"
"E:\0github\git-sync\image-to-editable-pptx\SECURITY.md","SECURITY.md",".md",623,"2026-09-14 20:51","mag"
"E:\0github\git-sync\image-to-editable-pptx\SKILL.md","SKILL.md",".md",5460,"2026-09-14 20:51","mag"
"E:\0github\git-sync\image-to-editable-pptx\sync.ps1","sync.ps1",".ps1",3648,"2026-09-14 20:51","mag"
"E:\0github\git-sync\image-to-editable-pptx\THIRD_PARTY_NOTICES.md","THIRD_PARTY_NOTICES.md",".md",1375,"2026-09-14 20:51","mag"
"E:\0github\git-sync\image-to-editable-pptx\upload.ps1","upload.ps1",".ps1",5727,"2026-09-14 20:51","mag"
"E:\0github\git-sync\image-to-editable-pptx\watch.ps1","watch.ps1",".ps1",8228,"2026-09-15 11:05","mag"
"E:\0github\git-sync\image-to-editable-pptx\.github\dependabot.yml","dependabot.yml",".yml",188,"2026-09-14 20:51","mag"
"E:\0github\git-sync\image-to-editable-pptx\.github\pull_request_template.md","pull_request_template.md",".md",366,"2026-09-14 20:51","mag"
"E:\0github\git-sync\image-to-editable-pptx\.github\ISSUE_TEMPLATE\bug_report.yml","bug_report.yml",".yml",836,"2026-09-14 20:51","mag"
"E:\0github\git-sync\image-to-editable-pptx\.github\ISSUE_TEMPLATE\feature_request.yml","feature_request.yml",".yml",529,"2026-09-14 20:51","mag"
"E:\0github\git-sync\image-to-editable-pptx\.github\workflows\ci.yml","ci.yml",".yml",1284,"2026-09-14 20:51","mag"
"E:\0github\git-sync\image-to-editable-pptx\.github\workflows\release.yml","release.yml",".yml",1274,"2026-09-14 20:51","mag"
"E:\0github\git-sync\image-to-editable-pptx\agents\openai.yaml","openai.yaml",".yaml",540,"2026-09-14 20:51","mag"
"E:\0github\git-sync\image-to-editable-pptx\code\check_all.sh","check_all.sh",".sh",2137,"2026-09-14 20:51","mag"
"E:\0github\git-sync\image-to-editable-pptx\code\local_check.ps1","local_check.ps1",".ps1",5666,"2026-09-15 11:31","mag"
"E:\0github\git-sync\image-to-editable-pptx\deliverable\SYNC_TEST.md","SYNC_TEST.md",".md",1008,"2026-09-14 20:54","mag"
"E:\0github\git-sync\image-to-editable-pptx\docs\architecture.md","architecture.md",".md",585,"2026-09-14 20:51","mag"
"E:\0github\git-sync\image-to-editable-pptx\docs\release-v0.1.0.md","release-v0.1.0.md",".md",1129,"2026-09-14 20:51","mag"
"E:\0github\git-sync\image-to-editable-pptx\examples\fig3-mechanism-map\build_fig3.py","build_fig3.py",".py",22178,"2026-09-14 20:51","amp|mag"
"E:\0github\git-sync\image-to-editable-pptx\examples\fig3-mechanism-map\fig3_page_ir.json","fig3_page_ir.json",".json",68394,"2026-09-14 20:51","amp|mag"
"E:\0github\git-sync\image-to-editable-pptx\examples\fig3-mechanism-map\README.md","README.md",".md",2144,"2026-09-14 20:51","amp|mag"
"E:\0github\git-sync\image-to-editable-pptx\examples\minimal\page_ir.json","page_ir.json",".json",2626,"2026-09-14 20:51","amp|mag"
"E:\0github\git-sync\image-to-editable-pptx\references\pageir-schema.md","pageir-schema.md",".md",2422,"2026-09-14 20:51","mag"
"E:\0github\git-sync\image-to-editable-pptx\references\quality-checks.md","quality-checks.md",".md",1438,"2026-09-14 20:51","mag"
"E:\0github\git-sync\image-to-editable-pptx\references\workflow.md","workflow.md",".md",2221,"2026-09-14 20:51","mag"
"E:\0github\git-sync\image-to-editable-pptx\results\hardware\latest.json","latest.json",".json",14359,"2026-09-15 09:38","mag"
"E:\0github\git-sync\image-to-editable-pptx\results\hardware\latest.md","latest.md",".md",2852,"2026-09-15 09:38","mag"
"E:\0github\git-sync\image-to-editable-pptx\results\hardware\history\20260915-013856.md","20260915-013856.md",".md",2852,"2026-09-15 09:38","mag"
"E:\0github\git-sync\image-to-editable-pptx\results\status\check_r1_20260915-111145.txt","check_r1_20260915-111145.txt",".txt",131,"2026-09-15 11:11","mag"
"E:\0github\git-sync\image-to-editable-pptx\results\status\check_r2_20260915-111645.txt","check_r2_20260915-111645.txt",".txt",131,"2026-09-15 11:16","mag"
"E:\0github\git-sync\image-to-editable-pptx\results\status\check_r3_20260915-112144.txt","check_r3_20260915-112144.txt",".txt",131,"2026-09-15 11:21","mag"
"E:\0github\git-sync\image-to-editable-pptx\results\status\check_r4_20260915-112645.txt","check_r4_20260915-112645.txt",".txt",131,"2026-09-15 11:26","mag"
"E:\0github\git-sync\image-to-editable-pptx\results\status\check_r5_20260915-113145.txt","check_r5_20260915-113145.txt",".txt",131,"2026-09-15 11:31","mag"
"E:\0github\git-sync\image-to-editable-pptx\results\status\handshake.json","handshake.json",".json",330,"2026-09-15 11:31","mag"
"E:\0github\git-sync\image-to-editable-pptx\results\sync\last_sync.md","last_sync.md",".md",470,"2026-09-15 11:31","mag"
"E:\0github\git-sync\image-to-editable-pptx\results\sync\history\20260915-013548.md","20260915-013548.md",".md",1231,"2026-09-15 09:38","mag"
"E:\0github\git-sync\image-to-editable-pptx\results\sync\history\20260915-013607.md","20260915-013607.md",".md",355,"2026-09-15 09:38","mag"
"E:\0github\git-sync\image-to-editable-pptx\results\sync\history\20260915-030253.md","20260915-030253.md",".md",1498,"2026-09-15 11:05","mag"
"E:\0github\git-sync\image-to-editable-pptx\results\sync\history\20260915-030411.md","20260915-030411.md",".md",538,"2026-09-15 11:05","mag"
"E:\0github\git-sync\image-to-editable-pptx\results\sync\history\20260915-030947.md","20260915-030947.md",".md",385,"2026-09-15 11:11","mag"
"E:\0github\git-sync\image-to-editable-pptx\results\sync\history\20260915-031340.md","20260915-031340.md",".md",474,"2026-09-15 11:16","mag"
"E:\0github\git-sync\image-to-editable-pptx\results\sync\history\20260915-031527.md","20260915-031527.md",".md",378,"2026-09-15 11:16","mag"
"E:\0github\git-sync\image-to-editable-pptx\results\sync\history\20260915-031950.md","20260915-031950.md",".md",486,"2026-09-15 11:21","mag"
"E:\0github\git-sync\image-to-editable-pptx\results\sync\history\20260915-032231.md","20260915-032231.md",".md",457,"2026-09-15 11:26","mag"
"E:\0github\git-sync\image-to-editable-pptx\results\sync\history\20260915-032918.md","20260915-032918.md",".md",470,"2026-09-15 11:31","mag"
"E:\0github\git-sync\image-to-editable-pptx\scripts\inspect_pptx.py","inspect_pptx.py",".py",2741,"2026-09-14 20:51","mag"
"E:\0github\git-sync\image-to-editable-pptx\scripts\ocr_lines.py","ocr_lines.py",".py",3267,"2026-09-14 20:51","mag"
"E:\0github\git-sync\image-to-editable-pptx\scripts\package_skill.py","package_skill.py",".py",2255,"2026-09-14 20:51","mag"
"E:\0github\git-sync\image-to-editable-pptx\scripts\render_compare.py","render_compare.py",".py",3611,"2026-09-14 20:51","mag"
"E:\0github\git-sync\image-to-editable-pptx\scripts\runtime_check.py","runtime_check.py",".py",3824,"2026-09-14 20:51","mag"
"E:\0github\git-sync\image-to-editable-pptx\scripts\validate_page_ir.py","validate_page_ir.py",".py",6726,"2026-09-14 20:51","mag"
"E:\0github\git-sync\image-to-editable-pptx\scripts\validate_skill.py","validate_skill.py",".py",3074,"2026-09-14 20:51","mag"
"E:\0github\git-sync\image-to-editable-pptx\skills\git-sync\README.md","README.md",".md",14111,"2026-09-15 11:05","mag"
"E:\0github\git-sync\image-to-editable-pptx\skills\git-sync\SKILL.md","SKILL.md",".md",15093,"2026-09-15 11:05","mag"
"E:\0github\git-sync\image-to-editable-pptx\skills\git-sync\sync.config.json","sync.config.json",".json",822,"2026-09-15 11:05","mag"
"E:\0github\git-sync\image-to-editable-pptx\skills\git-sync\scripts\agent-check.sh","agent-check.sh",".sh",6547,"2026-09-15 11:05","mag"
"E:\0github\git-sync\image-to-editable-pptx\skills\git-sync\scripts\agent-hardware.sh","agent-hardware.sh",".sh",1875,"2026-09-15 09:38","mag"
"E:\0github\git-sync\image-to-editable-pptx\skills\git-sync\scripts\agent-install.sh","agent-install.sh",".sh",8500,"2026-09-15 11:05","mag"
"E:\0github\git-sync\image-to-editable-pptx\skills\git-sync\scripts\agent-pr.sh","agent-pr.sh",".sh",2754,"2026-09-14 20:51","mag"
"E:\0github\git-sync\image-to-editable-pptx\skills\git-sync\scripts\agent-recover.sh","agent-recover.sh",".sh",2503,"2026-09-14 20:51","mag"
"E:\0github\git-sync\image-to-editable-pptx\skills\git-sync\scripts\agent-sync.sh","agent-sync.sh",".sh",8124,"2026-09-15 11:05","mag"
"E:\0github\git-sync\image-to-editable-pptx\skills\git-sync\scripts\agent-wait.sh","agent-wait.sh",".sh",3538,"2026-09-15 11:05","mag"
"E:\0github\git-sync\image-to-editable-pptx\skills\git-sync\scripts\bootstrap.ps1","bootstrap.ps1",".ps1",4709,"2026-09-14 20:51","mag"
"E:\0github\git-sync\image-to-editable-pptx\skills\git-sync\scripts\doctor.ps1","doctor.ps1",".ps1",7513,"2026-09-15 09:38","mag"
"E:\0github\git-sync\image-to-editable-pptx\skills\git-sync\scripts\download.ps1","download.ps1",".ps1",6849,"2026-09-15 09:38","mag"
"E:\0github\git-sync\image-to-editable-pptx\skills\git-sync\scripts\hardware.ps1","hardware.ps1",".ps1",11831,"2026-09-15 09:38","mag"
"E:\0github\git-sync\image-to-editable-pptx\skills\git-sync\scripts\install.ps1","install.ps1",".ps1",4583,"2026-09-15 11:05","mag"
"E:\0github\git-sync\image-to-editable-pptx\skills\git-sync\scripts\pack.ps1","pack.ps1",".ps1",4377,"2026-09-14 20:51","mag"
"E:\0github\git-sync\image-to-editable-pptx\skills\git-sync\scripts\pr.ps1","pr.ps1",".ps1",4376,"2026-09-14 20:51","mag"
"E:\0github\git-sync\image-to-editable-pptx\skills\git-sync\scripts\push.ps1","push.ps1",".ps1",5487,"2026-09-15 09:38","mag"
"E:\0github\git-sync\image-to-editable-pptx\skills\git-sync\scripts\sync.ps1","sync.ps1",".ps1",3648,"2026-09-14 20:51","mag"
"E:\0github\git-sync\image-to-editable-pptx\skills\git-sync\scripts\upload.ps1","upload.ps1",".ps1",5727,"2026-09-14 20:51","mag"
"E:\0github\git-sync\image-to-editable-pptx\skills\git-sync\scripts\watch.ps1","watch.ps1",".ps1",8228,"2026-09-15 11:05","mag"
"E:\0github\git-sync\image-to-editable-pptx\skills\git-sync\templates\check_all.sh","check_all.sh",".sh",2152,"2026-09-15 11:05","mag"
"E:\0github\git-sync\image-to-editable-pptx\skills\git-sync\templates\gate.yml","gate.yml",".yml",1166,"2026-09-14 20:51","mag"
"E:\0github\git-sync\image-to-editable-pptx\skills\git-sync\templates\local_check.ps1","local_check.ps1",".ps1",1608,"2026-09-15 11:05","mag"
"E:\0github\git-sync\image-to-editable-pptx\skills\git-sync\templates\new-session-prompt.md","new-session-prompt.md",".md",3791,"2026-09-15 11:05","mag"
"E:\0github\git-sync\image-to-editable-pptx\tests\test_validate_page_ir.py","test_validate_page_ir.py",".py",2008,"2026-09-14 20:51","mag"
"E:\0github\git-sync\image-to-editable-pptx_out\deliverable\SYNC_TEST.md","SYNC_TEST.md",".md",1008,"2026-09-14 20:54","mag"
"E:\0github\git-sync\image-to-editable-pptx_out\examples\fig3-mechanism-map\build_fig3.py","build_fig3.py",".py",22178,"2026-09-14 20:51","amp|mag"
"E:\0github\git-sync\image-to-editable-pptx_out\examples\fig3-mechanism-map\fig3_page_ir.json","fig3_page_ir.json",".json",68394,"2026-09-14 20:51","amp|mag"
"E:\0github\git-sync\image-to-editable-pptx_out\examples\fig3-mechanism-map\README.md","README.md",".md",2144,"2026-09-14 20:51","amp|mag"
"E:\0github\git-sync\media-bridge\social-auto-upload\conf.example.py","conf.example.py",".py",637,"2026-10-03 17:16","amp"
"E:\0github\git-sync\media-bridge\social-auto-upload\examples\get_alipay_cookie.py","get_alipay_cookie.py",".py",563,"2026-10-03 17:16","amp"
"E:\0github\git-sync\media-bridge\social-auto-upload\examples\get_baijiahao_cookie.py","get_baijiahao_cookie.py",".py",377,"2026-10-03 17:16","amp"
"E:\0github\git-sync\media-bridge\social-auto-upload\examples\get_baijiahao_cookie_headless.py","get_baijiahao_cookie_headless.py",".py",4144,"2026-10-03 17:16","amp"
"E:\0github\git-sync\media-bridge\social-auto-upload\examples\get_bilibili_cookie.py","get_bilibili_cookie.py",".py",597,"2026-10-03 17:16","amp"
"E:\0github\git-sync\media-bridge\social-auto-upload\examples\get_douyin_cookie.py","get_douyin_cookie.py",".py",365,"2026-10-03 17:16","amp"
"E:\0github\git-sync\media-bridge\social-auto-upload\examples\get_kuaishou_cookie.py","get_kuaishou_cookie.py",".py",513,"2026-10-03 17:16","amp"
"E:\0github\git-sync\media-bridge\social-auto-upload\examples\get_tencent_cookie.py","get_tencent_cookie.py",".py",356,"2026-10-03 17:16","amp"
"E:\0github\git-sync\media-bridge\social-auto-upload\examples\get_tk_cookie.py","get_tk_cookie.py",".py",364,"2026-10-03 17:16","amp"
"E:\0github\git-sync\media-bridge\social-auto-upload\examples\get_xiaohongshu_cookie.py","get_xiaohongshu_cookie.py",".py",648,"2026-10-03 17:16","amp"
"E:\0github\git-sync\media-bridge\social-auto-upload\examples\test_alipay_upload.py","test_alipay_upload.py",".py",989,"2026-10-03 17:16","amp"
"E:\0github\git-sync\media-bridge\social-auto-upload\examples\upload_to_douyin.py","upload_to_douyin.py",".py",2241,"2026-10-03 17:16","amp"
"E:\0github\git-sync\media-bridge\social-auto-upload\examples\upload_to_kuaishou.py","upload_to_kuaishou.py",".py",2277,"2026-10-03 17:16","amp"
"E:\0github\git-sync\media-bridge\social-auto-upload\examples\upload_video_to_baijiahao.py","upload_video_to_baijiahao.py",".py",1189,"2026-10-03 17:16","amp"
"E:\0github\git-sync\media-bridge\social-auto-upload\examples\upload_video_to_bilibili.py","upload_video_to_bilibili.py",".py",1400,"2026-10-03 17:16","amp"
"E:\0github\git-sync\media-bridge\social-auto-upload\examples\upload_video_to_tencent.py","upload_video_to_tencent.py",".py",4346,"2026-10-03 17:16","amp"
"E:\0github\git-sync\media-bridge\social-auto-upload\examples\upload_video_to_tiktok.py","upload_video_to_tiktok.py",".py",1377,"2026-10-03 17:16","amp"
"E:\0github\git-sync\media-bridge\social-auto-upload\examples\upload_video_to_xhs.py","upload_video_to_xhs.py",".py",2534,"2026-10-03 17:16","amp"
"E:\0github\git-sync\media-bridge\social-auto-upload\examples\upload_video_to_xiaohongshu.py","upload_video_to_xiaohongshu.py",".py",4070,"2026-10-03 17:16","amp"
"E:\0github\git-sync\media-bridge\social-auto-upload\examples\__init__.py","__init__.py",".py",0,"2026-10-03 17:16","amp"
"E:\0github\git-sync\media-bridge\social-auto-upload\skills\bilibili-upload\scripts\examples\bilibili_cli_template.py","bilibili_cli_template.py",".py",1000,"2026-10-03 17:16","amp"
"E:\0github\git-sync\media-bridge\social-auto-upload\skills\bilibili-upload\scripts\examples\bilibili_commands.ps1","bilibili_commands.ps1",".ps1",662,"2026-10-03 17:16","amp"
"E:\0github\git-sync\media-bridge\social-auto-upload\skills\bilibili-upload\scripts\examples\bilibili_commands.sh","bilibili_commands.sh",".sh",637,"2026-10-03 17:16","amp"
"E:\0github\git-sync\media-bridge\social-auto-upload\skills\douyin-upload\scripts\examples\douyin_cli_template.py","douyin_cli_template.py",".py",1611,"2026-10-03 17:16","amp"
"E:\0github\git-sync\media-bridge\social-auto-upload\skills\douyin-upload\scripts\examples\douyin_commands.ps1","douyin_commands.ps1",".ps1",859,"2026-10-03 17:16","amp"
"E:\0github\git-sync\media-bridge\social-auto-upload\skills\douyin-upload\scripts\examples\douyin_commands.sh","douyin_commands.sh",".sh",799,"2026-10-03 17:16","amp"
"E:\0github\git-sync\media-bridge\social-auto-upload\skills\kuaishou-upload\scripts\examples\kuaishou_cli_template.py","kuaishou_cli_template.py",".py",1642,"2026-10-03 17:16","amp"
"E:\0github\git-sync\media-bridge\social-auto-upload\skills\kuaishou-upload\scripts\examples\kuaishou_commands.ps1","kuaishou_commands.ps1",".ps1",880,"2026-10-03 17:16","amp"
"E:\0github\git-sync\media-bridge\social-auto-upload\skills\kuaishou-upload\scripts\examples\kuaishou_commands.sh","kuaishou_commands.sh",".sh",819,"2026-10-03 17:16","amp"
"E:\0github\git-sync\media-bridge\social-auto-upload\skills\xiaohongshu-upload\scripts\examples\xiaohongshu_cli_template.py","xiaohongshu_cli_template.py",".py",1651,"2026-10-03 17:16","amp"
"E:\0github\git-sync\media-bridge\social-auto-upload\skills\xiaohongshu-upload\scripts\examples\xiaohongshu_commands.ps1","xiaohongshu_commands.ps1",".ps1",899,"2026-10-03 17:16","amp"
"E:\0github\git-sync\media-bridge\social-auto-upload\skills\xiaohongshu-upload\scripts\examples\xiaohongshu_commands.sh","xiaohongshu_commands.sh",".sh",839,"2026-10-03 17:16","amp"
"E:\0github\git-sync\media-bridge\venv\Lib\site-packages\google\protobuf\timestamp.py","timestamp.py",".py",3133,"2026-10-03 17:32","amp"
"E:\0github\git-sync\media-bridge\venv\Lib\site-packages\google\protobuf\timestamp_pb2.py","timestamp_pb2.py",".py",1815,"2026-10-03 17:32","amp"
"E:\0github\git-sync\media-bridge\venv\Lib\site-packages\numpy\random\_examples\cffi\extending.py","extending.py",".py",926,"2026-10-03 18:06","amp"
"E:\0github\git-sync\media-bridge\venv\Lib\site-packages\numpy\random\_examples\cffi\parse.py","parse.py",".py",1803,"2026-10-03 18:06","amp"
"E:\0github\git-sync\media-bridge\venv\Lib\site-packages\numpy\random\_examples\numba\extending.py","extending.py",".py",2045,"2026-10-03 18:06","amp"
"E:\0github\git-sync\media-bridge\venv\Lib\site-packages\numpy\random\_examples\numba\extending_distributions.py","extending_distributions.py",".py",2103,"2026-10-03 18:06","amp"
"E:\0github\git-sync\media-bridge\venv\Lib\site-packages\numpy\_core\_methods.py","_methods.py",".py",9645,"2026-10-03 18:06","method"
"E:\0github\git-sync\media-bridge\venv\Lib\site-packages\numpy\_core\tests\test_arraymethod.py","test_arraymethod.py",".py",3400,"2026-10-03 18:06","method"
"E:\0github\git-sync\media-bridge\venv\Lib\site-packages\numpy\_core\tests\test_scalar_methods.py","test_scalar_methods.py",".py",14234,"2026-10-03 18:06","method"
"E:\0github\git-sync\media-bridge\venv\Lib\site-packages\numpy\_core\tests\examples\cython\setup.py","setup.py",".py",898,"2026-10-03 18:06","amp"
"E:\0github\git-sync\media-bridge\venv\Lib\site-packages\numpy\_core\tests\examples\limited_api\setup.py","setup.py",".py",461,"2026-10-03 18:06","amp"
"E:\0github\git-sync\media-bridge\venv\Lib\site-packages\PIL\AvifImagePlugin.py","AvifImagePlugin.py",".py",9356,"2026-10-03 17:32","mag"
"E:\0github\git-sync\media-bridge\venv\Lib\site-packages\PIL\BlpImagePlugin.py","BlpImagePlugin.py",".py",17030,"2026-10-03 17:32","mag"
"E:\0github\git-sync\media-bridge\venv\Lib\site-packages\PIL\BmpImagePlugin.py","BmpImagePlugin.py",".py",20350,"2026-10-03 17:32","mag"
"E:\0github\git-sync\media-bridge\venv\Lib\site-packages\PIL\BufrStubImagePlugin.py","BufrStubImagePlugin.py",".py",1805,"2026-10-03 17:32","mag"
"E:\0github\git-sync\media-bridge\venv\Lib\site-packages\PIL\CurImagePlugin.py","CurImagePlugin.py",".py",1872,"2026-10-03 17:32","mag"
"E:\0github\git-sync\media-bridge\venv\Lib\site-packages\PIL\DcxImagePlugin.py","DcxImagePlugin.py",".py",2228,"2026-10-03 17:32","mag"
"E:\0github\git-sync\media-bridge\venv\Lib\site-packages\PIL\DdsImagePlugin.py","DdsImagePlugin.py",".py",19530,"2026-10-03 17:32","mag"
"E:\0github\git-sync\media-bridge\venv\Lib\site-packages\PIL\EpsImagePlugin.py","EpsImagePlugin.py",".py",16865,"2026-10-03 17:32","mag"
"E:\0github\git-sync\media-bridge\venv\Lib\site-packages\PIL\FitsImagePlugin.py","FitsImagePlugin.py",".py",4796,"2026-10-03 17:32","mag"
"E:\0github\git-sync\media-bridge\venv\Lib\site-packages\PIL\FliImagePlugin.py","FliImagePlugin.py",".py",4964,"2026-10-03 17:32","mag"
"E:\0github\git-sync\media-bridge\venv\Lib\site-packages\PIL\FpxImagePlugin.py","FpxImagePlugin.py",".py",7550,"2026-10-03 17:32","mag"
"E:\0github\git-sync\media-bridge\venv\Lib\site-packages\PIL\FtexImagePlugin.py","FtexImagePlugin.py",".py",3649,"2026-10-03 17:32","mag"
"E:\0github\git-sync\media-bridge\venv\Lib\site-packages\PIL\GbrImagePlugin.py","GbrImagePlugin.py",".py",3109,"2026-10-03 17:32","mag"
"E:\0github\git-sync\media-bridge\venv\Lib\site-packages\PIL\GdImageFile.py","GdImageFile.py",".py",2890,"2026-10-03 17:32","mag"
"E:\0github\git-sync\media-bridge\venv\Lib\site-packages\PIL\GifImagePlugin.py","GifImagePlugin.py",".py",43127,"2026-10-03 17:32","mag"
"E:\0github\git-sync\media-bridge\venv\Lib\site-packages\PIL\GribStubImagePlugin.py","GribStubImagePlugin.py",".py",1813,"2026-10-03 17:32","mag"
"E:\0github\git-sync\media-bridge\venv\Lib\site-packages\PIL\Hdf5StubImagePlugin.py","Hdf5StubImagePlugin.py",".py",1816,"2026-10-03 17:32","mag"
"E:\0github\git-sync\media-bridge\venv\Lib\site-packages\PIL\IcnsImagePlugin.py","IcnsImagePlugin.py",".py",13360,"2026-10-03 17:32","mag"
"E:\0github\git-sync\media-bridge\venv\Lib\site-packages\PIL\IcoImagePlugin.py","IcoImagePlugin.py",".py",12854,"2026-10-03 17:32","mag"
"E:\0github\git-sync\media-bridge\venv\Lib\site-packages\PIL\Image.py","Image.py",".py",152063,"2026-10-03 17:32","mag"
"E:\0github\git-sync\media-bridge\venv\Lib\site-packages\PIL\ImageChops.py","ImageChops.py",".py",8257,"2026-10-03 17:32","mag"
"E:\0github\git-sync\media-bridge\venv\Lib\site-packages\PIL\ImageCms.py","ImageCms.py",".py",43135,"2026-10-03 17:32","mag"
"E:\0github\git-sync\media-bridge\venv\Lib\site-packages\PIL\ImageColor.py","ImageColor.py",".py",9761,"2026-10-03 17:32","mag"
"E:\0github\git-sync\media-bridge\venv\Lib\site-packages\PIL\ImageDraw.py","ImageDraw.py",".py",43600,"2026-10-03 17:32","mag"
"E:\0github\git-sync\media-bridge\venv\Lib\site-packages\PIL\ImageDraw2.py","ImageDraw2.py",".py",7470,"2026-10-03 17:32","mag"
"E:\0github\git-sync\media-bridge\venv\Lib\site-packages\PIL\ImageEnhance.py","ImageEnhance.py",".py",3740,"2026-10-03 17:32","mag"
"E:\0github\git-sync\media-bridge\venv\Lib\site-packages\PIL\ImageFile.py","ImageFile.py",".py",30224,"2026-10-03 17:32","mag"
"E:\0github\git-sync\media-bridge\venv\Lib\site-packages\PIL\ImageFilter.py","ImageFilter.py",".py",19275,"2026-10-03 17:32","mag"
"E:\0github\git-sync\media-bridge\venv\Lib\site-packages\PIL\ImageFont.py","ImageFont.py",".py",65630,"2026-10-03 17:32","mag"
"E:\0github\git-sync\media-bridge\venv\Lib\site-packages\PIL\ImageGrab.py","ImageGrab.py",".py",6594,"2026-10-03 17:32","mag"
"E:\0github\git-sync\media-bridge\venv\Lib\site-packages\PIL\ImageMath.py","ImageMath.py",".py",12310,"2026-10-03 17:32","mag"
"E:\0github\git-sync\media-bridge\venv\Lib\site-packages\PIL\ImageMode.py","ImageMode.py",".py",2773,"2026-10-03 17:32","mag"
"E:\0github\git-sync\media-bridge\venv\Lib\site-packages\PIL\ImageMorph.py","ImageMorph.py",".py",8828,"2026-10-03 17:32","mag"
"E:\0github\git-sync\media-bridge\venv\Lib\site-packages\PIL\ImageOps.py","ImageOps.py",".py",26270,"2026-10-03 17:32","mag"
"E:\0github\git-sync\media-bridge\venv\Lib\site-packages\PIL\ImagePalette.py","ImagePalette.py",".py",9295,"2026-10-03 17:32","mag"
"E:\0github\git-sync\media-bridge\venv\Lib\site-packages\PIL\ImagePath.py","ImagePath.py",".py",391,"2026-10-03 17:32","mag"
"E:\0github\git-sync\media-bridge\venv\Lib\site-packages\PIL\ImageQt.py","ImageQt.py",".py",7061,"2026-10-03 17:32","mag"
"E:\0github\git-sync\media-bridge\venv\Lib\site-packages\PIL\ImageSequence.py","ImageSequence.py",".py",2286,"2026-10-03 17:32","mag"
"E:\0github\git-sync\media-bridge\venv\Lib\site-packages\PIL\ImageShow.py","ImageShow.py",".py",10362,"2026-10-03 17:32","mag"
"E:\0github\git-sync\media-bridge\venv\Lib\site-packages\PIL\ImageStat.py","ImageStat.py",".py",5485,"2026-10-03 17:32","mag"
"E:\0github\git-sync\media-bridge\venv\Lib\site-packages\PIL\ImageTk.py","ImageTk.py",".py",8398,"2026-10-03 17:32","mag"
"E:\0github\git-sync\media-bridge\venv\Lib\site-packages\PIL\ImageTransform.py","ImageTransform.py",".py",4052,"2026-10-03 17:32","mag"
"E:\0github\git-sync\media-bridge\venv\Lib\site-packages\PIL\ImageWin.py","ImageWin.py",".py",8332,"2026-10-03 17:32","mag"
"E:\0github\git-sync\media-bridge\venv\Lib\site-packages\PIL\ImImagePlugin.py","ImImagePlugin.py",".py",11956,"2026-10-03 17:32","mag"
"E:\0github\git-sync\media-bridge\venv\Lib\site-packages\PIL\ImtImagePlugin.py","ImtImagePlugin.py",".py",2768,"2026-10-03 17:32","mag"
"E:\0github\git-sync\media-bridge\venv\Lib\site-packages\PIL\IptcImagePlugin.py","IptcImagePlugin.py",".py",6918,"2026-10-03 17:32","mag"
"E:\0github\git-sync\media-bridge\venv\Lib\site-packages\PIL\Jpeg2KImagePlugin.py","Jpeg2KImagePlugin.py",".py",14307,"2026-10-03 17:32","mag"
"E:\0github\git-sync\media-bridge\venv\Lib\site-packages\PIL\JpegImagePlugin.py","JpegImagePlugin.py",".py",32738,"2026-10-03 17:32","mag"
"E:\0github\git-sync\media-bridge\venv\Lib\site-packages\PIL\McIdasImagePlugin.py","McIdasImagePlugin.py",".py",2023,"2026-10-03 17:32","mag"
"E:\0github\git-sync\media-bridge\venv\Lib\site-packages\PIL\MicImagePlugin.py","MicImagePlugin.py",".py",2666,"2026-10-03 17:32","mag"
"E:\0github\git-sync\media-bridge\venv\Lib\site-packages\PIL\MpegImagePlugin.py","MpegImagePlugin.py",".py",2193,"2026-10-03 17:32","mag"
"E:\0github\git-sync\media-bridge\venv\Lib\site-packages\PIL\MpoImagePlugin.py","MpoImagePlugin.py",".py",6604,"2026-10-03 17:32","mag"
"E:\0github\git-sync\media-bridge\venv\Lib\site-packages\PIL\MspImagePlugin.py","MspImagePlugin.py",".py",6092,"2026-10-03 17:32","mag"
"E:\0github\git-sync\media-bridge\venv\Lib\site-packages\PIL\PalmImagePlugin.py","PalmImagePlugin.py",".py",8965,"2026-10-03 17:32","mag"
"E:\0github\git-sync\media-bridge\venv\Lib\site-packages\PIL\PcdImagePlugin.py","PcdImagePlugin.py",".py",1665,"2026-10-03 17:32","mag"
"E:\0github\git-sync\media-bridge\venv\Lib\site-packages\PIL\PcxImagePlugin.py","PcxImagePlugin.py",".py",6476,"2026-10-03 17:32","mag"
"E:\0github\git-sync\media-bridge\venv\Lib\site-packages\PIL\PdfImagePlugin.py","PdfImagePlugin.py",".py",9660,"2026-10-03 17:32","mag"
"E:\0github\git-sync\media-bridge\venv\Lib\site-packages\PIL\PixarImagePlugin.py","PixarImagePlugin.py",".py",1830,"2026-10-03 17:32","mag"
"E:\0github\git-sync\media-bridge\venv\Lib\site-packages\PIL\PngImagePlugin.py","PngImagePlugin.py",".py",52541,"2026-10-03 17:32","mag"
"E:\0github\git-sync\media-bridge\venv\Lib\site-packages\PIL\PpmImagePlugin.py","PpmImagePlugin.py",".py",12733,"2026-10-03 17:32","mag"
"E:\0github\git-sync\media-bridge\venv\Lib\site-packages\PIL\PsdImagePlugin.py","PsdImagePlugin.py",".py",9018,"2026-10-03 17:32","mag"
"E:\0github\git-sync\media-bridge\venv\Lib\site-packages\PIL\QoiImagePlugin.py","QoiImagePlugin.py",".py",4303,"2026-10-03 17:32","mag"
"E:\0github\git-sync\media-bridge\venv\Lib\site-packages\PIL\SgiImagePlugin.py","SgiImagePlugin.py",".py",6979,"2026-10-03 17:32","mag"
"E:\0github\git-sync\media-bridge\venv\Lib\site-packages\PIL\SpiderImagePlugin.py","SpiderImagePlugin.py",".py",10580,"2026-10-03 17:32","mag"
"E:\0github\git-sync\media-bridge\venv\Lib\site-packages\PIL\SunImagePlugin.py","SunImagePlugin.py",".py",4734,"2026-10-03 17:32","mag"
"E:\0github\git-sync\media-bridge\venv\Lib\site-packages\PIL\TgaImagePlugin.py","TgaImagePlugin.py",".py",7244,"2026-10-03 17:32","mag"
"E:\0github\git-sync\media-bridge\venv\Lib\site-packages\PIL\TiffImagePlugin.py","TiffImagePlugin.py",".py",87389,"2026-10-03 17:32","mag"
"E:\0github\git-sync\media-bridge\venv\Lib\site-packages\PIL\WalImageFile.py","WalImageFile.py",".py",5831,"2026-10-03 17:32","mag"
"E:\0github\git-sync\media-bridge\venv\Lib\site-packages\PIL\WebPImagePlugin.py","WebPImagePlugin.py",".py",10330,"2026-10-03 17:32","mag"
"E:\0github\git-sync\media-bridge\venv\Lib\site-packages\PIL\WmfImagePlugin.py","WmfImagePlugin.py",".py",5429,"2026-10-03 17:32","mag"
"E:\0github\git-sync\media-bridge\venv\Lib\site-packages\PIL\XbmImagePlugin.py","XbmImagePlugin.py",".py",2767,"2026-10-03 17:32","mag"
"E:\0github\git-sync\media-bridge\venv\Lib\site-packages\PIL\XpmImagePlugin.py","XpmImagePlugin.py",".py",3372,"2026-10-03 17:32","mag"
"E:\0github\git-sync\media-bridge\venv\Lib\site-packages\PIL\XVThumbImagePlugin.py","XVThumbImagePlugin.py",".py",2198,"2026-10-03 17:32","mag"
"E:\0github\git-sync\media-bridge\venv\Lib\site-packages\qrcode\image\base.py","base.py",".py",4965,"2026-10-03 17:32","mag"
"E:\0github\git-sync\media-bridge\venv\Lib\site-packages\qrcode\image\pil.py","pil.py",".py",1589,"2026-10-03 17:32","mag"
"E:\0github\git-sync\media-bridge\venv\Lib\site-packages\qrcode\image\pure.py","pure.py",".py",1525,"2026-10-03 17:32","mag"
"E:\0github\git-sync\media-bridge\venv\Lib\site-packages\qrcode\image\styledpil.py","styledpil.py",".py",4951,"2026-10-03 17:32","mag"
"E:\0github\git-sync\media-bridge\venv\Lib\site-packages\qrcode\image\svg.py","svg.py",".py",5188,"2026-10-03 17:32","mag"
"E:\0github\git-sync\media-bridge\venv\Lib\site-packages\qrcode\image\__init__.py","__init__.py",".py",0,"2026-10-03 17:32","mag"
"E:\0github\git-sync\media-bridge\venv\Lib\site-packages\qrcode\image\styles\colormasks.py","colormasks.py",".py",7936,"2026-10-03 17:32","mag"
"E:\0github\git-sync\media-bridge\venv\Lib\site-packages\qrcode\image\styles\__init__.py","__init__.py",".py",0,"2026-10-03 17:32","mag"
"E:\0github\git-sync\media-bridge\venv\Lib\site-packages\qrcode\image\styles\moduledrawers\base.py","base.py",".py",1019,"2026-10-03 17:32","mag"
"E:\0github\git-sync\media-bridge\venv\Lib\site-packages\qrcode\image\styles\moduledrawers\pil.py","pil.py",".py",9773,"2026-10-03 17:32","mag"
"E:\0github\git-sync\media-bridge\venv\Lib\site-packages\qrcode\image\styles\moduledrawers\svg.py","svg.py",".py",3936,"2026-10-03 17:32","mag"
"E:\0github\git-sync\media-bridge\venv\Lib\site-packages\qrcode\image\styles\moduledrawers\__init__.py","__init__.py",".py",430,"2026-10-03 17:32","mag"
"E:\0github\git-sync\media-bridge\venv\Lib\site-packages\qrcode\tests\test_example.py","test_example.py",".py",244,"2026-10-03 17:32","amp"
"E:\0github\git-sync\media-bridge\venv\Lib\site-packages\urllib3\_request_methods.py","_request_methods.py",".py",9931,"2026-10-03 17:32","method"
"E:\0github\git-sync\media-bridge\venv\Lib\site-packages\yt_dlp\extractor\amp.py","amp.py",".py",4227,"2026-10-03 17:31","amp"
"E:\0github\git-sync\media-bridge\venv\Lib\site-packages\yt_dlp\extractor\bandcamp.py","bandcamp.py",".py",20263,"2026-10-03 17:31","amp|camp"
"E:\0github\git-sync\media-bridge\venv\Lib\site-packages\yt_dlp\extractor\clipchamp.py","clipchamp.py",".py",2418,"2026-10-03 17:31","amp"
"E:\0github\git-sync\media-bridge\venv\Lib\site-packages\yt_dlp\extractor\magellantv.py","magellantv.py",".py",3111,"2026-10-03 17:31","mag"
"E:\0github\git-sync\media-bridge\venv\Lib\site-packages\yt_dlp\extractor\magentamusik.py","magentamusik.py",".py",2763,"2026-10-03 17:31","mag"
"E:\0github\git-sync\media-bridge\venv\Lib\site-packages\yt_dlp\extractor\movingimage.py","movingimage.py",".py",1731,"2026-10-03 17:31","mag"
"E:\0github\git-sync\media-bridge\venv\Lib\site-packages\yt_dlp\extractor\noodlemagazine.py","noodlemagazine.py",".py",3021,"2026-10-03 17:31","mag"
"E:\0github\git-sync\media-bridge\venv\Lib\site-packages\yt_dlp\extractor\samplefocus.py","samplefocus.py",".py",4065,"2026-10-03 17:31","amp"
"E:\0github\git-sync\media-bridge\venv\Lib\site-packages\yt_dlp\extractor\videocampus_sachsen.py","videocampus_sachsen.py",".py",12548,"2026-10-03 17:31","amp|camp"
"E:\0github\git-sync\new-01a0ae7a\skills\git-sync\templates\success_criteria.example.json","success_criteria.example.json",".json",295,"2026-09-17 16:43","amp"
"E:\0github\git-sync\new-01a0aeb9\skills\git-sync\templates\success_criteria.example.json","success_criteria.example.json",".json",295,"2026-09-17 17:39","amp"
"E:\0github\git-sync\ppt-master\.venv\Lib\site-packages\numpy\random\_examples\cffi\extending.py","extending.py",".py",928,"2026-09-16 20:27","amp"
"E:\0github\git-sync\ppt-master\.venv\Lib\site-packages\numpy\random\_examples\cffi\parse.py","parse.py",".py",1803,"2026-09-16 20:27","amp"
"E:\0github\git-sync\ppt-master\.venv\Lib\site-packages\numpy\random\_examples\numba\extending.py","extending.py",".py",2045,"2026-09-16 20:27","amp"
"E:\0github\git-sync\ppt-master\.venv\Lib\site-packages\numpy\random\_examples\numba\extending_distributions.py","extending_distributions.py",".py",2103,"2026-09-16 20:27","amp"
"E:\0github\git-sync\ppt-master\.venv\Lib\site-packages\numpy\_core\_methods.py","_methods.py",".py",9645,"2026-09-16 20:27","method"
"E:\0github\git-sync\ppt-master\.venv\Lib\site-packages\numpy\_core\tests\test_arraymethod.py","test_arraymethod.py",".py",3307,"2026-09-16 20:27","method"
"E:\0github\git-sync\ppt-master\.venv\Lib\site-packages\numpy\_core\tests\test_scalar_methods.py","test_scalar_methods.py",".py",12839,"2026-09-16 20:27","method"
"E:\0github\git-sync\ppt-master\.venv\Lib\site-packages\numpy\_core\tests\examples\cython\setup.py","setup.py",".py",898,"2026-09-16 20:27","amp"
"E:\0github\git-sync\ppt-master\.venv\Lib\site-packages\numpy\_core\tests\examples\limited_api\setup.py","setup.py",".py",461,"2026-09-16 20:27","amp"
"E:\0github\git-sync\ppt-master\.venv\Lib\site-packages\PIL\AvifImagePlugin.py","AvifImagePlugin.py",".py",9596,"2026-09-16 20:27","mag"
"E:\0github\git-sync\ppt-master\.venv\Lib\site-packages\PIL\BlpImagePlugin.py","BlpImagePlugin.py",".py",17048,"2026-09-16 20:27","mag"
"E:\0github\git-sync\ppt-master\.venv\Lib\site-packages\PIL\BmpImagePlugin.py","BmpImagePlugin.py",".py",20377,"2026-09-16 20:27","mag"
"E:\0github\git-sync\ppt-master\.venv\Lib\site-packages\PIL\BufrStubImagePlugin.py","BufrStubImagePlugin.py",".py",1757,"2026-09-16 20:27","mag"
"E:\0github\git-sync\ppt-master\.venv\Lib\site-packages\PIL\CurImagePlugin.py","CurImagePlugin.py",".py",2814,"2026-09-16 20:27","mag"
"E:\0github\git-sync\ppt-master\.venv\Lib\site-packages\PIL\DcxImagePlugin.py","DcxImagePlugin.py",".py",2264,"2026-09-16 20:27","mag"
"E:\0github\git-sync\ppt-master\.venv\Lib\site-packages\PIL\DdsImagePlugin.py","DdsImagePlugin.py",".py",19733,"2026-09-16 20:27","mag"
"E:\0github\git-sync\ppt-master\.venv\Lib\site-packages\PIL\EpsImagePlugin.py","EpsImagePlugin.py",".py",17253,"2026-09-16 20:27","mag"
"E:\0github\git-sync\ppt-master\.venv\Lib\site-packages\PIL\FitsImagePlugin.py","FitsImagePlugin.py",".py",4875,"2026-09-16 20:27","mag"
"E:\0github\git-sync\ppt-master\.venv\Lib\site-packages\PIL\FliImagePlugin.py","FliImagePlugin.py",".py",5113,"2026-09-16 20:27","mag"
"E:\0github\git-sync\ppt-master\.venv\Lib\site-packages\PIL\FpxImagePlugin.py","FpxImagePlugin.py",".py",7724,"2026-09-16 20:27","mag"
"E:\0github\git-sync\ppt-master\.venv\Lib\site-packages\PIL\FtexImagePlugin.py","FtexImagePlugin.py",".py",3685,"2026-09-16 20:27","mag"
"E:\0github\git-sync\ppt-master\.venv\Lib\site-packages\PIL\GbrImagePlugin.py","GbrImagePlugin.py",".py",3156,"2026-09-16 20:27","mag"
"E:\0github\git-sync\ppt-master\.venv\Lib\site-packages\PIL\GdImageFile.py","GdImageFile.py",".py",2951,"2026-09-16 20:27","mag"
"E:\0github\git-sync\ppt-master\.venv\Lib\site-packages\PIL\GifImagePlugin.py","GifImagePlugin.py",".py",43596,"2026-09-16 20:27","mag"
"E:\0github\git-sync\ppt-master\.venv\Lib\site-packages\PIL\GribStubImagePlugin.py","GribStubImagePlugin.py",".py",1786,"2026-09-16 20:27","mag"
"E:\0github\git-sync\ppt-master\.venv\Lib\site-packages\PIL\Hdf5StubImagePlugin.py","Hdf5StubImagePlugin.py",".py",1768,"2026-09-16 20:27","mag"
"E:\0github\git-sync\ppt-master\.venv\Lib\site-packages\PIL\IcnsImagePlugin.py","IcnsImagePlugin.py",".py",12798,"2026-09-16 20:27","mag"
"E:\0github\git-sync\ppt-master\.venv\Lib\site-packages\PIL\IcoImagePlugin.py","IcoImagePlugin.py",".py",13499,"2026-09-16 20:27","mag"
"E:\0github\git-sync\ppt-master\.venv\Lib\site-packages\PIL\Image.py","Image.py",".py",158171,"2026-09-16 20:27","mag"
"E:\0github\git-sync\ppt-master\.venv\Lib\site-packages\PIL\ImageChops.py","ImageChops.py",".py",8257,"2026-09-16 20:27","mag"
"E:\0github\git-sync\ppt-master\.venv\Lib\site-packages\PIL\ImageCms.py","ImageCms.py",".py",41773,"2026-09-16 20:27","mag"
"E:\0github\git-sync\ppt-master\.venv\Lib\site-packages\PIL\ImageColor.py","ImageColor.py",".py",9761,"2026-09-16 20:27","mag"
"E:\0github\git-sync\ppt-master\.venv\Lib\site-packages\PIL\ImageDraw.py","ImageDraw.py",".py",36421,"2026-09-16 20:27","mag"
"E:\0github\git-sync\ppt-master\.venv\Lib\site-packages\PIL\ImageDraw2.py","ImageDraw2.py",".py",7470,"2026-09-16 20:27","mag"
"E:\0github\git-sync\ppt-master\.venv\Lib\site-packages\PIL\ImageEnhance.py","ImageEnhance.py",".py",3740,"2026-09-16 20:27","mag"
"E:\0github\git-sync\ppt-master\.venv\Lib\site-packages\PIL\ImageFile.py","ImageFile.py",".py",30828,"2026-09-16 20:27","mag"
"E:\0github\git-sync\ppt-master\.venv\Lib\site-packages\PIL\ImageFilter.py","ImageFilter.py",".py",19714,"2026-09-16 20:27","mag"
"E:\0github\git-sync\ppt-master\.venv\Lib\site-packages\PIL\ImageFont.py","ImageFont.py",".py",65080,"2026-09-16 20:27","mag"
"E:\0github\git-sync\ppt-master\.venv\Lib\site-packages\PIL\ImageGrab.py","ImageGrab.py",".py",8475,"2026-09-16 20:27","mag"
"E:\0github\git-sync\ppt-master\.venv\Lib\site-packages\PIL\ImageMath.py","ImageMath.py",".py",10659,"2026-09-16 20:27","mag"
"E:\0github\git-sync\ppt-master\.venv\Lib\site-packages\PIL\ImageMode.py","ImageMode.py",".py",2480,"2026-09-16 20:27","mag"
"E:\0github\git-sync\ppt-master\.venv\Lib\site-packages\PIL\ImageMorph.py","ImageMorph.py",".py",10673,"2026-09-16 20:27","mag"
"E:\0github\git-sync\ppt-master\.venv\Lib\site-packages\PIL\ImageOps.py","ImageOps.py",".py",26446,"2026-09-16 20:27","mag"
"E:\0github\git-sync\ppt-master\.venv\Lib\site-packages\PIL\ImagePalette.py","ImagePalette.py",".py",9498,"2026-09-16 20:27","mag"
"E:\0github\git-sync\ppt-master\.venv\Lib\site-packages\PIL\ImagePath.py","ImagePath.py",".py",391,"2026-09-16 20:27","mag"
"E:\0github\git-sync\ppt-master\.venv\Lib\site-packages\PIL\ImageQt.py","ImageQt.py",".py",6903,"2026-09-16 20:27","mag"
"E:\0github\git-sync\ppt-master\.venv\Lib\site-packages\PIL\ImageSequence.py","ImageSequence.py",".py",2341,"2026-09-16 20:27","mag"
"E:\0github\git-sync\ppt-master\.venv\Lib\site-packages\PIL\ImageShow.py","ImageShow.py",".py",10684,"2026-09-16 20:27","mag"
"E:\0github\git-sync\ppt-master\.venv\Lib\site-packages\PIL\ImageStat.py","ImageStat.py",".py",5662,"2026-09-16 20:27","mag"
"E:\0github\git-sync\ppt-master\.venv\Lib\site-packages\PIL\ImageText.py","ImageText.py",".py",19087,"2026-09-16 20:27","mag"
"E:\0github\git-sync\ppt-master\.venv\Lib\site-packages\PIL\ImageTk.py","ImageTk.py",".py",8398,"2026-09-16 20:27","mag"
"E:\0github\git-sync\ppt-master\.venv\Lib\site-packages\PIL\ImageTransform.py","ImageTransform.py",".py",4052,"2026-09-16 20:27","mag"
"E:\0github\git-sync\ppt-master\.venv\Lib\site-packages\PIL\ImageWin.py","ImageWin.py",".py",8345,"2026-09-16 20:27","mag"
"E:\0github\git-sync\ppt-master\.venv\Lib\site-packages\PIL\ImImagePlugin.py","ImImagePlugin.py",".py",11992,"2026-09-16 20:27","mag"
"E:\0github\git-sync\ppt-master\.venv\Lib\site-packages\PIL\ImtImagePlugin.py","ImtImagePlugin.py",".py",2768,"2026-09-16 20:27","mag"
"E:\0github\git-sync\ppt-master\.venv\Lib\site-packages\PIL\IptcImagePlugin.py","IptcImagePlugin.py",".py",6663,"2026-09-16 20:27","mag"
"E:\0github\git-sync\ppt-master\.venv\Lib\site-packages\PIL\Jpeg2KImagePlugin.py","Jpeg2KImagePlugin.py",".py",15088,"2026-09-16 20:27","mag"
"E:\0github\git-sync\ppt-master\.venv\Lib\site-packages\PIL\JpegImagePlugin.py","JpegImagePlugin.py",".py",32223,"2026-09-16 20:27","mag"
"E:\0github\git-sync\ppt-master\.venv\Lib\site-packages\PIL\McIdasImagePlugin.py","McIdasImagePlugin.py",".py",1955,"2026-09-16 20:27","mag"
"E:\0github\git-sync\ppt-master\.venv\Lib\site-packages\PIL\MicImagePlugin.py","MicImagePlugin.py",".py",2702,"2026-09-16 20:27","mag"
"E:\0github\git-sync\ppt-master\.venv\Lib\site-packages\PIL\MpegImagePlugin.py","MpegImagePlugin.py",".py",2094,"2026-09-16 20:27","mag"
"E:\0github\git-sync\ppt-master\.venv\Lib\site-packages\PIL\MpoImagePlugin.py","MpoImagePlugin.py",".py",6987,"2026-09-16 20:27","mag"
"E:\0github\git-sync\ppt-master\.venv\Lib\site-packages\PIL\MspImagePlugin.py","MspImagePlugin.py",".py",6072,"2026-09-16 20:27","mag"
"E:\0github\git-sync\ppt-master\.venv\Lib\site-packages\PIL\PalmImagePlugin.py","PalmImagePlugin.py",".py",8965,"2026-09-16 20:27","mag"
"E:\0github\git-sync\ppt-master\.venv\Lib\site-packages\PIL\PcdImagePlugin.py","PcdImagePlugin.py",".py",1842,"2026-09-16 20:27","mag"
"E:\0github\git-sync\ppt-master\.venv\Lib\site-packages\PIL\PcxImagePlugin.py","PcxImagePlugin.py",".py",6596,"2026-09-16 20:27","mag"
"E:\0github\git-sync\ppt-master\.venv\Lib\site-packages\PIL\PdfImagePlugin.py","PdfImagePlugin.py",".py",9720,"2026-09-16 20:27","mag"
"E:\0github\git-sync\ppt-master\.venv\Lib\site-packages\PIL\PixarImagePlugin.py","PixarImagePlugin.py",".py",1830,"2026-09-16 20:27","mag"
"E:\0github\git-sync\ppt-master\.venv\Lib\site-packages\PIL\PngImagePlugin.py","PngImagePlugin.py",".py",53977,"2026-09-16 20:27","mag"
"E:\0github\git-sync\ppt-master\.venv\Lib\site-packages\PIL\PpmImagePlugin.py","PpmImagePlugin.py",".py",12719,"2026-09-16 20:27","mag"
"E:\0github\git-sync\ppt-master\.venv\Lib\site-packages\PIL\PsdImagePlugin.py","PsdImagePlugin.py",".py",9249,"2026-09-16 20:27","mag"
"E:\0github\git-sync\ppt-master\.venv\Lib\site-packages\PIL\QoiImagePlugin.py","QoiImagePlugin.py",".py",8831,"2026-09-16 20:27","mag"
"E:\0github\git-sync\ppt-master\.venv\Lib\site-packages\PIL\SgiImagePlugin.py","SgiImagePlugin.py",".py",6602,"2026-09-16 20:27","mag"
"E:\0github\git-sync\ppt-master\.venv\Lib\site-packages\PIL\SpiderImagePlugin.py","SpiderImagePlugin.py",".py",10626,"2026-09-16 20:27","mag"
"E:\0github\git-sync\ppt-master\.venv\Lib\site-packages\PIL\SunImagePlugin.py","SunImagePlugin.py",".py",4734,"2026-09-16 20:27","mag"
"E:\0github\git-sync\ppt-master\.venv\Lib\site-packages\PIL\TgaImagePlugin.py","TgaImagePlugin.py",".py",8017,"2026-09-16 20:27","mag"
"E:\0github\git-sync\ppt-master\.venv\Lib\site-packages\PIL\TiffImagePlugin.py","TiffImagePlugin.py",".py",88301,"2026-09-16 20:27","mag"
"E:\0github\git-sync\ppt-master\.venv\Lib\site-packages\PIL\WalImageFile.py","WalImageFile.py",".py",5891,"2026-09-16 20:27","mag"
"E:\0github\git-sync\ppt-master\.venv\Lib\site-packages\PIL\WebPImagePlugin.py","WebPImagePlugin.py",".py",10289,"2026-09-16 20:27","mag"
"E:\0github\git-sync\ppt-master\.venv\Lib\site-packages\PIL\WmfImagePlugin.py","WmfImagePlugin.py",".py",5390,"2026-09-16 20:27","mag"
"E:\0github\git-sync\ppt-master\.venv\Lib\site-packages\PIL\XbmImagePlugin.py","XbmImagePlugin.py",".py",2767,"2026-09-16 20:27","mag"
"E:\0github\git-sync\ppt-master\.venv\Lib\site-packages\PIL\XpmImagePlugin.py","XpmImagePlugin.py",".py",4539,"2026-09-16 20:27","mag"
"E:\0github\git-sync\ppt-master\.venv\Lib\site-packages\PIL\XVThumbImagePlugin.py","XVThumbImagePlugin.py",".py",2209,"2026-09-16 20:27","mag"
"E:\0github\git-sync\ppt-master\.venv\Lib\site-packages\pptx\parts\image.py","image.py",".py",9617,"2026-09-16 20:28","mag"
"E:\0github\git-sync\ppt-master\.venv\Lib\site-packages\xlsxwriter\image.py","image.py",".py",13610,"2026-09-16 20:27","mag"
"E:\0github\git-sync\ppt-master\skills\ppt-master\references\executor-image.md","executor-image.md",".md",7124,"2026-09-16 20:21","mag"
"E:\0github\git-sync\ppt-master\skills\ppt-master\references\executor-web-image.md","executor-web-image.md",".md",1825,"2026-09-16 20:21","mag"
"E:\0github\git-sync\ppt-master\skills\ppt-master\references\image-base.md","image-base.md",".md",8653,"2026-09-16 20:21","mag"
"E:\0github\git-sync\ppt-master\skills\ppt-master\references\image-generator.md","image-generator.md",".md",45691,"2026-09-16 20:21","mag"
"E:\0github\git-sync\ppt-master\skills\ppt-master\references\image-layout-patterns.md","image-layout-patterns.md",".md",27074,"2026-09-16 20:21","mag"
"E:\0github\git-sync\ppt-master\skills\ppt-master\references\image-layout-spec.md","image-layout-spec.md",".md",9530,"2026-09-16 20:21","mag"
"E:\0github\git-sync\ppt-master\skills\ppt-master\references\image-searcher.md","image-searcher.md",".md",14349,"2026-09-16 20:21","mag"
"E:\0github\git-sync\ppt-master\skills\ppt-master\references\strategist-image.md","strategist-image.md",".md",11722,"2026-09-16 20:21","mag"
"E:\0github\git-sync\ppt-master\skills\ppt-master\references\svg-image-embedding.md","svg-image-embedding.md",".md",6538,"2026-09-16 20:21","mag"
"E:\0github\git-sync\ppt-master\skills\ppt-master\references\ai-image-comparison\README.md","README.md",".md",4437,"2026-09-16 20:21","mag"
"E:\0github\git-sync\ppt-master\skills\ppt-master\references\ai-image-comparison\palette\_manifest.json","_manifest.json",".json",16738,"2026-09-16 20:21","mag"
"E:\0github\git-sync\ppt-master\skills\ppt-master\references\ai-image-comparison\palette\_manifest.md","_manifest.md",".md",16409,"2026-09-16 20:21","mag"
"E:\0github\git-sync\ppt-master\skills\ppt-master\references\ai-image-comparison\palette\_subject.md","_subject.md",".md",3137,"2026-09-16 20:21","mag"
"E:\0github\git-sync\ppt-master\skills\ppt-master\references\ai-image-comparison\rendering\_manifest.json","_manifest.json",".json",24327,"2026-09-16 20:21","mag"
"E:\0github\git-sync\ppt-master\skills\ppt-master\references\ai-image-comparison\rendering\_manifest.md","_manifest.md",".md",24175,"2026-09-16 20:21","mag"
"E:\0github\git-sync\ppt-master\skills\ppt-master\references\ai-image-comparison\rendering\_subject.md","_subject.md",".md",1843,"2026-09-16 20:21","mag"
"E:\0github\git-sync\ppt-master\skills\ppt-master\references\ai-image-comparison\type\_manifest.json","_manifest.json",".json",15467,"2026-09-16 20:21","mag"
"E:\0github\git-sync\ppt-master\skills\ppt-master\references\ai-image-comparison\type\_manifest.md","_manifest.md",".md",15291,"2026-09-16 20:21","mag"
"E:\0github\git-sync\ppt-master\skills\ppt-master\references\ai-image-comparison\type\_subject.md","_subject.md",".md",3185,"2026-09-16 20:21","mag"
"E:\0github\git-sync\ppt-master\skills\ppt-master\references\image-palettes\cool-corporate.md","cool-corporate.md",".md",1723,"2026-09-16 20:21","mag"
"E:\0github\git-sync\ppt-master\skills\ppt-master\references\image-palettes\dark-cinematic.md","dark-cinematic.md",".md",2045,"2026-09-16 20:21","mag"
"E:\0github\git-sync\ppt-master\skills\ppt-master\references\image-palettes\duotone.md","duotone.md",".md",1522,"2026-09-16 20:21","mag"
"E:\0github\git-sync\ppt-master\skills\ppt-master\references\image-palettes\earthy-dusty.md","earthy-dusty.md",".md",1923,"2026-09-16 20:21","mag"
"E:\0github\git-sync\ppt-master\skills\ppt-master\references\image-palettes\editorial-classic.md","editorial-classic.md",".md",1495,"2026-09-16 20:21","mag"
"E:\0github\git-sync\ppt-master\skills\ppt-master\references\image-palettes\frost-ice.md","frost-ice.md",".md",1699,"2026-09-16 20:21","mag"
"E:\0github\git-sync\ppt-master\skills\ppt-master\references\image-palettes\jewel-tone.md","jewel-tone.md",".md",1818,"2026-09-16 20:21","mag"
"E:\0github\git-sync\ppt-master\skills\ppt-master\references\image-palettes\macaron.md","macaron.md",".md",1703,"2026-09-16 20:21","mag"
"E:\0github\git-sync\ppt-master\skills\ppt-master\references\image-palettes\mono-ink.md","mono-ink.md",".md",2619,"2026-09-16 20:21","mag"
"E:\0github\git-sync\ppt-master\skills\ppt-master\references\image-palettes\nature-organic.md","nature-organic.md",".md",1361,"2026-09-16 20:21","mag"
"E:\0github\git-sync\ppt-master\skills\ppt-master\references\image-palettes\sunset-gradient.md","sunset-gradient.md",".md",2221,"2026-09-16 20:21","mag"
"E:\0github\git-sync\ppt-master\skills\ppt-master\references\image-palettes\tech-neon.md","tech-neon.md",".md",1575,"2026-09-16 20:21","mag"
"E:\0github\git-sync\ppt-master\skills\ppt-master\references\image-palettes\vivid-launch.md","vivid-launch.md",".md",1504,"2026-09-16 20:21","mag"
"E:\0github\git-sync\ppt-master\skills\ppt-master\references\image-palettes\warm-earth.md","warm-earth.md",".md",1714,"2026-09-16 20:21","mag"
"E:\0github\git-sync\ppt-master\skills\ppt-master\references\image-palettes\_index.md","_index.md",".md",2404,"2026-09-16 20:21","mag"
"E:\0github\git-sync\ppt-master\skills\ppt-master\references\image-renderings\3d-isometric.md","3d-isometric.md",".md",2771,"2026-09-16 20:21","mag"
"E:\0github\git-sync\ppt-master\skills\ppt-master\references\image-renderings\blueprint.md","blueprint.md",".md",2700,"2026-09-16 20:21","mag"
"E:\0github\git-sync\ppt-master\skills\ppt-master\references\image-renderings\chalkboard.md","chalkboard.md",".md",2635,"2026-09-16 20:21","mag"
"E:\0github\git-sync\ppt-master\skills\ppt-master\references\image-renderings\corporate-photo.md","corporate-photo.md",".md",3531,"2026-09-16 20:21","mag"
"E:\0github\git-sync\ppt-master\skills\ppt-master\references\image-renderings\digital-dashboard.md","digital-dashboard.md",".md",2685,"2026-09-16 20:21","mag"
"E:\0github\git-sync\ppt-master\skills\ppt-master\references\image-renderings\editorial.md","editorial.md",".md",2638,"2026-09-16 20:21","mag"
"E:\0github\git-sync\ppt-master\skills\ppt-master\references\image-renderings\fantasy-animation.md","fantasy-animation.md",".md",2791,"2026-09-16 20:21","mag"
"E:\0github\git-sync\ppt-master\skills\ppt-master\references\image-renderings\flat.md","flat.md",".md",2412,"2026-09-16 20:21","mag"
"E:\0github\git-sync\ppt-master\skills\ppt-master\references\image-renderings\glassmorphism.md","glassmorphism.md",".md",3218,"2026-09-16 20:21","mag"
"E:\0github\git-sync\ppt-master\skills\ppt-master\references\image-renderings\ink-notes.md","ink-notes.md",".md",3398,"2026-09-16 20:21","mag"
"E:\0github\git-sync\ppt-master\skills\ppt-master\references\image-renderings\minimalist-swiss.md","minimalist-swiss.md",".md",2937,"2026-09-16 20:21","mag"
"E:\0github\git-sync\ppt-master\skills\ppt-master\references\image-renderings\nature.md","nature.md",".md",2841,"2026-09-16 20:21","mag"
"E:\0github\git-sync\ppt-master\skills\ppt-master\references\image-renderings\paper-cut.md","paper-cut.md",".md",2796,"2026-09-16 20:21","mag"
"E:\0github\git-sync\ppt-master\skills\ppt-master\references\image-renderings\pixel-art.md","pixel-art.md",".md",2571,"2026-09-16 20:21","mag"
"E:\0github\git-sync\ppt-master\skills\ppt-master\references\image-renderings\screen-print.md","screen-print.md",".md",2890,"2026-09-16 20:21","mag"
"E:\0github\git-sync\ppt-master\skills\ppt-master\references\image-renderings\sketch-notes.md","sketch-notes.md",".md",3034,"2026-09-16 20:21","mag"
"E:\0github\git-sync\ppt-master\skills\ppt-master\references\image-renderings\vector-illustration.md","vector-illustration.md",".md",2944,"2026-09-16 20:21","mag"
"E:\0github\git-sync\ppt-master\skills\ppt-master\references\image-renderings\vintage-poster.md","vintage-poster.md",".md",3012,"2026-09-16 20:21","mag"
"E:\0github\git-sync\ppt-master\skills\ppt-master\references\image-renderings\warm-scene.md","warm-scene.md",".md",3027,"2026-09-16 20:21","mag"
"E:\0github\git-sync\ppt-master\skills\ppt-master\references\image-renderings\watercolor.md","watercolor.md",".md",2491,"2026-09-16 20:21","mag"
"E:\0github\git-sync\ppt-master\skills\ppt-master\references\image-renderings\_index.md","_index.md",".md",8351,"2026-09-16 20:21","mag"
"E:\0github\git-sync\ppt-master\skills\ppt-master\references\image-type-templates\comparison.md","comparison.md",".md",3589,"2026-09-16 20:21","mag"
"E:\0github\git-sync\ppt-master\skills\ppt-master\references\image-type-templates\cycle.md","cycle.md",".md",3365,"2026-09-16 20:21","mag"
"E:\0github\git-sync\ppt-master\skills\ppt-master\references\image-type-templates\flowchart.md","flowchart.md",".md",2986,"2026-09-16 20:21","mag"
"E:\0github\git-sync\ppt-master\skills\ppt-master\references\image-type-templates\framework.md","framework.md",".md",4795,"2026-09-16 20:21","mag"
"E:\0github\git-sync\ppt-master\skills\ppt-master\references\image-type-templates\funnel.md","funnel.md",".md",3837,"2026-09-16 20:21","mag"
"E:\0github\git-sync\ppt-master\skills\ppt-master\references\image-type-templates\infographic.md","infographic.md",".md",3598,"2026-09-16 20:21","mag"
"E:\0github\git-sync\ppt-master\skills\ppt-master\references\image-type-templates\map.md","map.md",".md",3966,"2026-09-16 20:21","mag"
"E:\0github\git-sync\ppt-master\skills\ppt-master\references\image-type-templates\matrix.md","matrix.md",".md",3728,"2026-09-16 20:21","mag"
"E:\0github\git-sync\ppt-master\skills\ppt-master\references\image-type-templates\pyramid.md","pyramid.md",".md",3521,"2026-09-16 20:21","mag"
"E:\0github\git-sync\ppt-master\skills\ppt-master\references\image-type-templates\scene.md","scene.md",".md",3535,"2026-09-16 20:21","mag"
"E:\0github\git-sync\ppt-master\skills\ppt-master\references\image-type-templates\timeline.md","timeline.md",".md",2901,"2026-09-16 20:21","mag"
"E:\0github\git-sync\ppt-master\skills\ppt-master\references\image-type-templates\_index.md","_index.md",".md",6321,"2026-09-16 20:21","mag"
"E:\0github\git-sync\ppt-master\skills\ppt-master\scripts\analyze_images.py","analyze_images.py",".py",17424,"2026-09-16 20:21","mag"
"E:\0github\git-sync\ppt-master\skills\ppt-master\scripts\generate_examples_index.py","generate_examples_index.py",".py",9940,"2026-09-16 20:21","amp"
"E:\0github\git-sync\ppt-master\skills\ppt-master\scripts\image_gen.py","image_gen.py",".py",55634,"2026-09-16 20:21","mag"
"E:\0github\git-sync\ppt-master\skills\ppt-master\scripts\image_search.py","image_search.py",".py",106516,"2026-09-16 20:21","mag"
"E:\0github\git-sync\ppt-master\skills\ppt-master\scripts\image_treat.py","image_treat.py",".py",22692,"2026-09-16 20:21","mag"
"E:\0github\git-sync\ppt-master\skills\ppt-master\scripts\rotate_images.py","rotate_images.py",".py",30222,"2026-09-16 20:21","mag"
"E:\0github\git-sync\ppt-master\skills\ppt-master\scripts\slice_images.py","slice_images.py",".py",39991,"2026-09-16 20:21","mag"
"E:\0github\git-sync\ppt-master\skills\ppt-master\scripts\stamp_native_fallbacks.py","stamp_native_fallbacks.py",".py",12210,"2026-09-16 20:21","amp"
"E:\0github\git-sync\ppt-master\skills\ppt-master\scripts\docs\advanced-image-motion-smoke.md","advanced-image-motion-smoke.md",".md",13037,"2026-09-16 20:21","mag"
"E:\0github\git-sync\ppt-master\skills\ppt-master\scripts\docs\image.md","image.md",".md",27080,"2026-09-16 20:21","mag"
"E:\0github\git-sync\ppt-master\skills\ppt-master\scripts\image_backends\backend_bfl.py","backend_bfl.py",".py",7072,"2026-09-16 20:21","mag"
"E:\0github\git-sync\ppt-master\skills\ppt-master\scripts\image_backends\backend_common.py","backend_common.py",".py",16625,"2026-09-16 20:21","mag"
"E:\0github\git-sync\ppt-master\skills\ppt-master\scripts\image_backends\backend_fal.py","backend_fal.py",".py",5979,"2026-09-16 20:21","mag"
"E:\0github\git-sync\ppt-master\skills\ppt-master\scripts\image_backends\backend_gemini.py","backend_gemini.py",".py",13212,"2026-09-16 20:21","mag"
"E:\0github\git-sync\ppt-master\skills\ppt-master\scripts\image_backends\backend_ideogram.py","backend_ideogram.py",".py",6085,"2026-09-16 20:21","mag"
"E:\0github\git-sync\ppt-master\skills\ppt-master\scripts\image_backends\backend_minimax.py","backend_minimax.py",".py",8852,"2026-09-16 20:21","mag"
"E:\0github\git-sync\ppt-master\skills\ppt-master\scripts\image_backends\backend_modelscope.py","backend_modelscope.py",".py",6603,"2026-09-16 20:21","mag"
"E:\0github\git-sync\ppt-master\skills\ppt-master\scripts\image_backends\backend_openai.py","backend_openai.py",".py",28916,"2026-09-16 20:21","mag"
"E:\0github\git-sync\ppt-master\skills\ppt-master\scripts\image_backends\backend_openrouter.py","backend_openrouter.py",".py",8423,"2026-09-16 20:21","mag"
"E:\0github\git-sync\ppt-master\skills\ppt-master\scripts\image_backends\backend_qwen.py","backend_qwen.py",".py",7558,"2026-09-16 20:21","mag"
"E:\0github\git-sync\ppt-master\skills\ppt-master\scripts\image_backends\backend_replicate.py","backend_replicate.py",".py",7326,"2026-09-16 20:21","mag"
"E:\0github\git-sync\ppt-master\skills\ppt-master\scripts\image_backends\backend_siliconflow.py","backend_siliconflow.py",".py",6256,"2026-09-16 20:21","mag"
"E:\0github\git-sync\ppt-master\skills\ppt-master\scripts\image_backends\backend_stability.py","backend_stability.py",".py",6010,"2026-09-16 20:21","mag"
"E:\0github\git-sync\ppt-master\skills\ppt-master\scripts\image_backends\backend_tencent.py","backend_tencent.py",".py",9766,"2026-09-16 20:21","mag"
"E:\0github\git-sync\ppt-master\skills\ppt-master\scripts\image_backends\backend_volcengine.py","backend_volcengine.py",".py",6930,"2026-09-16 20:21","mag"
"E:\0github\git-sync\ppt-master\skills\ppt-master\scripts\image_backends\backend_zhipu.py","backend_zhipu.py",".py",6656,"2026-09-16 20:21","mag"
"E:\0github\git-sync\ppt-master\skills\ppt-master\scripts\image_backends\__init__.py","__init__.py",".py",58,"2026-09-16 20:21","mag"
"E:\0github\git-sync\ppt-master\skills\ppt-master\scripts\image_sources\provider_common.py","provider_common.py",".py",21856,"2026-09-16 20:21","mag"
"E:\0github\git-sync\ppt-master\skills\ppt-master\scripts\image_sources\provider_openverse.py","provider_openverse.py",".py",5077,"2026-09-16 20:21","mag"
"E:\0github\git-sync\ppt-master\skills\ppt-master\scripts\image_sources\provider_pexels.py","provider_pexels.py",".py",4366,"2026-09-16 20:21","mag"
"E:\0github\git-sync\ppt-master\skills\ppt-master\scripts\image_sources\provider_pixabay.py","provider_pixabay.py",".py",4541,"2026-09-16 20:21","mag"
"E:\0github\git-sync\ppt-master\skills\ppt-master\scripts\image_sources\provider_wikimedia.py","provider_wikimedia.py",".py",7009,"2026-09-16 20:21","mag"
"E:\0github\git-sync\ppt-master\skills\ppt-master\scripts\image_sources\__init__.py","__init__.py",".py",332,"2026-09-16 20:21","mag"
"E:\0github\git-sync\ppt-master\skills\ppt-master\scripts\svg_finalize\align_embed_images.py","align_embed_images.py",".py",24877,"2026-09-16 20:21","mag"
"E:\0github\git-sync\ppt-master\skills\ppt-master\scripts\svg_finalize\crop_images.py","crop_images.py",".py",12678,"2026-09-16 20:21","mag"
"E:\0github\git-sync\ppt-master\skills\ppt-master\scripts\svg_finalize\embed_images.py","embed_images.py",".py",11346,"2026-09-16 20:21","mag"
"E:\0github\git-sync\ppt-master\skills\ppt-master\scripts\svg_finalize\fix_image_aspect.py","fix_image_aspect.py",".py",14297,"2026-09-16 20:21","mag"
"E:\0github\git-sync\ppt-master\skills\ppt-master\scripts\tests\test_audit_r3_native_images.py","test_audit_r3_native_images.py",".py",27616,"2026-09-16 20:21","mag"
"E:\0github\git-sync\ppt-master\skills\ppt-master\scripts\tests\test_image_backend_tencent.py","test_image_backend_tencent.py",".py",15829,"2026-09-16 20:21","mag"
"E:\0github\git-sync\ppt-master\skills\ppt-master\scripts\tests\test_image_search.py","test_image_search.py",".py",8182,"2026-09-16 20:21","mag"
"E:\0github\git-sync\ppt-master\skills\ppt-master\scripts\tests\test_rotate_images.py","test_rotate_images.py",".py",5386,"2026-09-16 20:21","mag"
"E:\0github\git-sync\ppt-master\skills\ppt-master\scripts\tests\test_slice_images.py","test_slice_images.py",".py",16827,"2026-09-16 20:21","mag"
"E:\0github\git-sync\ppt-master\skills\ppt-master\workflows\profiles\image-to-pptx.md","image-to-pptx.md",".md",15184,"2026-09-16 20:21","mag"
"E:\0github\git-sync\ppt-master\skills\ppt-master\workflows\stages\web-image-review.md","web-image-review.md",".md",3564,"2026-09-16 20:21","mag"
"E:\0github\git-sync\zhongqi-01a0a95e\results\status\success_criteria.example.json","success_criteria.example.json",".json",295,"2026-09-16 17:33","amp"
"E:\0github\git-sync\zhongqi-01a0a95e\skills\git-sync\templates\success_criteria.example.json","success_criteria.example.json",".json",295,"2026-09-16 17:33","amp"
"E:\0github\git-sync\zhongqi-01a0a984\skills\git-sync\templates\success_criteria.example.json","success_criteria.example.json",".json",295,"2026-09-16 18:16","amp"
"E:\0github\Light-skills\.agents\skills\git-sync\templates\success_criteria.example.json","success_criteria.example.json",".json",295,"2026-09-18 20:46","amp"
"E:\0github\Light-skills\.agents\skills\light-citation\templates\citation-four-gate.example.json","citation-four-gate.example.json",".json",939,"2026-09-18 20:46","amp"
"E:\0github\Light-skills\.agents\skills\light-consistency\assets\consistency-registry.example.json","consistency-registry.example.json",".json",5045,"2026-09-18 20:46","amp"
"E:\0github\Light-skills\.agents\skills\light-consistency\assets\method_lock.yaml","method_lock.yaml",".yaml",2456,"2026-09-18 20:46","method"
"E:\0github\Light-skills\.agents\skills\light-consistency\examples\fact-bindings.example.json","fact-bindings.example.json",".json",766,"2026-09-18 20:46","amp"
"E:\0github\Light-skills\.agents\skills\light-consistency\examples\materials_paper.txt","materials_paper.txt",".txt",299,"2026-09-18 20:46","amp"
"E:\0github\Light-skills\.agents\skills\light-consistency\examples\materials_ppt.txt","materials_ppt.txt",".txt",297,"2026-09-18 20:46","amp"
"E:\0github\Light-skills\.agents\skills\light-data-engineering\examples\derive_spec.example.json","derive_spec.example.json",".json",927,"2026-09-18 20:46","amp"
"E:\0github\Light-skills\.agents\skills\light-data-engineering\examples\rules.example.yaml","rules.example.yaml",".yaml",1008,"2026-09-18 20:46","amp"
"E:\0github\Light-skills\.agents\skills\light-data-engineering\examples\worked_example.md","worked_example.md",".md",7729,"2026-09-18 20:46","amp"
"E:\0github\Light-skills\.agents\skills\light-data-engineering\scripts\sample_size_check.py","sample_size_check.py",".py",9461,"2026-09-18 20:46","amp"
"E:\0github\Light-skills\.agents\skills\light-data-engineering\templates\data-identity-fitness.example.json","data-identity-fitness.example.json",".json",2008,"2026-09-18 20:46","amp"
"E:\0github\Light-skills\.agents\skills\light-experiment-coding\assets\project-scaffold\configs\experiment.example.json","experiment.example.json",".json",797,"2026-09-18 20:46","amp"
"E:\0github\Light-skills\.agents\skills\light-experiment-coding\assets\project-scaffold\src\example\experiment_contracts.py","experiment_contracts.py",".py",2801,"2026-09-18 20:46","amp"
"E:\0github\Light-skills\.agents\skills\light-experiment-coding\assets\project-scaffold\src\example\reproducibility.py","reproducibility.py",".py",6263,"2026-09-18 20:46","amp"
"E:\0github\Light-skills\.agents\skills\light-experiment-coding\assets\project-scaffold\src\example\stats.py","stats.py",".py",669,"2026-09-18 20:46","amp"
"E:\0github\Light-skills\.agents\skills\light-experiment-coding\assets\project-scaffold\src\example\__init__.py","__init__.py",".py",88,"2026-09-18 20:46","amp"
"E:\0github\Light-skills\.agents\skills\light-experiment-coding\examples\repro_spec.example.json","repro_spec.example.json",".json",1859,"2026-09-18 20:46","amp"
"E:\0github\Light-skills\.agents\skills\light-experiment-coding\references\code_examples.md","code_examples.md",".md",3208,"2026-09-18 20:46","amp"
"E:\0github\Light-skills\.agents\skills\light-experiment-coding\templates\experiment-execution-contract.example.json","experiment-execution-contract.example.json",".json",2386,"2026-09-18 20:46","amp"
"E:\0github\Light-skills\.agents\skills\light-figure\examples\bad_figure_example.py","bad_figure_example.py",".py",1762,"2026-09-18 20:46","amp"
"E:\0github\Light-skills\.agents\skills\light-figure\examples\example_framework_render.py","example_framework_render.py",".py",3758,"2026-09-18 20:46","amp"
"E:\0github\Light-skills\.agents\skills\light-figure\examples\example_matplotlib_multipanel.py","example_matplotlib_multipanel.py",".py",4888,"2026-09-18 20:46","amp"
"E:\0github\Light-skills\.agents\skills\light-figure\examples\example_seaborn_stats.py","example_seaborn_stats.py",".py",3625,"2026-09-18 20:46","amp"
"E:\0github\Light-skills\.agents\skills\light-figure\examples\worked_example.md","worked_example.md",".md",7104,"2026-09-18 20:46","amp"
"E:\0github\Light-skills\.agents\skills\light-figure\templates\figure-delivery.example.json","figure-delivery.example.json",".json",3121,"2026-09-18 20:46","amp"
"E:\0github\Light-skills\.agents\skills\light-file-reading\assets\extraction-benchmark.example.json","extraction-benchmark.example.json",".json",824,"2026-09-18 20:46","amp"
"E:\0github\Light-skills\.agents\skills\light-file-reading\assets\reading-contract.example.json","reading-contract.example.json",".json",5397,"2026-09-18 20:46","amp"
"E:\0github\Light-skills\.agents\skills\light-frontend-design\templates\frontend-delivery.example.json","frontend-delivery.example.json",".json",1447,"2026-09-18 20:46","amp"
"E:\0github\Light-skills\.agents\skills\light-idea-critique\examples\worked_example_dermoscopy.md","worked_example_dermoscopy.md",".md",6846,"2026-09-18 20:46","amp"
"E:\0github\Light-skills\.agents\skills\light-idea-critique\templates\novelty-evidence.example.json","novelty-evidence.example.json",".json",1114,"2026-09-18 20:46","amp"
"E:\0github\Light-skills\.agents\skills\light-idea-generation\examples\candidates.example.json","candidates.example.json",".json",1602,"2026-09-18 20:46","amp"
"E:\0github\Light-skills\.agents\skills\light-idea-generation\examples\idea_candidates.example.md","idea_candidates.example.md",".md",8655,"2026-09-18 20:46","amp"
"E:\0github\Light-skills\.agents\skills\light-idea-generation\templates\idea-gap-evidence.example.json","idea-gap-evidence.example.json",".json",647,"2026-09-18 20:46","amp"
"E:\0github\Light-skills\.agents\skills\light-idea-generation\templates\idea-genealogy.example.json","idea-genealogy.example.json",".json",2333,"2026-09-18 20:46","amp"
"E:\0github\Light-skills\.agents\skills\light-idea-generation\templates\innovation-engine.example.json","innovation-engine.example.json",".json",2223,"2026-09-18 20:46","amp"
"E:\0github\Light-skills\.agents\skills\light-literature-search\assets\method_card.md","method_card.md",".md",1599,"2026-09-18 20:46","method"
"E:\0github\Light-skills\.agents\skills\light-literature-search\examples\goat_littable.md","goat_littable.md",".md",2990,"2026-09-18 20:46","amp"
"E:\0github\Light-skills\.agents\skills\light-literature-search\examples\goat_search.json","goat_search.json",".json",21654,"2026-09-18 20:46","amp"
"E:\0github\Light-skills\.agents\skills\light-literature-search\examples\worked_example_dairy_goat.md","worked_example_dairy_goat.md",".md",3362,"2026-09-18 20:46","amp"
"E:\0github\Light-skills\.agents\skills\light-literature-search\templates\search-protocol.example.json","search-protocol.example.json",".json",2949,"2026-09-18 20:46","amp"
"E:\0github\Light-skills\.agents\skills\light-memory-pm\assets\memory-governance.example.json","memory-governance.example.json",".json",3407,"2026-09-18 20:46","amp"
"E:\0github\Light-skills\.agents\skills\light-orchestrator\templates\task-profile.example.json","task-profile.example.json",".json",443,"2026-09-18 20:46","amp"
"E:\0github\Light-skills\.agents\skills\light-orchestrator\templates\workflow-ledger.example.json","workflow-ledger.example.json",".json",2156,"2026-09-18 20:46","amp"
"E:\0github\Light-skills\.agents\skills\light-paper-writing\examples\claim_evidence_walkthrough.md","claim_evidence_walkthrough.md",".md",3473,"2026-09-18 20:46","amp"
"E:\0github\Light-skills\.agents\skills\light-paper-writing\templates\argument-outline.example.json","argument-outline.example.json",".json",1344,"2026-09-18 20:46","amp"
"E:\0github\Light-skills\.agents\skills\light-patent-disclosure\templates\patent-disclosure-packet.example.json","patent-disclosure-packet.example.json",".json",4300,"2026-09-18 20:46","amp"
"E:\0github\Light-skills\.agents\skills\light-project-structure\templates\project-structure-governance.example.json","project-structure-governance.example.json",".json",2509,"2026-09-18 20:46","amp"
"E:\0github\Light-skills\.agents\skills\light-research-ethics\assets\authority-packet.example.json","authority-packet.example.json",".json",1165,"2026-09-18 20:46","amp"
"E:\0github\Light-skills\.agents\skills\light-research-ethics\assets\consent-scope-packet.example.json","consent-scope-packet.example.json",".json",1799,"2026-09-18 20:46","amp"
"E:\0github\Light-skills\.agents\skills\light-research-ethics\assets\ethics-evidence-packet.example.json","ethics-evidence-packet.example.json",".json",3714,"2026-09-18 20:46","amp"
"E:\0github\Light-skills\.agents\skills\light-research-plan\examples\plan_spec.example.json","plan_spec.example.json",".json",2739,"2026-09-18 20:46","amp"
"E:\0github\Light-skills\.agents\skills\light-research-plan\templates\failure-tree.example.json","failure-tree.example.json",".json",2014,"2026-09-18 20:46","amp"
"E:\0github\Light-skills\.agents\skills\light-research-plan\templates\plan_package.manifest.example.json","plan_package.manifest.example.json",".json",1095,"2026-09-18 20:46","amp"
"E:\0github\Light-skills\.agents\skills\light-research-plan\templates\target-chain.example.json","target-chain.example.json",".json",1048,"2026-09-18 20:46","amp"
"E:\0github\Light-skills\.agents\skills\light-result-analysis\examples\analysis_audit.example.json","analysis_audit.example.json",".json",1146,"2026-09-18 20:46","amp"
"E:\0github\Light-skills\.agents\skills\light-result-analysis\examples\method_compatibility.example.json","method_compatibility.example.json",".json",547,"2026-09-18 20:46","amp|method"
"E:\0github\Light-skills\.agents\skills\light-result-analysis\examples\stat_spec.example.json","stat_spec.example.json",".json",2015,"2026-09-18 20:46","amp"
"E:\0github\Light-skills\.agents\skills\light-result-analysis\examples\worked_example.py","worked_example.py",".py",7032,"2026-09-18 20:46","amp"
"E:\0github\Light-skills\.agents\skills\light-result-analysis\scripts\method_compatibility.py","method_compatibility.py",".py",8677,"2026-09-18 20:46","method"
"E:\0github\Light-skills\.agents\skills\light-result-analysis\templates\result-card.example.json","result-card.example.json",".json",2066,"2026-09-18 20:46","amp"
"E:\0github\Light-skills\.agents\skills\light-review-rebuttal\templates\experiment_request.example.json","experiment_request.example.json",".json",604,"2026-09-18 20:46","amp"
"E:\0github\Light-skills\.agents\skills\light-review-rebuttal\templates\review-response-contract.example.json","review-response-contract.example.json",".json",5901,"2026-09-18 20:46","amp"
"E:\0github\Light-skills\.agents\skills\light-software-copyright\templates\software-copyright-materials.example.json","software-copyright-materials.example.json",".json",3859,"2026-09-18 20:46","amp"
"E:\0github\Light-skills\.agents\skills\light-system-design\templates\design-readiness.example.json","design-readiness.example.json",".json",3363,"2026-09-18 20:46","amp"
"E:\0github\Light-skills\.agents\skills\light-typesetting\templates\submission-readiness.example.json","submission-readiness.example.json",".json",2003,"2026-09-18 20:46","amp"
"E:\0github\Light-skills\.agents\skills\light-venue-matching\templates\query-privacy.example.json","query-privacy.example.json",".json",633,"2026-09-18 20:46","amp"
"E:\0github\Light-skills\.agents\skills\light-venue-matching\templates\venue-evidence.example.json","venue-evidence.example.json",".json",1590,"2026-09-18 20:46","amp"
"E:\0github\Light-skills\.claude\skills\git-sync\templates\success_criteria.example.json","success_criteria.example.json",".json",295,"2026-09-18 20:46","amp"
"E:\0github\Light-skills\.claude\skills\light-citation\templates\citation-four-gate.example.json","citation-four-gate.example.json",".json",939,"2026-09-18 20:46","amp"
"E:\0github\Light-skills\.claude\skills\light-consistency\assets\consistency-registry.example.json","consistency-registry.example.json",".json",5045,"2026-09-18 20:46","amp"
"E:\0github\Light-skills\.claude\skills\light-consistency\assets\method_lock.yaml","method_lock.yaml",".yaml",2456,"2026-09-18 20:46","method"
"E:\0github\Light-skills\.claude\skills\light-consistency\examples\fact-bindings.example.json","fact-bindings.example.json",".json",766,"2026-09-18 20:46","amp"
"E:\0github\Light-skills\.claude\skills\light-consistency\examples\materials_paper.txt","materials_paper.txt",".txt",299,"2026-09-18 20:46","amp"
"E:\0github\Light-skills\.claude\skills\light-consistency\examples\materials_ppt.txt","materials_ppt.txt",".txt",297,"2026-09-18 20:46","amp"
"E:\0github\Light-skills\.claude\skills\light-data-engineering\examples\derive_spec.example.json","derive_spec.example.json",".json",927,"2026-09-18 20:46","amp"
"E:\0github\Light-skills\.claude\skills\light-data-engineering\examples\rules.example.yaml","rules.example.yaml",".yaml",1008,"2026-09-18 20:46","amp"
"E:\0github\Light-skills\.claude\skills\light-data-engineering\examples\worked_example.md","worked_example.md",".md",7729,"2026-09-18 20:46","amp"
"E:\0github\Light-skills\.claude\skills\light-data-engineering\scripts\sample_size_check.py","sample_size_check.py",".py",9461,"2026-09-18 20:46","amp"
"E:\0github\Light-skills\.claude\skills\light-data-engineering\templates\data-identity-fitness.example.json","data-identity-fitness.example.json",".json",2008,"2026-09-18 20:46","amp"
"E:\0github\Light-skills\.claude\skills\light-experiment-coding\assets\project-scaffold\configs\experiment.example.json","experiment.example.json",".json",797,"2026-09-18 20:46","amp"
"E:\0github\Light-skills\.claude\skills\light-experiment-coding\assets\project-scaffold\src\example\experiment_contracts.py","experiment_contracts.py",".py",2801,"2026-09-18 20:46","amp"
"E:\0github\Light-skills\.claude\skills\light-experiment-coding\assets\project-scaffold\src\example\reproducibility.py","reproducibility.py",".py",6263,"2026-09-18 20:46","amp"
"E:\0github\Light-skills\.claude\skills\light-experiment-coding\assets\project-scaffold\src\example\stats.py","stats.py",".py",669,"2026-09-18 20:46","amp"
"E:\0github\Light-skills\.claude\skills\light-experiment-coding\assets\project-scaffold\src\example\__init__.py","__init__.py",".py",88,"2026-09-18 20:46","amp"
"E:\0github\Light-skills\.claude\skills\light-experiment-coding\examples\repro_spec.example.json","repro_spec.example.json",".json",1859,"2026-09-18 20:46","amp"
"E:\0github\Light-skills\.claude\skills\light-experiment-coding\references\code_examples.md","code_examples.md",".md",3208,"2026-09-18 20:46","amp"
"E:\0github\Light-skills\.claude\skills\light-experiment-coding\templates\experiment-execution-contract.example.json","experiment-execution-contract.example.json",".json",2386,"2026-09-18 20:46","amp"
"E:\0github\Light-skills\.claude\skills\light-figure\examples\bad_figure_example.py","bad_figure_example.py",".py",1762,"2026-09-18 20:46","amp"
"E:\0github\Light-skills\.claude\skills\light-figure\examples\example_framework_render.py","example_framework_render.py",".py",3758,"2026-09-18 20:46","amp"
"E:\0github\Light-skills\.claude\skills\light-figure\examples\example_matplotlib_multipanel.py","example_matplotlib_multipanel.py",".py",4888,"2026-09-18 20:46","amp"
"E:\0github\Light-skills\.claude\skills\light-figure\examples\example_seaborn_stats.py","example_seaborn_stats.py",".py",3625,"2026-09-18 20:46","amp"
"E:\0github\Light-skills\.claude\skills\light-figure\examples\worked_example.md","worked_example.md",".md",7104,"2026-09-18 20:46","amp"
"E:\0github\Light-skills\.claude\skills\light-figure\templates\figure-delivery.example.json","figure-delivery.example.json",".json",3121,"2026-09-18 20:46","amp"
"E:\0github\Light-skills\.claude\skills\light-file-reading\assets\extraction-benchmark.example.json","extraction-benchmark.example.json",".json",824,"2026-09-18 20:46","amp"
"E:\0github\Light-skills\.claude\skills\light-file-reading\assets\reading-contract.example.json","reading-contract.example.json",".json",5397,"2026-09-18 20:46","amp"
"E:\0github\Light-skills\.claude\skills\light-frontend-design\templates\frontend-delivery.example.json","frontend-delivery.example.json",".json",1447,"2026-09-18 20:46","amp"
"E:\0github\Light-skills\.claude\skills\light-idea-critique\examples\worked_example_dermoscopy.md","worked_example_dermoscopy.md",".md",6846,"2026-09-18 20:46","amp"
"E:\0github\Light-skills\.claude\skills\light-idea-critique\templates\novelty-evidence.example.json","novelty-evidence.example.json",".json",1114,"2026-09-18 20:46","amp"
"E:\0github\Light-skills\.claude\skills\light-idea-generation\examples\candidates.example.json","candidates.example.json",".json",1602,"2026-09-18 20:46","amp"
"E:\0github\Light-skills\.claude\skills\light-idea-generation\examples\idea_candidates.example.md","idea_candidates.example.md",".md",8655,"2026-09-18 20:46","amp"
"E:\0github\Light-skills\.claude\skills\light-idea-generation\templates\idea-gap-evidence.example.json","idea-gap-evidence.example.json",".json",647,"2026-09-18 20:46","amp"
"E:\0github\Light-skills\.claude\skills\light-idea-generation\templates\idea-genealogy.example.json","idea-genealogy.example.json",".json",2333,"2026-09-18 20:46","amp"
"E:\0github\Light-skills\.claude\skills\light-idea-generation\templates\innovation-engine.example.json","innovation-engine.example.json",".json",2223,"2026-09-18 20:46","amp"
"E:\0github\Light-skills\.claude\skills\light-literature-search\assets\method_card.md","method_card.md",".md",1599,"2026-09-18 20:46","method"
"E:\0github\Light-skills\.claude\skills\light-literature-search\examples\goat_littable.md","goat_littable.md",".md",2990,"2026-09-18 20:46","amp"
"E:\0github\Light-skills\.claude\skills\light-literature-search\examples\goat_search.json","goat_search.json",".json",21654,"2026-09-18 20:46","amp"
"E:\0github\Light-skills\.claude\skills\light-literature-search\examples\worked_example_dairy_goat.md","worked_example_dairy_goat.md",".md",3362,"2026-09-18 20:46","amp"
"E:\0github\Light-skills\.claude\skills\light-literature-search\templates\search-protocol.example.json","search-protocol.example.json",".json",2949,"2026-09-18 20:46","amp"
"E:\0github\Light-skills\.claude\skills\light-memory-pm\assets\memory-governance.example.json","memory-governance.example.json",".json",3407,"2026-09-18 20:46","amp"
"E:\0github\Light-skills\.claude\skills\light-orchestrator\templates\task-profile.example.json","task-profile.example.json",".json",443,"2026-09-18 20:46","amp"
"E:\0github\Light-skills\.claude\skills\light-orchestrator\templates\workflow-ledger.example.json","workflow-ledger.example.json",".json",2156,"2026-09-18 20:46","amp"
"E:\0github\Light-skills\.claude\skills\light-paper-writing\examples\claim_evidence_walkthrough.md","claim_evidence_walkthrough.md",".md",3473,"2026-09-18 20:46","amp"
"E:\0github\Light-skills\.claude\skills\light-paper-writing\templates\argument-outline.example.json","argument-outline.example.json",".json",1344,"2026-09-18 20:46","amp"
"E:\0github\Light-skills\.claude\skills\light-patent-disclosure\templates\patent-disclosure-packet.example.json","patent-disclosure-packet.example.json",".json",4300,"2026-09-18 20:46","amp"
"E:\0github\Light-skills\.claude\skills\light-project-structure\templates\project-structure-governance.example.json","project-structure-governance.example.json",".json",2509,"2026-09-18 20:46","amp"
"E:\0github\Light-skills\.claude\skills\light-research-ethics\assets\authority-packet.example.json","authority-packet.example.json",".json",1165,"2026-09-18 20:46","amp"
"E:\0github\Light-skills\.claude\skills\light-research-ethics\assets\consent-scope-packet.example.json","consent-scope-packet.example.json",".json",1799,"2026-09-18 20:46","amp"
"E:\0github\Light-skills\.claude\skills\light-research-ethics\assets\ethics-evidence-packet.example.json","ethics-evidence-packet.example.json",".json",3714,"2026-09-18 20:46","amp"
"E:\0github\Light-skills\.claude\skills\light-research-plan\examples\plan_spec.example.json","plan_spec.example.json",".json",2739,"2026-09-18 20:46","amp"
"E:\0github\Light-skills\.claude\skills\light-research-plan\templates\failure-tree.example.json","failure-tree.example.json",".json",2014,"2026-09-18 20:46","amp"
"E:\0github\Light-skills\.claude\skills\light-research-plan\templates\plan_package.manifest.example.json","plan_package.manifest.example.json",".json",1095,"2026-09-18 20:46","amp"
"E:\0github\Light-skills\.claude\skills\light-research-plan\templates\target-chain.example.json","target-chain.example.json",".json",1048,"2026-09-18 20:46","amp"
"E:\0github\Light-skills\.claude\skills\light-result-analysis\examples\analysis_audit.example.json","analysis_audit.example.json",".json",1146,"2026-09-18 20:46","amp"
"E:\0github\Light-skills\.claude\skills\light-result-analysis\examples\method_compatibility.example.json","method_compatibility.example.json",".json",547,"2026-09-18 20:46","amp|method"
"E:\0github\Light-skills\.claude\skills\light-result-analysis\examples\stat_spec.example.json","stat_spec.example.json",".json",2015,"2026-09-18 20:46","amp"
"E:\0github\Light-skills\.claude\skills\light-result-analysis\examples\worked_example.py","worked_example.py",".py",7032,"2026-09-18 20:46","amp"
"E:\0github\Light-skills\.claude\skills\light-result-analysis\scripts\method_compatibility.py","method_compatibility.py",".py",8677,"2026-09-18 20:46","method"
"E:\0github\Light-skills\.claude\skills\light-result-analysis\templates\result-card.example.json","result-card.example.json",".json",2066,"2026-09-18 20:46","amp"
"E:\0github\Light-skills\.claude\skills\light-review-rebuttal\templates\experiment_request.example.json","experiment_request.example.json",".json",604,"2026-09-18 20:46","amp"
"E:\0github\Light-skills\.claude\skills\light-review-rebuttal\templates\review-response-contract.example.json","review-response-contract.example.json",".json",5901,"2026-09-18 20:46","amp"
"E:\0github\Light-skills\.claude\skills\light-software-copyright\templates\software-copyright-materials.example.json","software-copyright-materials.example.json",".json",3859,"2026-09-18 20:46","amp"
"E:\0github\Light-skills\.claude\skills\light-system-design\templates\design-readiness.example.json","design-readiness.example.json",".json",3363,"2026-09-18 20:46","amp"
"E:\0github\Light-skills\.claude\skills\light-typesetting\templates\submission-readiness.example.json","submission-readiness.example.json",".json",2003,"2026-09-18 20:46","amp"
"E:\0github\Light-skills\.claude\skills\light-venue-matching\templates\query-privacy.example.json","query-privacy.example.json",".json",633,"2026-09-18 20:46","amp"
"E:\0github\Light-skills\.claude\skills\light-venue-matching\templates\venue-evidence.example.json","venue-evidence.example.json",".json",1590,"2026-09-18 20:46","amp"
"E:\0github\Light-skills\.opencode\skills\git-sync\templates\success_criteria.example.json","success_criteria.example.json",".json",295,"2026-09-18 20:46","amp"
"E:\0github\Light-skills\.opencode\skills\light-citation\templates\citation-four-gate.example.json","citation-four-gate.example.json",".json",939,"2026-09-18 20:46","amp"
"E:\0github\Light-skills\.opencode\skills\light-consistency\assets\consistency-registry.example.json","consistency-registry.example.json",".json",5045,"2026-09-18 20:46","amp"
"E:\0github\Light-skills\.opencode\skills\light-consistency\assets\method_lock.yaml","method_lock.yaml",".yaml",2456,"2026-09-18 20:46","method"
"E:\0github\Light-skills\.opencode\skills\light-consistency\examples\fact-bindings.example.json","fact-bindings.example.json",".json",766,"2026-09-18 20:46","amp"
"E:\0github\Light-skills\.opencode\skills\light-consistency\examples\materials_paper.txt","materials_paper.txt",".txt",299,"2026-09-18 20:46","amp"
"E:\0github\Light-skills\.opencode\skills\light-consistency\examples\materials_ppt.txt","materials_ppt.txt",".txt",297,"2026-09-18 20:46","amp"
"E:\0github\Light-skills\.opencode\skills\light-data-engineering\examples\derive_spec.example.json","derive_spec.example.json",".json",927,"2026-09-18 20:46","amp"
"E:\0github\Light-skills\.opencode\skills\light-data-engineering\examples\rules.example.yaml","rules.example.yaml",".yaml",1008,"2026-09-18 20:46","amp"
"E:\0github\Light-skills\.opencode\skills\light-data-engineering\examples\worked_example.md","worked_example.md",".md",7729,"2026-09-18 20:46","amp"
"E:\0github\Light-skills\.opencode\skills\light-data-engineering\scripts\sample_size_check.py","sample_size_check.py",".py",9461,"2026-09-18 20:46","amp"
"E:\0github\Light-skills\.opencode\skills\light-data-engineering\templates\data-identity-fitness.example.json","data-identity-fitness.example.json",".json",2008,"2026-09-18 20:46","amp"
"E:\0github\Light-skills\.opencode\skills\light-experiment-coding\assets\project-scaffold\configs\experiment.example.json","experiment.example.json",".json",797,"2026-09-18 20:46","amp"
"E:\0github\Light-skills\.opencode\skills\light-experiment-coding\assets\project-scaffold\src\example\experiment_contracts.py","experiment_contracts.py",".py",2801,"2026-09-18 20:46","amp"
"E:\0github\Light-skills\.opencode\skills\light-experiment-coding\assets\project-scaffold\src\example\reproducibility.py","reproducibility.py",".py",6263,"2026-09-18 20:46","amp"
"E:\0github\Light-skills\.opencode\skills\light-experiment-coding\assets\project-scaffold\src\example\stats.py","stats.py",".py",669,"2026-09-18 20:46","amp"
"E:\0github\Light-skills\.opencode\skills\light-experiment-coding\assets\project-scaffold\src\example\__init__.py","__init__.py",".py",88,"2026-09-18 20:46","amp"
"E:\0github\Light-skills\.opencode\skills\light-experiment-coding\examples\repro_spec.example.json","repro_spec.example.json",".json",1859,"2026-09-18 20:46","amp"
"E:\0github\Light-skills\.opencode\skills\light-experiment-coding\references\code_examples.md","code_examples.md",".md",3208,"2026-09-18 20:46","amp"
"E:\0github\Light-skills\.opencode\skills\light-experiment-coding\templates\experiment-execution-contract.example.json","experiment-execution-contract.example.json",".json",2386,"2026-09-18 20:46","amp"
"E:\0github\Light-skills\.opencode\skills\light-figure\examples\bad_figure_example.py","bad_figure_example.py",".py",1762,"2026-09-18 20:46","amp"
"E:\0github\Light-skills\.opencode\skills\light-figure\examples\example_framework_render.py","example_framework_render.py",".py",3758,"2026-09-18 20:46","amp"
"E:\0github\Light-skills\.opencode\skills\light-figure\examples\example_matplotlib_multipanel.py","example_matplotlib_multipanel.py",".py",4888,"2026-09-18 20:46","amp"
"E:\0github\Light-skills\.opencode\skills\light-figure\examples\example_seaborn_stats.py","example_seaborn_stats.py",".py",3625,"2026-09-18 20:46","amp"
"E:\0github\Light-skills\.opencode\skills\light-figure\examples\worked_example.md","worked_example.md",".md",7104,"2026-09-18 20:46","amp"
"E:\0github\Light-skills\.opencode\skills\light-figure\templates\figure-delivery.example.json","figure-delivery.example.json",".json",3121,"2026-09-18 20:46","amp"
"E:\0github\Light-skills\.opencode\skills\light-file-reading\assets\extraction-benchmark.example.json","extraction-benchmark.example.json",".json",824,"2026-09-18 20:46","amp"
"E:\0github\Light-skills\.opencode\skills\light-file-reading\assets\reading-contract.example.json","reading-contract.example.json",".json",5397,"2026-09-18 20:46","amp"
"E:\0github\Light-skills\.opencode\skills\light-frontend-design\templates\frontend-delivery.example.json","frontend-delivery.example.json",".json",1447,"2026-09-18 20:46","amp"
"E:\0github\Light-skills\.opencode\skills\light-idea-critique\examples\worked_example_dermoscopy.md","worked_example_dermoscopy.md",".md",6846,"2026-09-18 20:46","amp"
"E:\0github\Light-skills\.opencode\skills\light-idea-critique\templates\novelty-evidence.example.json","novelty-evidence.example.json",".json",1114,"2026-09-18 20:46","amp"
"E:\0github\Light-skills\.opencode\skills\light-idea-generation\examples\candidates.example.json","candidates.example.json",".json",1602,"2026-09-18 20:46","amp"
"E:\0github\Light-skills\.opencode\skills\light-idea-generation\examples\idea_candidates.example.md","idea_candidates.example.md",".md",8655,"2026-09-18 20:46","amp"
"E:\0github\Light-skills\.opencode\skills\light-idea-generation\templates\idea-gap-evidence.example.json","idea-gap-evidence.example.json",".json",647,"2026-09-18 20:46","amp"
"E:\0github\Light-skills\.opencode\skills\light-idea-generation\templates\idea-genealogy.example.json","idea-genealogy.example.json",".json",2333,"2026-09-18 20:46","amp"
"E:\0github\Light-skills\.opencode\skills\light-idea-generation\templates\innovation-engine.example.json","innovation-engine.example.json",".json",2223,"2026-09-18 20:46","amp"
"E:\0github\Light-skills\.opencode\skills\light-literature-search\assets\method_card.md","method_card.md",".md",1599,"2026-09-18 20:46","method"
"E:\0github\Light-skills\.opencode\skills\light-literature-search\examples\goat_littable.md","goat_littable.md",".md",2990,"2026-09-18 20:46","amp"
"E:\0github\Light-skills\.opencode\skills\light-literature-search\examples\goat_search.json","goat_search.json",".json",21654,"2026-09-18 20:46","amp"
"E:\0github\Light-skills\.opencode\skills\light-literature-search\examples\worked_example_dairy_goat.md","worked_example_dairy_goat.md",".md",3362,"2026-09-18 20:46","amp"
"E:\0github\Light-skills\.opencode\skills\light-literature-search\templates\search-protocol.example.json","search-protocol.example.json",".json",2949,"2026-09-18 20:46","amp"
"E:\0github\Light-skills\.opencode\skills\light-memory-pm\assets\memory-governance.example.json","memory-governance.example.json",".json",3407,"2026-09-18 20:46","amp"
"E:\0github\Light-skills\.opencode\skills\light-orchestrator\templates\task-profile.example.json","task-profile.example.json",".json",443,"2026-09-18 20:46","amp"
"E:\0github\Light-skills\.opencode\skills\light-orchestrator\templates\workflow-ledger.example.json","workflow-ledger.example.json",".json",2156,"2026-09-18 20:46","amp"
"E:\0github\Light-skills\.opencode\skills\light-paper-writing\examples\claim_evidence_walkthrough.md","claim_evidence_walkthrough.md",".md",3473,"2026-09-18 20:46","amp"
"E:\0github\Light-skills\.opencode\skills\light-paper-writing\templates\argument-outline.example.json","argument-outline.example.json",".json",1344,"2026-09-18 20:46","amp"
"E:\0github\Light-skills\.opencode\skills\light-patent-disclosure\templates\patent-disclosure-packet.example.json","patent-disclosure-packet.example.json",".json",4300,"2026-09-18 20:46","amp"
"E:\0github\Light-skills\.opencode\skills\light-project-structure\templates\project-structure-governance.example.json","project-structure-governance.example.json",".json",2509,"2026-09-18 20:46","amp"
"E:\0github\Light-skills\.opencode\skills\light-research-ethics\assets\authority-packet.example.json","authority-packet.example.json",".json",1165,"2026-09-18 20:46","amp"
"E:\0github\Light-skills\.opencode\skills\light-research-ethics\assets\consent-scope-packet.example.json","consent-scope-packet.example.json",".json",1799,"2026-09-18 20:46","amp"
"E:\0github\Light-skills\.opencode\skills\light-research-ethics\assets\ethics-evidence-packet.example.json","ethics-evidence-packet.example.json",".json",3714,"2026-09-18 20:46","amp"
"E:\0github\Light-skills\.opencode\skills\light-research-plan\examples\plan_spec.example.json","plan_spec.example.json",".json",2739,"2026-09-18 20:46","amp"
"E:\0github\Light-skills\.opencode\skills\light-research-plan\templates\failure-tree.example.json","failure-tree.example.json",".json",2014,"2026-09-18 20:46","amp"
"E:\0github\Light-skills\.opencode\skills\light-research-plan\templates\plan_package.manifest.example.json","plan_package.manifest.example.json",".json",1095,"2026-09-18 20:46","amp"
"E:\0github\Light-skills\.opencode\skills\light-research-plan\templates\target-chain.example.json","target-chain.example.json",".json",1048,"2026-09-18 20:46","amp"
"E:\0github\Light-skills\.opencode\skills\light-result-analysis\examples\analysis_audit.example.json","analysis_audit.example.json",".json",1146,"2026-09-18 20:46","amp"
"E:\0github\Light-skills\.opencode\skills\light-result-analysis\examples\method_compatibility.example.json","method_compatibility.example.json",".json",547,"2026-09-18 20:46","amp|method"
"E:\0github\Light-skills\.opencode\skills\light-result-analysis\examples\stat_spec.example.json","stat_spec.example.json",".json",2015,"2026-09-18 20:46","amp"
"E:\0github\Light-skills\.opencode\skills\light-result-analysis\examples\worked_example.py","worked_example.py",".py",7032,"2026-09-18 20:46","amp"
"E:\0github\Light-skills\.opencode\skills\light-result-analysis\scripts\method_compatibility.py","method_compatibility.py",".py",8677,"2026-09-18 20:46","method"
"E:\0github\Light-skills\.opencode\skills\light-result-analysis\templates\result-card.example.json","result-card.example.json",".json",2066,"2026-09-18 20:46","amp"
"E:\0github\Light-skills\.opencode\skills\light-review-rebuttal\templates\experiment_request.example.json","experiment_request.example.json",".json",604,"2026-09-18 20:46","amp"
"E:\0github\Light-skills\.opencode\skills\light-review-rebuttal\templates\review-response-contract.example.json","review-response-contract.example.json",".json",5901,"2026-09-18 20:46","amp"
"E:\0github\Light-skills\.opencode\skills\light-software-copyright\templates\software-copyright-materials.example.json","software-copyright-materials.example.json",".json",3859,"2026-09-18 20:46","amp"
"E:\0github\Light-skills\.opencode\skills\light-system-design\templates\design-readiness.example.json","design-readiness.example.json",".json",3363,"2026-09-18 20:46","amp"
"E:\0github\Light-skills\.opencode\skills\light-typesetting\templates\submission-readiness.example.json","submission-readiness.example.json",".json",2003,"2026-09-18 20:46","amp"
"E:\0github\Light-skills\.opencode\skills\light-venue-matching\templates\query-privacy.example.json","query-privacy.example.json",".json",633,"2026-09-18 20:46","amp"
"E:\0github\Light-skills\.opencode\skills\light-venue-matching\templates\venue-evidence.example.json","venue-evidence.example.json",".json",1590,"2026-09-18 20:46","amp"
"E:\0github\Light-skills\deliverable\ML_Umami_Peptide_Screening_Thesis.docx","ML_Umami_Peptide_Screening_Thesis.docx",".docx",41143,"2026-09-18 20:53","peptide"
"E:\0github\Light-skills\examples\e2e-research-demo\README.md","README.md",".md",2760,"2026-09-18 20:46","amp"
"E:\0github\Light-skills\examples\e2e-research-demo\artifacts\light_e2e_case.md","light_e2e_case.md",".md",3282,"2026-09-18 20:46","amp"
"E:\0github\Light-skills\examples\e2e-research-demo\data\synthetic_experiment.csv","synthetic_experiment.csv",".csv",91965,"2026-09-18 20:46","amp"
"E:\0github\Light-skills\examples\e2e-research-demo\scripts\compose_figure_gallery.py","compose_figure_gallery.py",".py",1921,"2026-09-18 20:46","amp"
"E:\0github\Light-skills\examples\e2e-research-demo\scripts\generate_synthetic_data.py","generate_synthetic_data.py",".py",2849,"2026-09-18 20:46","amp"
"E:\0github\Light-skills\examples\e2e-research-demo\scripts\python_gallery_panels.py","python_gallery_panels.py",".py",7075,"2026-09-18 20:46","amp"
"E:\0github\Light-skills\examples\e2e-research-demo\scripts\run_demo.py","run_demo.py",".py",1834,"2026-09-18 20:46","amp"
"E:\0github\Light-skills\skills\git-sync\templates\success_criteria.example.json","success_criteria.example.json",".json",295,"2026-09-18 20:46","amp"
"E:\0github\Light-skills\skills\light-citation\templates\citation-four-gate.example.json","citation-four-gate.example.json",".json",939,"2026-09-18 20:46","amp"
"E:\0github\Light-skills\skills\light-consistency\assets\consistency-registry.example.json","consistency-registry.example.json",".json",5045,"2026-09-18 20:46","amp"
"E:\0github\Light-skills\skills\light-consistency\assets\method_lock.yaml","method_lock.yaml",".yaml",2456,"2026-09-18 20:46","method"
"E:\0github\Light-skills\skills\light-consistency\examples\fact-bindings.example.json","fact-bindings.example.json",".json",766,"2026-09-18 20:46","amp"
"E:\0github\Light-skills\skills\light-consistency\examples\materials_paper.txt","materials_paper.txt",".txt",299,"2026-09-18 20:46","amp"
"E:\0github\Light-skills\skills\light-consistency\examples\materials_ppt.txt","materials_ppt.txt",".txt",297,"2026-09-18 20:46","amp"
"E:\0github\Light-skills\skills\light-data-engineering\examples\derive_spec.example.json","derive_spec.example.json",".json",927,"2026-09-18 20:46","amp"
"E:\0github\Light-skills\skills\light-data-engineering\examples\rules.example.yaml","rules.example.yaml",".yaml",1008,"2026-09-18 20:46","amp"
"E:\0github\Light-skills\skills\light-data-engineering\examples\worked_example.md","worked_example.md",".md",7729,"2026-09-18 20:46","amp"
"E:\0github\Light-skills\skills\light-data-engineering\scripts\sample_size_check.py","sample_size_check.py",".py",9461,"2026-09-18 20:46","amp"
"E:\0github\Light-skills\skills\light-data-engineering\templates\data-identity-fitness.example.json","data-identity-fitness.example.json",".json",2008,"2026-09-18 20:46","amp"
"E:\0github\Light-skills\skills\light-experiment-coding\assets\project-scaffold\configs\experiment.example.json","experiment.example.json",".json",797,"2026-09-18 20:46","amp"
"E:\0github\Light-skills\skills\light-experiment-coding\assets\project-scaffold\src\example\experiment_contracts.py","experiment_contracts.py",".py",2801,"2026-09-18 20:46","amp"
"E:\0github\Light-skills\skills\light-experiment-coding\assets\project-scaffold\src\example\reproducibility.py","reproducibility.py",".py",6263,"2026-09-18 20:46","amp"
"E:\0github\Light-skills\skills\light-experiment-coding\assets\project-scaffold\src\example\stats.py","stats.py",".py",669,"2026-09-18 20:46","amp"
"E:\0github\Light-skills\skills\light-experiment-coding\assets\project-scaffold\src\example\__init__.py","__init__.py",".py",88,"2026-09-18 20:46","amp"
"E:\0github\Light-skills\skills\light-experiment-coding\examples\repro_spec.example.json","repro_spec.example.json",".json",1859,"2026-09-18 20:46","amp"
"E:\0github\Light-skills\skills\light-experiment-coding\references\code_examples.md","code_examples.md",".md",3208,"2026-09-18 20:46","amp"
"E:\0github\Light-skills\skills\light-experiment-coding\templates\experiment-execution-contract.example.json","experiment-execution-contract.example.json",".json",2386,"2026-09-18 20:46","amp"
"E:\0github\Light-skills\skills\light-figure\examples\bad_figure_example.py","bad_figure_example.py",".py",1762,"2026-09-18 20:46","amp"
"E:\0github\Light-skills\skills\light-figure\examples\example_framework_render.py","example_framework_render.py",".py",3758,"2026-09-18 20:46","amp"
"E:\0github\Light-skills\skills\light-figure\examples\example_matplotlib_multipanel.py","example_matplotlib_multipanel.py",".py",4888,"2026-09-18 20:46","amp"
"E:\0github\Light-skills\skills\light-figure\examples\example_seaborn_stats.py","example_seaborn_stats.py",".py",3625,"2026-09-18 20:46","amp"
"E:\0github\Light-skills\skills\light-figure\examples\worked_example.md","worked_example.md",".md",7104,"2026-09-18 20:46","amp"
"E:\0github\Light-skills\skills\light-figure\templates\figure-delivery.example.json","figure-delivery.example.json",".json",3121,"2026-09-18 20:46","amp"
"E:\0github\Light-skills\skills\light-file-reading\assets\extraction-benchmark.example.json","extraction-benchmark.example.json",".json",824,"2026-09-18 20:46","amp"
"E:\0github\Light-skills\skills\light-file-reading\assets\reading-contract.example.json","reading-contract.example.json",".json",5397,"2026-09-18 20:46","amp"
"E:\0github\Light-skills\skills\light-frontend-design\templates\frontend-delivery.example.json","frontend-delivery.example.json",".json",1447,"2026-09-18 20:46","amp"
"E:\0github\Light-skills\skills\light-idea-critique\examples\worked_example_dermoscopy.md","worked_example_dermoscopy.md",".md",6846,"2026-09-18 20:46","amp"
"E:\0github\Light-skills\skills\light-idea-critique\templates\novelty-evidence.example.json","novelty-evidence.example.json",".json",1114,"2026-09-18 20:46","amp"
"E:\0github\Light-skills\skills\light-idea-generation\examples\candidates.example.json","candidates.example.json",".json",1602,"2026-09-18 20:46","amp"
"E:\0github\Light-skills\skills\light-idea-generation\examples\idea_candidates.example.md","idea_candidates.example.md",".md",8655,"2026-09-18 20:46","amp"
"E:\0github\Light-skills\skills\light-idea-generation\templates\idea-gap-evidence.example.json","idea-gap-evidence.example.json",".json",647,"2026-09-18 20:46","amp"
"E:\0github\Light-skills\skills\light-idea-generation\templates\idea-genealogy.example.json","idea-genealogy.example.json",".json",2333,"2026-09-18 20:46","amp"
"E:\0github\Light-skills\skills\light-idea-generation\templates\innovation-engine.example.json","innovation-engine.example.json",".json",2223,"2026-09-18 20:46","amp"
"E:\0github\Light-skills\skills\light-literature-search\assets\method_card.md","method_card.md",".md",1599,"2026-09-18 20:46","method"
"E:\0github\Light-skills\skills\light-literature-search\examples\goat_littable.md","goat_littable.md",".md",2990,"2026-09-18 20:46","amp"
"E:\0github\Light-skills\skills\light-literature-search\examples\goat_search.json","goat_search.json",".json",21654,"2026-09-18 20:46","amp"
"E:\0github\Light-skills\skills\light-literature-search\examples\worked_example_dairy_goat.md","worked_example_dairy_goat.md",".md",3362,"2026-09-18 20:46","amp"
"E:\0github\Light-skills\skills\light-literature-search\templates\search-protocol.example.json","search-protocol.example.json",".json",2949,"2026-09-18 20:46","amp"
"E:\0github\Light-skills\skills\light-memory-pm\assets\memory-governance.example.json","memory-governance.example.json",".json",3407,"2026-09-18 20:46","amp"
"E:\0github\Light-skills\skills\light-orchestrator\templates\task-profile.example.json","task-profile.example.json",".json",443,"2026-09-18 20:46","amp"
"E:\0github\Light-skills\skills\light-orchestrator\templates\workflow-ledger.example.json","workflow-ledger.example.json",".json",2156,"2026-09-18 20:46","amp"
"E:\0github\Light-skills\skills\light-paper-writing\examples\claim_evidence_walkthrough.md","claim_evidence_walkthrough.md",".md",3473,"2026-09-18 20:46","amp"
"E:\0github\Light-skills\skills\light-paper-writing\templates\argument-outline.example.json","argument-outline.example.json",".json",1344,"2026-09-18 20:46","amp"
"E:\0github\Light-skills\skills\light-patent-disclosure\templates\patent-disclosure-packet.example.json","patent-disclosure-packet.example.json",".json",4300,"2026-09-18 20:46","amp"
"E:\0github\Light-skills\skills\light-project-structure\templates\project-structure-governance.example.json","project-structure-governance.example.json",".json",2509,"2026-09-18 20:46","amp"
"E:\0github\Light-skills\skills\light-research-ethics\assets\authority-packet.example.json","authority-packet.example.json",".json",1165,"2026-09-18 20:46","amp"
"E:\0github\Light-skills\skills\light-research-ethics\assets\consent-scope-packet.example.json","consent-scope-packet.example.json",".json",1799,"2026-09-18 20:46","amp"
"E:\0github\Light-skills\skills\light-research-ethics\assets\ethics-evidence-packet.example.json","ethics-evidence-packet.example.json",".json",3714,"2026-09-18 20:46","amp"
"E:\0github\Light-skills\skills\light-research-plan\examples\plan_spec.example.json","plan_spec.example.json",".json",2739,"2026-09-18 20:46","amp"
"E:\0github\Light-skills\skills\light-research-plan\templates\failure-tree.example.json","failure-tree.example.json",".json",2014,"2026-09-18 20:46","amp"
"E:\0github\Light-skills\skills\light-research-plan\templates\plan_package.manifest.example.json","plan_package.manifest.example.json",".json",1095,"2026-09-18 20:46","amp"
"E:\0github\Light-skills\skills\light-research-plan\templates\target-chain.example.json","target-chain.example.json",".json",1048,"2026-09-18 20:46","amp"
"E:\0github\Light-skills\skills\light-result-analysis\examples\analysis_audit.example.json","analysis_audit.example.json",".json",1146,"2026-09-18 20:46","amp"
"E:\0github\Light-skills\skills\light-result-analysis\examples\method_compatibility.example.json","method_compatibility.example.json",".json",547,"2026-09-18 20:46","amp|method"
"E:\0github\Light-skills\skills\light-result-analysis\examples\stat_spec.example.json","stat_spec.example.json",".json",2015,"2026-09-18 20:46","amp"
"E:\0github\Light-skills\skills\light-result-analysis\examples\worked_example.py","worked_example.py",".py",7032,"2026-09-18 20:46","amp"
"E:\0github\Light-skills\skills\light-result-analysis\scripts\method_compatibility.py","method_compatibility.py",".py",8677,"2026-09-18 20:46","method"
"E:\0github\Light-skills\skills\light-result-analysis\templates\result-card.example.json","result-card.example.json",".json",2066,"2026-09-18 20:46","amp"
"E:\0github\Light-skills\skills\light-review-rebuttal\templates\experiment_request.example.json","experiment_request.example.json",".json",604,"2026-09-18 20:46","amp"
"E:\0github\Light-skills\skills\light-review-rebuttal\templates\review-response-contract.example.json","review-response-contract.example.json",".json",5901,"2026-09-18 20:46","amp"
"E:\0github\Light-skills\skills\light-software-copyright\templates\software-copyright-materials.example.json","software-copyright-materials.example.json",".json",3859,"2026-09-18 20:46","amp"
"E:\0github\Light-skills\skills\light-system-design\templates\design-readiness.example.json","design-readiness.example.json",".json",3363,"2026-09-18 20:46","amp"
"E:\0github\Light-skills\skills\light-typesetting\templates\submission-readiness.example.json","submission-readiness.example.json",".json",2003,"2026-09-18 20:46","amp"
"E:\0github\Light-skills\skills\light-venue-matching\templates\query-privacy.example.json","query-privacy.example.json",".json",633,"2026-09-18 20:46","amp"
"E:\0github\Light-skills\skills\light-venue-matching\templates\venue-evidence.example.json","venue-evidence.example.json",".json",1590,"2026-09-18 20:46","amp"
"E:\0github\new-01a0ae7a\skills\git-sync\templates\success_criteria.example.json","success_criteria.example.json",".json",295,"2026-09-17 16:42","amp"
"E:\0github\new-01a0aeb9\skills\git-sync\templates\success_criteria.example.json","success_criteria.example.json",".json",295,"2026-09-19 18:59","amp"
"E:\0github\new-sync\skills\git-sync\templates\success_criteria.example.json","success_criteria.example.json",".json",295,"2026-09-24 09:43","amp"
"E:\0github\new-sync\ssh-remote-lite\.vscode-test\vscode-win32-x64-archive-1.85.2\resources\app\extensions\docker\language-configuration.json","language-configuration.json",".json",221,"2026-09-24 16:35","dock"
"E:\0github\new-sync\ssh-remote-lite\.vscode-test\vscode-win32-x64-archive-1.85.2\resources\app\extensions\docker\package.json","package.json",".json",918,"2026-09-24 16:35","dock"
"E:\0github\new-sync\ssh-remote-lite\.vscode-test\vscode-win32-x64-archive-1.85.2\resources\app\extensions\docker\package.nls.json","package.nls.json",".json",123,"2026-09-24 16:35","dock"
"E:\0github\new-sync\ssh-remote-lite\.vscode-test\vscode-win32-x64-archive-1.85.2\resources\app\extensions\docker\syntaxes\docker.tmLanguage.json","docker.tmLanguage.json",".json",1972,"2026-09-24 16:35","dock"
"E:\0github\new-sync\ssh-remote-lite\.vscode-test\vscode-win32-x64-archive-1.85.2\resources\app\extensions\python\syntaxes\MagicPython.tmLanguage.json","MagicPython.tmLanguage.json",".json",78248,"2026-09-24 16:35","mag"
"E:\0github\new-sync\ssh-remote-lite\.vscode-test\vscode-win32-x64-archive-1.85.2\resources\app\extensions\python\syntaxes\MagicRegExp.tmLanguage.json","MagicRegExp.tmLanguage.json",".json",8371,"2026-09-24 16:35","mag"
"E:\0github\ppt-master\.venv\Lib\site-packages\numpy\random\_examples\cffi\extending.py","extending.py",".py",928,"2026-09-19 19:13","amp"
"E:\0github\ppt-master\.venv\Lib\site-packages\numpy\random\_examples\cffi\parse.py","parse.py",".py",1803,"2026-09-19 19:13","amp"
"E:\0github\ppt-master\.venv\Lib\site-packages\numpy\random\_examples\numba\extending.py","extending.py",".py",2045,"2026-09-19 19:13","amp"
"E:\0github\ppt-master\.venv\Lib\site-packages\numpy\random\_examples\numba\extending_distributions.py","extending_distributions.py",".py",2103,"2026-09-19 19:13","amp"
"E:\0github\ppt-master\.venv\Lib\site-packages\numpy\_core\_methods.py","_methods.py",".py",9645,"2026-09-19 19:13","method"
"E:\0github\ppt-master\.venv\Lib\site-packages\numpy\_core\tests\test_arraymethod.py","test_arraymethod.py",".py",3307,"2026-09-19 19:13","method"
"E:\0github\ppt-master\.venv\Lib\site-packages\numpy\_core\tests\test_scalar_methods.py","test_scalar_methods.py",".py",12839,"2026-09-19 19:13","method"
"E:\0github\ppt-master\.venv\Lib\site-packages\numpy\_core\tests\examples\cython\setup.py","setup.py",".py",898,"2026-09-19 19:13","amp"
"E:\0github\ppt-master\.venv\Lib\site-packages\numpy\_core\tests\examples\limited_api\setup.py","setup.py",".py",461,"2026-09-19 19:13","amp"
"E:\0github\ppt-master\.venv\Lib\site-packages\PIL\AvifImagePlugin.py","AvifImagePlugin.py",".py",9596,"2026-09-19 19:13","mag"
"E:\0github\ppt-master\.venv\Lib\site-packages\PIL\BlpImagePlugin.py","BlpImagePlugin.py",".py",17048,"2026-09-19 19:13","mag"
"E:\0github\ppt-master\.venv\Lib\site-packages\PIL\BmpImagePlugin.py","BmpImagePlugin.py",".py",20377,"2026-09-19 19:13","mag"
"E:\0github\ppt-master\.venv\Lib\site-packages\PIL\BufrStubImagePlugin.py","BufrStubImagePlugin.py",".py",1757,"2026-09-19 19:13","mag"
"E:\0github\ppt-master\.venv\Lib\site-packages\PIL\CurImagePlugin.py","CurImagePlugin.py",".py",2814,"2026-09-19 19:13","mag"
"E:\0github\ppt-master\.venv\Lib\site-packages\PIL\DcxImagePlugin.py","DcxImagePlugin.py",".py",2264,"2026-09-19 19:13","mag"
"E:\0github\ppt-master\.venv\Lib\site-packages\PIL\DdsImagePlugin.py","DdsImagePlugin.py",".py",19733,"2026-09-19 19:13","mag"
"E:\0github\ppt-master\.venv\Lib\site-packages\PIL\EpsImagePlugin.py","EpsImagePlugin.py",".py",17253,"2026-09-19 19:13","mag"
"E:\0github\ppt-master\.venv\Lib\site-packages\PIL\FitsImagePlugin.py","FitsImagePlugin.py",".py",4875,"2026-09-19 19:13","mag"
"E:\0github\ppt-master\.venv\Lib\site-packages\PIL\FliImagePlugin.py","FliImagePlugin.py",".py",5113,"2026-09-19 19:13","mag"
"E:\0github\ppt-master\.venv\Lib\site-packages\PIL\FpxImagePlugin.py","FpxImagePlugin.py",".py",7724,"2026-09-19 19:13","mag"
"E:\0github\ppt-master\.venv\Lib\site-packages\PIL\FtexImagePlugin.py","FtexImagePlugin.py",".py",3685,"2026-09-19 19:13","mag"
"E:\0github\ppt-master\.venv\Lib\site-packages\PIL\GbrImagePlugin.py","GbrImagePlugin.py",".py",3156,"2026-09-19 19:13","mag"
"E:\0github\ppt-master\.venv\Lib\site-packages\PIL\GdImageFile.py","GdImageFile.py",".py",2951,"2026-09-19 19:13","mag"
"E:\0github\ppt-master\.venv\Lib\site-packages\PIL\GifImagePlugin.py","GifImagePlugin.py",".py",43596,"2026-09-19 19:13","mag"
"E:\0github\ppt-master\.venv\Lib\site-packages\PIL\GribStubImagePlugin.py","GribStubImagePlugin.py",".py",1786,"2026-09-19 19:13","mag"
"E:\0github\ppt-master\.venv\Lib\site-packages\PIL\Hdf5StubImagePlugin.py","Hdf5StubImagePlugin.py",".py",1768,"2026-09-19 19:13","mag"
"E:\0github\ppt-master\.venv\Lib\site-packages\PIL\IcnsImagePlugin.py","IcnsImagePlugin.py",".py",12798,"2026-09-19 19:13","mag"
"E:\0github\ppt-master\.venv\Lib\site-packages\PIL\IcoImagePlugin.py","IcoImagePlugin.py",".py",13499,"2026-09-19 19:13","mag"
"E:\0github\ppt-master\.venv\Lib\site-packages\PIL\Image.py","Image.py",".py",158171,"2026-09-19 19:13","mag"
"E:\0github\ppt-master\.venv\Lib\site-packages\PIL\ImageChops.py","ImageChops.py",".py",8257,"2026-09-19 19:13","mag"
"E:\0github\ppt-master\.venv\Lib\site-packages\PIL\ImageCms.py","ImageCms.py",".py",41773,"2026-09-19 19:13","mag"
"E:\0github\ppt-master\.venv\Lib\site-packages\PIL\ImageColor.py","ImageColor.py",".py",9761,"2026-09-19 19:13","mag"
"E:\0github\ppt-master\.venv\Lib\site-packages\PIL\ImageDraw.py","ImageDraw.py",".py",36421,"2026-09-19 19:13","mag"
"E:\0github\ppt-master\.venv\Lib\site-packages\PIL\ImageDraw2.py","ImageDraw2.py",".py",7470,"2026-09-19 19:13","mag"
"E:\0github\ppt-master\.venv\Lib\site-packages\PIL\ImageEnhance.py","ImageEnhance.py",".py",3740,"2026-09-19 19:13","mag"
"E:\0github\ppt-master\.venv\Lib\site-packages\PIL\ImageFile.py","ImageFile.py",".py",30828,"2026-09-19 19:13","mag"
"E:\0github\ppt-master\.venv\Lib\site-packages\PIL\ImageFilter.py","ImageFilter.py",".py",19714,"2026-09-19 19:13","mag"
"E:\0github\ppt-master\.venv\Lib\site-packages\PIL\ImageFont.py","ImageFont.py",".py",65080,"2026-09-19 19:13","mag"
"E:\0github\ppt-master\.venv\Lib\site-packages\PIL\ImageGrab.py","ImageGrab.py",".py",8475,"2026-09-19 19:13","mag"
"E:\0github\ppt-master\.venv\Lib\site-packages\PIL\ImageMath.py","ImageMath.py",".py",10659,"2026-09-19 19:13","mag"
"E:\0github\ppt-master\.venv\Lib\site-packages\PIL\ImageMode.py","ImageMode.py",".py",2480,"2026-09-19 19:13","mag"
"E:\0github\ppt-master\.venv\Lib\site-packages\PIL\ImageMorph.py","ImageMorph.py",".py",10673,"2026-09-19 19:13","mag"
"E:\0github\ppt-master\.venv\Lib\site-packages\PIL\ImageOps.py","ImageOps.py",".py",26446,"2026-09-19 19:13","mag"
"E:\0github\ppt-master\.venv\Lib\site-packages\PIL\ImagePalette.py","ImagePalette.py",".py",9498,"2026-09-19 19:13","mag"
"E:\0github\ppt-master\.venv\Lib\site-packages\PIL\ImagePath.py","ImagePath.py",".py",391,"2026-09-19 19:13","mag"
"E:\0github\ppt-master\.venv\Lib\site-packages\PIL\ImageQt.py","ImageQt.py",".py",6903,"2026-09-19 19:13","mag"
"E:\0github\ppt-master\.venv\Lib\site-packages\PIL\ImageSequence.py","ImageSequence.py",".py",2341,"2026-09-19 19:13","mag"
"E:\0github\ppt-master\.venv\Lib\site-packages\PIL\ImageShow.py","ImageShow.py",".py",10684,"2026-09-19 19:13","mag"
"E:\0github\ppt-master\.venv\Lib\site-packages\PIL\ImageStat.py","ImageStat.py",".py",5662,"2026-09-19 19:13","mag"
"E:\0github\ppt-master\.venv\Lib\site-packages\PIL\ImageText.py","ImageText.py",".py",19087,"2026-09-19 19:13","mag"
"E:\0github\ppt-master\.venv\Lib\site-packages\PIL\ImageTk.py","ImageTk.py",".py",8398,"2026-09-19 19:13","mag"
"E:\0github\ppt-master\.venv\Lib\site-packages\PIL\ImageTransform.py","ImageTransform.py",".py",4052,"2026-09-19 19:13","mag"
"E:\0github\ppt-master\.venv\Lib\site-packages\PIL\ImageWin.py","ImageWin.py",".py",8345,"2026-09-19 19:13","mag"
"E:\0github\ppt-master\.venv\Lib\site-packages\PIL\ImImagePlugin.py","ImImagePlugin.py",".py",11992,"2026-09-19 19:13","mag"
"E:\0github\ppt-master\.venv\Lib\site-packages\PIL\ImtImagePlugin.py","ImtImagePlugin.py",".py",2768,"2026-09-19 19:13","mag"
"E:\0github\ppt-master\.venv\Lib\site-packages\PIL\IptcImagePlugin.py","IptcImagePlugin.py",".py",6663,"2026-09-19 19:13","mag"
"E:\0github\ppt-master\.venv\Lib\site-packages\PIL\Jpeg2KImagePlugin.py","Jpeg2KImagePlugin.py",".py",15088,"2026-09-19 19:13","mag"
"E:\0github\ppt-master\.venv\Lib\site-packages\PIL\JpegImagePlugin.py","JpegImagePlugin.py",".py",32223,"2026-09-19 19:13","mag"
"E:\0github\ppt-master\.venv\Lib\site-packages\PIL\McIdasImagePlugin.py","McIdasImagePlugin.py",".py",1955,"2026-09-19 19:13","mag"
"E:\0github\ppt-master\.venv\Lib\site-packages\PIL\MicImagePlugin.py","MicImagePlugin.py",".py",2702,"2026-09-19 19:13","mag"
"E:\0github\ppt-master\.venv\Lib\site-packages\PIL\MpegImagePlugin.py","MpegImagePlugin.py",".py",2094,"2026-09-19 19:13","mag"
"E:\0github\ppt-master\.venv\Lib\site-packages\PIL\MpoImagePlugin.py","MpoImagePlugin.py",".py",6987,"2026-09-19 19:13","mag"
"E:\0github\ppt-master\.venv\Lib\site-packages\PIL\MspImagePlugin.py","MspImagePlugin.py",".py",6072,"2026-09-19 19:13","mag"
"E:\0github\ppt-master\.venv\Lib\site-packages\PIL\PalmImagePlugin.py","PalmImagePlugin.py",".py",8965,"2026-09-19 19:13","mag"
"E:\0github\ppt-master\.venv\Lib\site-packages\PIL\PcdImagePlugin.py","PcdImagePlugin.py",".py",1842,"2026-09-19 19:13","mag"
"E:\0github\ppt-master\.venv\Lib\site-packages\PIL\PcxImagePlugin.py","PcxImagePlugin.py",".py",6596,"2026-09-19 19:13","mag"
"E:\0github\ppt-master\.venv\Lib\site-packages\PIL\PdfImagePlugin.py","PdfImagePlugin.py",".py",9720,"2026-09-19 19:13","mag"
"E:\0github\ppt-master\.venv\Lib\site-packages\PIL\PixarImagePlugin.py","PixarImagePlugin.py",".py",1830,"2026-09-19 19:13","mag"
"E:\0github\ppt-master\.venv\Lib\site-packages\PIL\PngImagePlugin.py","PngImagePlugin.py",".py",53977,"2026-09-19 19:13","mag"
"E:\0github\ppt-master\.venv\Lib\site-packages\PIL\PpmImagePlugin.py","PpmImagePlugin.py",".py",12719,"2026-09-19 19:13","mag"
"E:\0github\ppt-master\.venv\Lib\site-packages\PIL\PsdImagePlugin.py","PsdImagePlugin.py",".py",9249,"2026-09-19 19:13","mag"
"E:\0github\ppt-master\.venv\Lib\site-packages\PIL\QoiImagePlugin.py","QoiImagePlugin.py",".py",8831,"2026-09-19 19:13","mag"
"E:\0github\ppt-master\.venv\Lib\site-packages\PIL\SgiImagePlugin.py","SgiImagePlugin.py",".py",6602,"2026-09-19 19:13","mag"
"E:\0github\ppt-master\.venv\Lib\site-packages\PIL\SpiderImagePlugin.py","SpiderImagePlugin.py",".py",10626,"2026-09-19 19:13","mag"
"E:\0github\ppt-master\.venv\Lib\site-packages\PIL\SunImagePlugin.py","SunImagePlugin.py",".py",4734,"2026-09-19 19:13","mag"
"E:\0github\ppt-master\.venv\Lib\site-packages\PIL\TgaImagePlugin.py","TgaImagePlugin.py",".py",8017,"2026-09-19 19:13","mag"
"E:\0github\ppt-master\.venv\Lib\site-packages\PIL\TiffImagePlugin.py","TiffImagePlugin.py",".py",88301,"2026-09-19 19:13","mag"
"E:\0github\ppt-master\.venv\Lib\site-packages\PIL\WalImageFile.py","WalImageFile.py",".py",5891,"2026-09-19 19:13","mag"
"E:\0github\ppt-master\.venv\Lib\site-packages\PIL\WebPImagePlugin.py","WebPImagePlugin.py",".py",10289,"2026-09-19 19:13","mag"
"E:\0github\ppt-master\.venv\Lib\site-packages\PIL\WmfImagePlugin.py","WmfImagePlugin.py",".py",5390,"2026-09-19 19:13","mag"
"E:\0github\ppt-master\.venv\Lib\site-packages\PIL\XbmImagePlugin.py","XbmImagePlugin.py",".py",2767,"2026-09-19 19:13","mag"
"E:\0github\ppt-master\.venv\Lib\site-packages\PIL\XpmImagePlugin.py","XpmImagePlugin.py",".py",4539,"2026-09-19 19:13","mag"
"E:\0github\ppt-master\.venv\Lib\site-packages\PIL\XVThumbImagePlugin.py","XVThumbImagePlugin.py",".py",2209,"2026-09-19 19:13","mag"
"E:\0github\ppt-master\.venv\Lib\site-packages\pptx\parts\image.py","image.py",".py",9617,"2026-09-19 19:13","mag"
"E:\0github\ppt-master\.venv\Lib\site-packages\xlsxwriter\image.py","image.py",".py",13610,"2026-09-19 19:13","mag"
"E:\0github\ppt-master\skills\ppt-master\references\executor-image.md","executor-image.md",".md",7296,"2026-09-19 19:12","mag"
"E:\0github\ppt-master\skills\ppt-master\references\executor-web-image.md","executor-web-image.md",".md",1825,"2026-09-19 19:12","mag"
"E:\0github\ppt-master\skills\ppt-master\references\image-base.md","image-base.md",".md",8764,"2026-09-19 19:12","mag"
"E:\0github\ppt-master\skills\ppt-master\references\image-generator.md","image-generator.md",".md",45864,"2026-09-19 19:12","mag"
"E:\0github\ppt-master\skills\ppt-master\references\image-layout-patterns.md","image-layout-patterns.md",".md",27074,"2026-09-19 19:12","mag"
"E:\0github\ppt-master\skills\ppt-master\references\image-layout-spec.md","image-layout-spec.md",".md",9530,"2026-09-19 19:12","mag"
"E:\0github\ppt-master\skills\ppt-master\references\image-searcher.md","image-searcher.md",".md",14460,"2026-09-19 19:12","mag"
"E:\0github\ppt-master\skills\ppt-master\references\strategist-image.md","strategist-image.md",".md",11722,"2026-09-19 19:12","mag"
"E:\0github\ppt-master\skills\ppt-master\references\svg-image-embedding.md","svg-image-embedding.md",".md",6538,"2026-09-19 19:12","mag"
"E:\0github\ppt-master\skills\ppt-master\references\ai-image-comparison\README.md","README.md",".md",4437,"2026-09-19 19:12","mag"
"E:\0github\ppt-master\skills\ppt-master\references\ai-image-comparison\palette\_manifest.json","_manifest.json",".json",16738,"2026-09-19 19:12","mag"
"E:\0github\ppt-master\skills\ppt-master\references\ai-image-comparison\palette\_manifest.md","_manifest.md",".md",16409,"2026-09-19 19:12","mag"
"E:\0github\ppt-master\skills\ppt-master\references\ai-image-comparison\palette\_subject.md","_subject.md",".md",3137,"2026-09-19 19:12","mag"
"E:\0github\ppt-master\skills\ppt-master\references\ai-image-comparison\rendering\_manifest.json","_manifest.json",".json",24327,"2026-09-19 19:12","mag"
"E:\0github\ppt-master\skills\ppt-master\references\ai-image-comparison\rendering\_manifest.md","_manifest.md",".md",24175,"2026-09-19 19:12","mag"
"E:\0github\ppt-master\skills\ppt-master\references\ai-image-comparison\rendering\_subject.md","_subject.md",".md",1843,"2026-09-19 19:12","mag"
"E:\0github\ppt-master\skills\ppt-master\references\ai-image-comparison\type\_manifest.json","_manifest.json",".json",15467,"2026-09-19 19:12","mag"
"E:\0github\ppt-master\skills\ppt-master\references\ai-image-comparison\type\_manifest.md","_manifest.md",".md",15291,"2026-09-19 19:12","mag"
"E:\0github\ppt-master\skills\ppt-master\references\ai-image-comparison\type\_subject.md","_subject.md",".md",3185,"2026-09-19 19:12","mag"
"E:\0github\ppt-master\skills\ppt-master\references\image-palettes\cool-corporate.md","cool-corporate.md",".md",1723,"2026-09-19 19:12","mag"
"E:\0github\ppt-master\skills\ppt-master\references\image-palettes\dark-cinematic.md","dark-cinematic.md",".md",2045,"2026-09-19 19:12","mag"
"E:\0github\ppt-master\skills\ppt-master\references\image-palettes\duotone.md","duotone.md",".md",1522,"2026-09-19 19:12","mag"
"E:\0github\ppt-master\skills\ppt-master\references\image-palettes\earthy-dusty.md","earthy-dusty.md",".md",1923,"2026-09-19 19:12","mag"
"E:\0github\ppt-master\skills\ppt-master\references\image-palettes\editorial-classic.md","editorial-classic.md",".md",1495,"2026-09-19 19:12","mag"
"E:\0github\ppt-master\skills\ppt-master\references\image-palettes\frost-ice.md","frost-ice.md",".md",1699,"2026-09-19 19:12","mag"
"E:\0github\ppt-master\skills\ppt-master\references\image-palettes\jewel-tone.md","jewel-tone.md",".md",1818,"2026-09-19 19:12","mag"
"E:\0github\ppt-master\skills\ppt-master\references\image-palettes\macaron.md","macaron.md",".md",1703,"2026-09-19 19:12","mag"
"E:\0github\ppt-master\skills\ppt-master\references\image-palettes\mono-ink.md","mono-ink.md",".md",2619,"2026-09-19 19:12","mag"
"E:\0github\ppt-master\skills\ppt-master\references\image-palettes\nature-organic.md","nature-organic.md",".md",1361,"2026-09-19 19:12","mag"
"E:\0github\ppt-master\skills\ppt-master\references\image-palettes\sunset-gradient.md","sunset-gradient.md",".md",2221,"2026-09-19 19:12","mag"
"E:\0github\ppt-master\skills\ppt-master\references\image-palettes\tech-neon.md","tech-neon.md",".md",1575,"2026-09-19 19:12","mag"
"E:\0github\ppt-master\skills\ppt-master\references\image-palettes\vivid-launch.md","vivid-launch.md",".md",1504,"2026-09-19 19:12","mag"
"E:\0github\ppt-master\skills\ppt-master\references\image-palettes\warm-earth.md","warm-earth.md",".md",1714,"2026-09-19 19:12","mag"
"E:\0github\ppt-master\skills\ppt-master\references\image-palettes\_index.md","_index.md",".md",2404,"2026-09-19 19:12","mag"
"E:\0github\ppt-master\skills\ppt-master\references\image-renderings\3d-isometric.md","3d-isometric.md",".md",2771,"2026-09-19 19:12","mag"
"E:\0github\ppt-master\skills\ppt-master\references\image-renderings\blueprint.md","blueprint.md",".md",2700,"2026-09-19 19:12","mag"
"E:\0github\ppt-master\skills\ppt-master\references\image-renderings\chalkboard.md","chalkboard.md",".md",2635,"2026-09-19 19:12","mag"
"E:\0github\ppt-master\skills\ppt-master\references\image-renderings\corporate-photo.md","corporate-photo.md",".md",3531,"2026-09-19 19:12","mag"
"E:\0github\ppt-master\skills\ppt-master\references\image-renderings\digital-dashboard.md","digital-dashboard.md",".md",2685,"2026-09-19 19:12","mag"
"E:\0github\ppt-master\skills\ppt-master\references\image-renderings\editorial.md","editorial.md",".md",2638,"2026-09-19 19:12","mag"
"E:\0github\ppt-master\skills\ppt-master\references\image-renderings\fantasy-animation.md","fantasy-animation.md",".md",2791,"2026-09-19 19:12","mag"
"E:\0github\ppt-master\skills\ppt-master\references\image-renderings\flat.md","flat.md",".md",2412,"2026-09-19 19:12","mag"
"E:\0github\ppt-master\skills\ppt-master\references\image-renderings\glassmorphism.md","glassmorphism.md",".md",3218,"2026-09-19 19:12","mag"
"E:\0github\ppt-master\skills\ppt-master\references\image-renderings\ink-notes.md","ink-notes.md",".md",3398,"2026-09-19 19:12","mag"
"E:\0github\ppt-master\skills\ppt-master\references\image-renderings\minimalist-swiss.md","minimalist-swiss.md",".md",2937,"2026-09-19 19:12","mag"
"E:\0github\ppt-master\skills\ppt-master\references\image-renderings\nature.md","nature.md",".md",2841,"2026-09-19 19:12","mag"
"E:\0github\ppt-master\skills\ppt-master\references\image-renderings\paper-cut.md","paper-cut.md",".md",2796,"2026-09-19 19:12","mag"
"E:\0github\ppt-master\skills\ppt-master\references\image-renderings\pixel-art.md","pixel-art.md",".md",2571,"2026-09-19 19:12","mag"
"E:\0github\ppt-master\skills\ppt-master\references\image-renderings\screen-print.md","screen-print.md",".md",2890,"2026-09-19 19:12","mag"
"E:\0github\ppt-master\skills\ppt-master\references\image-renderings\sketch-notes.md","sketch-notes.md",".md",3034,"2026-09-19 19:12","mag"
"E:\0github\ppt-master\skills\ppt-master\references\image-renderings\vector-illustration.md","vector-illustration.md",".md",2944,"2026-09-19 19:12","mag"
"E:\0github\ppt-master\skills\ppt-master\references\image-renderings\vintage-poster.md","vintage-poster.md",".md",3012,"2026-09-19 19:12","mag"
"E:\0github\ppt-master\skills\ppt-master\references\image-renderings\warm-scene.md","warm-scene.md",".md",3027,"2026-09-19 19:12","mag"
"E:\0github\ppt-master\skills\ppt-master\references\image-renderings\watercolor.md","watercolor.md",".md",2491,"2026-09-19 19:12","mag"
"E:\0github\ppt-master\skills\ppt-master\references\image-renderings\_index.md","_index.md",".md",8351,"2026-09-19 19:12","mag"
"E:\0github\ppt-master\skills\ppt-master\references\image-type-templates\comparison.md","comparison.md",".md",3589,"2026-09-19 19:12","mag"
"E:\0github\ppt-master\skills\ppt-master\references\image-type-templates\cycle.md","cycle.md",".md",3365,"2026-09-19 19:12","mag"
"E:\0github\ppt-master\skills\ppt-master\references\image-type-templates\flowchart.md","flowchart.md",".md",2986,"2026-09-19 19:12","mag"
"E:\0github\ppt-master\skills\ppt-master\references\image-type-templates\framework.md","framework.md",".md",4795,"2026-09-19 19:12","mag"
"E:\0github\ppt-master\skills\ppt-master\references\image-type-templates\funnel.md","funnel.md",".md",3837,"2026-09-19 19:12","mag"
"E:\0github\ppt-master\skills\ppt-master\references\image-type-templates\infographic.md","infographic.md",".md",3598,"2026-09-19 19:12","mag"
"E:\0github\ppt-master\skills\ppt-master\references\image-type-templates\map.md","map.md",".md",3966,"2026-09-19 19:12","mag"
"E:\0github\ppt-master\skills\ppt-master\references\image-type-templates\matrix.md","matrix.md",".md",3728,"2026-09-19 19:12","mag"
"E:\0github\ppt-master\skills\ppt-master\references\image-type-templates\pyramid.md","pyramid.md",".md",3521,"2026-09-19 19:12","mag"
"E:\0github\ppt-master\skills\ppt-master\references\image-type-templates\scene.md","scene.md",".md",3535,"2026-09-19 19:12","mag"
"E:\0github\ppt-master\skills\ppt-master\references\image-type-templates\timeline.md","timeline.md",".md",2901,"2026-09-19 19:12","mag"
"E:\0github\ppt-master\skills\ppt-master\references\image-type-templates\_index.md","_index.md",".md",6321,"2026-09-19 19:12","mag"
"E:\0github\ppt-master\skills\ppt-master\scripts\analyze_images.py","analyze_images.py",".py",17424,"2026-09-19 19:12","mag"
"E:\0github\ppt-master\skills\ppt-master\scripts\generate_examples_index.py","generate_examples_index.py",".py",9940,"2026-09-19 19:12","amp"
"E:\0github\ppt-master\skills\ppt-master\scripts\image_gen.py","image_gen.py",".py",55634,"2026-09-19 19:12","mag"
"E:\0github\ppt-master\skills\ppt-master\scripts\image_search.py","image_search.py",".py",106844,"2026-09-19 19:12","mag"
"E:\0github\ppt-master\skills\ppt-master\scripts\image_treat.py","image_treat.py",".py",22692,"2026-09-19 19:12","mag"
"E:\0github\ppt-master\skills\ppt-master\scripts\rotate_images.py","rotate_images.py",".py",30222,"2026-09-19 19:12","mag"
"E:\0github\ppt-master\skills\ppt-master\scripts\slice_images.py","slice_images.py",".py",41144,"2026-09-19 19:12","mag"
"E:\0github\ppt-master\skills\ppt-master\scripts\stamp_native_fallbacks.py","stamp_native_fallbacks.py",".py",12210,"2026-09-19 19:12","amp"
"E:\0github\ppt-master\skills\ppt-master\scripts\docs\advanced-image-motion-smoke.md","advanced-image-motion-smoke.md",".md",13037,"2026-09-19 19:12","mag"
"E:\0github\ppt-master\skills\ppt-master\scripts\docs\image.md","image.md",".md",27080,"2026-09-19 19:12","mag"
"E:\0github\ppt-master\skills\ppt-master\scripts\image_backends\backend_bfl.py","backend_bfl.py",".py",7072,"2026-09-19 19:12","mag"
"E:\0github\ppt-master\skills\ppt-master\scripts\image_backends\backend_common.py","backend_common.py",".py",16625,"2026-09-19 19:12","mag"
"E:\0github\ppt-master\skills\ppt-master\scripts\image_backends\backend_fal.py","backend_fal.py",".py",5979,"2026-09-19 19:12","mag"
"E:\0github\ppt-master\skills\ppt-master\scripts\image_backends\backend_gemini.py","backend_gemini.py",".py",13212,"2026-09-19 19:12","mag"
"E:\0github\ppt-master\skills\ppt-master\scripts\image_backends\backend_ideogram.py","backend_ideogram.py",".py",6085,"2026-09-19 19:12","mag"
"E:\0github\ppt-master\skills\ppt-master\scripts\image_backends\backend_minimax.py","backend_minimax.py",".py",8852,"2026-09-19 19:12","mag"
"E:\0github\ppt-master\skills\ppt-master\scripts\image_backends\backend_modelscope.py","backend_modelscope.py",".py",6603,"2026-09-19 19:12","mag"
"E:\0github\ppt-master\skills\ppt-master\scripts\image_backends\backend_openai.py","backend_openai.py",".py",28916,"2026-09-19 19:12","mag"
"E:\0github\ppt-master\skills\ppt-master\scripts\image_backends\backend_openrouter.py","backend_openrouter.py",".py",8423,"2026-09-19 19:12","mag"
"E:\0github\ppt-master\skills\ppt-master\scripts\image_backends\backend_qwen.py","backend_qwen.py",".py",7558,"2026-09-19 19:12","mag"
"E:\0github\ppt-master\skills\ppt-master\scripts\image_backends\backend_replicate.py","backend_replicate.py",".py",7326,"2026-09-19 19:12","mag"
"E:\0github\ppt-master\skills\ppt-master\scripts\image_backends\backend_siliconflow.py","backend_siliconflow.py",".py",6256,"2026-09-19 19:12","mag"
"E:\0github\ppt-master\skills\ppt-master\scripts\image_backends\backend_stability.py","backend_stability.py",".py",6010,"2026-09-19 19:12","mag"
"E:\0github\ppt-master\skills\ppt-master\scripts\image_backends\backend_tencent.py","backend_tencent.py",".py",9766,"2026-09-19 19:12","mag"
"E:\0github\ppt-master\skills\ppt-master\scripts\image_backends\backend_volcengine.py","backend_volcengine.py",".py",6930,"2026-09-19 19:12","mag"
"E:\0github\ppt-master\skills\ppt-master\scripts\image_backends\backend_zhipu.py","backend_zhipu.py",".py",6656,"2026-09-19 19:12","mag"
"E:\0github\ppt-master\skills\ppt-master\scripts\image_backends\__init__.py","__init__.py",".py",58,"2026-09-19 19:12","mag"
"E:\0github\ppt-master\skills\ppt-master\scripts\image_sources\provider_common.py","provider_common.py",".py",21856,"2026-09-19 19:12","mag"
"E:\0github\ppt-master\skills\ppt-master\scripts\image_sources\provider_openverse.py","provider_openverse.py",".py",5077,"2026-09-19 19:12","mag"
"E:\0github\ppt-master\skills\ppt-master\scripts\image_sources\provider_pexels.py","provider_pexels.py",".py",4366,"2026-09-19 19:12","mag"
"E:\0github\ppt-master\skills\ppt-master\scripts\image_sources\provider_pixabay.py","provider_pixabay.py",".py",4541,"2026-09-19 19:12","mag"
"E:\0github\ppt-master\skills\ppt-master\scripts\image_sources\provider_wikimedia.py","provider_wikimedia.py",".py",7009,"2026-09-19 19:12","mag"
"E:\0github\ppt-master\skills\ppt-master\scripts\image_sources\__init__.py","__init__.py",".py",332,"2026-09-19 19:12","mag"
"E:\0github\ppt-master\skills\ppt-master\scripts\svg_finalize\align_embed_images.py","align_embed_images.py",".py",24877,"2026-09-19 19:12","mag"
"E:\0github\ppt-master\skills\ppt-master\scripts\svg_finalize\crop_images.py","crop_images.py",".py",12678,"2026-09-19 19:12","mag"
"E:\0github\ppt-master\skills\ppt-master\scripts\svg_finalize\embed_images.py","embed_images.py",".py",11346,"2026-09-19 19:12","mag"
"E:\0github\ppt-master\skills\ppt-master\scripts\svg_finalize\fix_image_aspect.py","fix_image_aspect.py",".py",14297,"2026-09-19 19:12","mag"
"E:\0github\ppt-master\skills\ppt-master\scripts\tests\test_audit_r3_native_images.py","test_audit_r3_native_images.py",".py",27616,"2026-09-19 19:12","mag"
"E:\0github\ppt-master\skills\ppt-master\scripts\tests\test_image_backend_tencent.py","test_image_backend_tencent.py",".py",15829,"2026-09-19 19:12","mag"
"E:\0github\ppt-master\skills\ppt-master\scripts\tests\test_image_search.py","test_image_search.py",".py",8182,"2026-09-19 19:12","mag"
"E:\0github\ppt-master\skills\ppt-master\scripts\tests\test_rotate_images.py","test_rotate_images.py",".py",5386,"2026-09-19 19:12","mag"
"E:\0github\ppt-master\skills\ppt-master\scripts\tests\test_slice_images.py","test_slice_images.py",".py",17007,"2026-09-19 19:12","mag"
"E:\0github\ppt-master\skills\ppt-master\workflows\profiles\image-to-pptx.md","image-to-pptx.md",".md",15184,"2026-09-19 19:12","mag"
"E:\0github\ppt-master\skills\ppt-master\workflows\stages\web-image-review.md","web-image-review.md",".md",3564,"2026-09-19 19:12","mag"
